id,cliente_id,servicio_id,barbero_id,fecha_hora,precio,estado,metodo_pago,cliente,servicio,barbero
1,960,15,8,2024-10-05 11:00:00,14000.00,atendida,nequi,Alejandro Ruiz Montoya,Tinte completo,Tato Fade
2,373,1,30,2023-02-16 16:00:00,12000.00,atendida,transferencia,Juan Ríos Martínez,Corte de cabello Basico,Pipe Navajas
3,1679,8,8,2023-07-27 08:00:00,16000.00,cancelada,daviplata,Yeison Mendoza Delgado,Corte + lavado,Tato Fade
4,1815,5,24,2023-02-28 15:00:00,15000.00,atendida,tarjeta,Valentina Ríos Suárez,Corte de cabello Basico,El Negro Barber
5,303,22,20,2023-08-18 12:00:00,15000.00,atendida,tarjeta,Diego Morales Rojas,Hidratacion capilar,El Paisa Cuts
6,1008,26,31,2023-03-25 16:00:00,50000.00,cancelada,efectivo,Catalina Montoya Herrera,Masaje capilar,Cristian Fade
7,1930,12,2,2023-10-19 14:00:00,12000.00,atendida,nequi,Alejandro Martínez Espinoza,Corte moderno,Maicol Style
8,1450,30,29,2024-10-24 14:00:00,40000.00,atendida,daviplata,Deisy Ortiz Arias,Corte + lavado + barba,El Calvo Cuts
9,799,7,29,2024-09-24 11:00:00,13000.00,atendida,daviplata,Marcela Guerrero Rodríguez,Arreglo de barba,El Calvo Cuts
10,157,25,12,2024-06-12 08:00:00,80000.00,cancelada,daviplata,Santiago Pérez Ramírez,Corte + hidratacion,Duvan Fresh
11,1840,2,21,2024-11-13 08:00:00,15000.00,cancelada,tarjeta,Juan Delgado Medina,Corte de cabello Basico + barba,Wilmar Style
12,574,17,25,2023-10-22 09:00:00,20000.00,atendida,daviplata,Fernando Díaz Rodríguez,Barba + hidratacion,Lucho Precision
13,1101,29,27,2023-04-14 10:00:00,50000.00,atendida,transferencia,Marcela Correa Díaz,Coloracion fantasia,Tomas Clipper
14,1759,1,17,2024-02-13 09:00:00,12000.00,atendida,nequi,Melissa Ortiz Delgado,Corte de cabello Basico,Kevin El Maestro
15,1656,7,3,2024-09-13 08:00:00,13000.00,atendida,daviplata,Diana Bedoya Moreno,Arreglo de barba,Juancho El Indio
16,1113,6,23,2024-12-05 08:00:00,14000.00,atendida,efectivo,Esteban Flores Moreno,Corte de cabello Basico + barba,Santi Premium
17,575,11,5,2023-02-17 12:00:00,25000.00,cancelada,efectivo,Xiomara Ramos Montoya,Corte clasico,El Vikingo
18,169,8,29,2024-09-24 15:00:00,16000.00,atendida,tarjeta,Esteban Correa Medina,Corte + lavado,El Calvo Cuts
19,990,17,13,2024-11-15 10:00:00,20000.00,cancelada,transferencia,Diana Parra Bedoya,Barba + hidratacion,Camilo Pro
20,1497,7,8,2024-01-08 16:00:00,13000.00,atendida,tarjeta,Nathaly Londoño Ramos,Arreglo de barba,Tato Fade
21,1695,16,29,2023-04-13 11:00:00,8000.00,atendida,efectivo,Marcela Medina Flores,Barba completa,El Calvo Cuts
22,1218,14,23,2024-12-03 08:00:00,15000.00,atendida,tarjeta,Sergio Bedoya Delgado,Corte + tinte,Santi Premium
23,1291,10,17,2023-08-22 09:00:00,35000.00,atendida,efectivo,Natalia Mendoza Herrera,Corte navaja,Kevin El Maestro
24,624,26,12,2024-12-17 08:00:00,50000.00,atendida,efectivo,Andrea Díaz Ocampo,Masaje capilar,Duvan Fresh
25,1524,4,3,2024-08-31 14:00:00,18000.00,cancelada,nequi,Dayana Montoya Guerrero,Corte + lavado,Juancho El Indio
26,1089,16,14,2023-02-05 10:00:00,8000.00,cancelada,transferencia,Oscar Muñoz Medina,Barba completa,El Tigre Cuts
27,1664,6,31,2023-08-28 08:00:00,14000.00,atendida,efectivo,Nathaly Ramos Rojas,Corte de cabello Basico + barba,Cristian Fade
28,1034,2,6,2024-11-12 14:00:00,15000.00,atendida,efectivo,Sara Ríos Pérez,Corte de cabello Basico + barba,Chelo Cuts
29,1552,20,7,2024-10-18 10:00:00,22000.00,atendida,efectivo,Carolina Castro Ortiz,Depilacion de cejas,Pipe El Crack
30,1970,23,30,2024-01-27 08:00:00,30000.00,atendida,nequi,Cristian González Pérez,Keratina,Pipe Navajas
31,1398,27,7,2023-10-12 10:00:00,22000.00,cancelada,transferencia,Cristian Rodríguez Romero,Tratamiento anticaida,Pipe El Crack
32,1163,29,8,2024-04-14 10:00:00,50000.00,cancelada,efectivo,Patricia Ramos Parra,Coloracion fantasia,Tato Fade
33,714,21,30,2023-09-22 16:00:00,25000.00,cancelada,nequi,Fabian Vargas Zapata,Limpieza facial,Pipe Navajas
34,1663,19,30,2024-10-14 12:00:00,60000.00,atendida,nequi,Esteban Reyes Londoño,Cejas + barba,Pipe Navajas
35,1412,27,19,2023-08-06 11:00:00,22000.00,atendida,tarjeta,Miguel Castro Ospina,Tratamiento anticaida,Fercho Barber
36,1477,29,17,2024-01-13 08:00:00,50000.00,atendida,nequi,Steven Medina Jiménez,Coloracion fantasia,Kevin El Maestro
37,872,19,8,2024-09-22 12:00:00,60000.00,atendida,tarjeta,Hernán Gómez Zapata,Cejas + barba,Tato Fade
38,1678,20,17,2023-12-21 17:00:00,22000.00,atendida,transferencia,Brayan Silva Díaz,Depilacion de cejas,Kevin El Maestro
39,120,17,20,2023-10-21 10:00:00,20000.00,cancelada,transferencia,Luis Rodríguez Reyes,Barba + hidratacion,El Paisa Cuts
40,817,5,18,2023-05-22 12:00:00,15000.00,atendida,tarjeta,Raúl Peña García,Corte de cabello Basico,Nico Estilo
41,992,29,11,2023-05-24 11:00:00,50000.00,atendida,efectivo,Sofia Bedoya Reyes,Coloracion fantasia,El Mono Barber
42,832,21,17,2023-04-04 11:00:00,25000.00,atendida,nequi,Carolina Cárdenas Ruiz,Limpieza facial,Kevin El Maestro
43,602,28,30,2023-11-27 10:00:00,55000.00,cancelada,tarjeta,Daniela Ospina Londoño,Pack novio completo,Pipe Navajas
44,1575,27,25,2023-11-26 08:00:00,22000.00,atendida,tarjeta,Carolina García Jiménez,Tratamiento anticaida,Lucho Precision
45,988,15,5,2023-10-18 11:00:00,14000.00,atendida,efectivo,Adriana López Sánchez,Tinte completo,El Vikingo
46,728,4,24,2024-07-10 08:00:00,18000.00,atendida,tarjeta,Adriana Martínez Rivera,Corte + lavado,El Negro Barber
47,605,2,15,2023-09-07 11:00:00,15000.00,cancelada,nequi,Santiago Morales Herrera,Corte de cabello Basico + barba,Jhon Navajas
48,1737,27,7,2023-04-01 11:00:00,22000.00,atendida,efectivo,Oscar Henao Suárez,Tratamiento anticaida,Pipe El Crack
49,520,28,5,2023-05-13 09:00:00,55000.00,cancelada,tarjeta,Leidy Espinoza Rodríguez,Pack novio completo,El Vikingo
50,1630,28,8,2023-06-18 17:00:00,55000.00,atendida,efectivo,Esteban García Cárdenas,Pack novio completo,Tato Fade
51,1779,17,13,2023-02-04 08:00:00,20000.00,atendida,nequi,Xiomara Espinoza Moreno,Barba + hidratacion,Camilo Pro
52,1275,17,6,2023-03-08 17:00:00,20000.00,atendida,efectivo,Sara Salazar Silva,Barba + hidratacion,Chelo Cuts
53,941,29,31,2023-04-17 14:00:00,50000.00,atendida,daviplata,Rodrigo Flores Arias,Coloracion fantasia,Cristian Fade
54,1129,18,20,2023-08-30 11:00:00,22000.00,atendida,tarjeta,Alejandro Gómez Vega,Afeitado clasico navaja,El Paisa Cuts
55,747,10,8,2024-09-22 16:00:00,35000.00,atendida,efectivo,Patricia Rivera Ramos,Corte navaja,Tato Fade
56,1482,22,13,2023-02-11 15:00:00,15000.00,atendida,daviplata,Duvan Muñoz Ortiz,Hidratacion capilar,Camilo Pro
57,1288,13,22,2024-08-07 17:00:00,18000.00,atendida,nequi,Luis Suárez Arias,Corte infantil,Diego Fadero
58,1730,19,24,2024-04-03 11:00:00,60000.00,atendida,nequi,Steven Cruz Silva,Cejas + barba,El Negro Barber
59,502,10,14,2024-04-19 18:00:00,35000.00,atendida,tarjeta,Rodrigo Peña Henao,Corte navaja,El Tigre Cuts
60,943,18,21,2023-12-31 14:00:00,22000.00,atendida,tarjeta,Lizeth Jiménez Cruz,Afeitado clasico navaja,Wilmar Style
61,1608,11,7,2024-12-18 08:00:00,25000.00,atendida,tarjeta,Cristian Ruiz Torres,Corte clasico,Pipe El Crack
62,260,28,8,2023-04-24 09:00:00,55000.00,atendida,efectivo,Marcela Martínez Zapata,Pack novio completo,Tato Fade
63,1228,19,17,2023-12-14 08:00:00,60000.00,atendida,nequi,Ferney Cárdenas Londoño,Cejas + barba,Kevin El Maestro
64,897,29,7,2024-10-25 12:00:00,50000.00,atendida,transferencia,Alejandro Suárez Sánchez,Coloracion fantasia,Pipe El Crack
65,574,1,12,2023-05-17 17:00:00,12000.00,cancelada,transferencia,Fernando Díaz Rodríguez,Corte de cabello Basico,Duvan Fresh
66,626,7,22,2024-04-29 18:00:00,13000.00,atendida,efectivo,Maria Silva García,Arreglo de barba,Diego Fadero
67,1963,23,30,2024-10-29 14:00:00,30000.00,cancelada,nequi,Esteban Suárez Ríos,Keratina,Pipe Navajas
68,1168,3,8,2023-11-12 18:00:00,8000.00,cancelada,transferencia,Ferney Torres Silva,Arreglo de barba,Tato Fade
69,1064,25,2,2023-10-23 15:00:00,80000.00,cancelada,tarjeta,Leidy Ortiz García,Corte + hidratacion,Maicol Style
70,1078,4,22,2024-01-09 16:00:00,18000.00,atendida,nequi,Marcela Ramos Silva,Corte + lavado,Diego Fadero
71,253,27,13,2024-06-15 15:00:00,22000.00,atendida,nequi,Johana Castro Jiménez,Tratamiento anticaida,Camilo Pro
72,1205,22,10,2024-01-17 08:00:00,15000.00,atendida,nequi,Ferney Sánchez Arias,Hidratacion capilar,Yeferson King
73,775,21,20,2024-01-01 10:00:00,25000.00,cancelada,nequi,Maria Mendoza Ramírez,Limpieza facial,El Paisa Cuts
74,1029,19,3,2024-07-25 10:00:00,60000.00,cancelada,transferencia,Diego Muñoz Flores,Cejas + barba,Juancho El Indio
75,1146,17,10,2023-05-14 11:00:00,20000.00,atendida,daviplata,Miguel Ruiz Muñoz,Barba + hidratacion,Yeferson King
76,188,15,29,2023-03-29 16:00:00,14000.00,atendida,transferencia,Nathaly Ríos Rivera,Tinte completo,El Calvo Cuts
77,1560,30,2,2024-09-26 17:00:00,40000.00,cancelada,efectivo,Jorge Peña Correa,Corte + lavado + barba,Maicol Style
78,933,26,7,2023-08-29 17:00:00,50000.00,cancelada,tarjeta,Ricardo Medina Guerrero,Masaje capilar,Pipe El Crack
79,564,24,3,2023-03-15 10:00:00,50000.00,atendida,efectivo,Fernando Ocampo Suárez,Corte + barba + cejas,Juancho El Indio
80,1197,13,21,2024-06-30 15:00:00,18000.00,atendida,efectivo,Oscar Parra Martínez,Corte infantil,Wilmar Style
81,426,27,4,2024-12-18 12:00:00,22000.00,atendida,efectivo,Deisy Espinoza Pérez,Tratamiento anticaida,Mateo Barber
82,796,6,10,2023-06-15 17:00:00,14000.00,atendida,transferencia,Rodrigo Jiménez Vargas,Corte de cabello Basico + barba,Yeferson King
83,1526,9,18,2024-06-28 15:00:00,10000.00,atendida,nequi,Duvan López Bedoya,Corte degradado,Nico Estilo
84,1058,3,27,2024-12-25 15:00:00,8000.00,atendida,efectivo,Paola Cárdenas Medina,Arreglo de barba,Tomas Clipper
85,1469,11,5,2023-07-28 11:00:00,25000.00,cancelada,nequi,Xiomara Ruiz Cruz,Corte clasico,El Vikingo
86,1997,19,25,2023-04-28 14:00:00,60000.00,atendida,efectivo,Daniela Bedoya Rojas,Cejas + barba,Lucho Precision
87,1797,23,19,2023-10-12 17:00:00,30000.00,atendida,transferencia,Leidy Torres Ramos,Keratina,Fercho Barber
88,891,19,29,2024-04-06 10:00:00,60000.00,atendida,nequi,Wilmar Reyes Ramírez,Cejas + barba,El Calvo Cuts
89,1337,27,31,2024-05-16 08:00:00,22000.00,atendida,efectivo,Alejandro Romero Ríos,Tratamiento anticaida,Cristian Fade
90,1653,15,2,2023-02-07 18:00:00,14000.00,atendida,nequi,Raúl Herrera Flores,Tinte completo,Maicol Style
91,263,1,12,2023-06-22 17:00:00,12000.00,atendida,tarjeta,Sara Parra Rojas,Corte de cabello Basico,Duvan Fresh
92,592,4,19,2024-07-29 10:00:00,18000.00,atendida,efectivo,Claudia López Gutiérrez,Corte + lavado,Fercho Barber
93,1709,19,21,2024-09-30 16:00:00,60000.00,cancelada,efectivo,Cristian Ortiz Martínez,Cejas + barba,Wilmar Style
94,869,21,10,2024-05-27 12:00:00,25000.00,atendida,nequi,Catalina Castro Rojas,Limpieza facial,Yeferson King
95,1871,28,5,2023-09-25 14:00:00,55000.00,atendida,efectivo,Maria García Montoya,Pack novio completo,El Vikingo
96,832,3,15,2023-09-07 12:00:00,8000.00,cancelada,nequi,Carolina Cárdenas Ruiz,Arreglo de barba,Jhon Navajas
97,1889,1,11,2023-09-02 17:00:00,12000.00,cancelada,daviplata,Andrés Romero Medina,Corte de cabello Basico,El Mono Barber
98,1836,24,7,2023-01-21 12:00:00,50000.00,atendida,tarjeta,Nicolás Suárez Arias,Corte + barba + cejas,Pipe El Crack
99,1504,28,6,2024-09-02 10:00:00,55000.00,cancelada,tarjeta,Yeison Montoya López,Pack novio completo,Chelo Cuts
100,323,27,17,2023-02-18 18:00:00,22000.00,atendida,transferencia,Diego Zapata Mendoza,Tratamiento anticaida,Kevin El Maestro
101,571,2,27,2024-01-17 09:00:00,15000.00,cancelada,nequi,Esteban Díaz Rivera,Corte de cabello Basico + barba,Tomas Clipper
102,969,16,28,2024-10-28 09:00:00,8000.00,atendida,efectivo,Natalia Gómez Zapata,Barba completa,Yeison Barber
103,545,17,14,2023-09-15 09:00:00,20000.00,atendida,tarjeta,Natalia Martínez Rojas,Barba + hidratacion,El Tigre Cuts
104,1376,12,19,2024-10-12 16:00:00,12000.00,atendida,nequi,Raúl Martínez Zapata,Corte moderno,Fercho Barber
105,1748,26,26,2024-07-12 12:00:00,50000.00,atendida,efectivo,Cristian Arias Suárez,Masaje capilar,Andres El Pro
106,1553,10,9,2024-01-06 16:00:00,35000.00,atendida,tarjeta,Patricia Delgado Ospina,Corte navaja,Brayan Scissors
107,415,5,21,2023-12-20 12:00:00,15000.00,atendida,daviplata,Johana Peña Henao,Corte de cabello Basico,Wilmar Style
108,1604,6,24,2024-08-03 12:00:00,14000.00,cancelada,tarjeta,Jhon Rojas Vega,Corte de cabello Basico + barba,El Negro Barber
109,1144,17,13,2024-01-11 14:00:00,20000.00,cancelada,transferencia,Isabella Peña Gómez,Barba + hidratacion,Camilo Pro
110,836,12,6,2024-09-13 16:00:00,12000.00,atendida,transferencia,Andrés Reyes García,Corte moderno,Chelo Cuts
111,1657,20,29,2024-07-09 18:00:00,22000.00,atendida,daviplata,Catalina Parra Moreno,Depilacion de cejas,El Calvo Cuts
112,646,7,30,2023-08-27 11:00:00,13000.00,atendida,nequi,Johana Rodríguez Correa,Arreglo de barba,Pipe Navajas
113,1609,26,4,2023-02-07 10:00:00,50000.00,atendida,transferencia,Miguel Londoño Ruiz,Masaje capilar,Mateo Barber
114,775,18,4,2024-03-02 18:00:00,22000.00,atendida,daviplata,Maria Mendoza Ramírez,Afeitado clasico navaja,Mateo Barber
115,1744,26,21,2023-09-19 17:00:00,50000.00,atendida,nequi,Sara Medina Parra,Masaje capilar,Wilmar Style
116,1376,5,24,2023-03-05 10:00:00,15000.00,atendida,nequi,Raúl Martínez Zapata,Corte de cabello Basico,El Negro Barber
117,480,27,10,2023-07-05 11:00:00,22000.00,atendida,tarjeta,Yesid Gutiérrez Vega,Tratamiento anticaida,Yeferson King
118,990,7,25,2023-11-30 17:00:00,13000.00,cancelada,daviplata,Diana Parra Bedoya,Arreglo de barba,Lucho Precision
119,1655,14,3,2024-01-10 14:00:00,15000.00,atendida,daviplata,Santiago Romero García,Corte + tinte,Juancho El Indio
120,1620,7,30,2023-02-28 09:00:00,13000.00,atendida,efectivo,Diego Mendoza García,Arreglo de barba,Pipe Navajas
121,740,13,11,2023-12-04 12:00:00,18000.00,atendida,transferencia,Angie Suárez Espinoza,Corte infantil,El Mono Barber
122,1364,24,29,2024-01-12 17:00:00,50000.00,atendida,nequi,Marcela Ortiz Medina,Corte + barba + cejas,El Calvo Cuts
123,987,2,11,2024-09-15 10:00:00,15000.00,cancelada,tarjeta,Xiomara Morales Jiménez,Corte de cabello Basico + barba,El Mono Barber
124,205,20,25,2024-09-03 15:00:00,22000.00,cancelada,nequi,Fabian Pérez Jiménez,Depilacion de cejas,Lucho Precision
125,406,5,21,2023-10-17 08:00:00,15000.00,cancelada,efectivo,Monica Parra Ruiz,Corte de cabello Basico,Wilmar Style
126,403,12,11,2024-01-14 18:00:00,12000.00,atendida,daviplata,Steven Ocampo Guerrero,Corte moderno,El Mono Barber
127,344,14,20,2024-10-03 18:00:00,15000.00,cancelada,efectivo,Natalia Ortiz Cárdenas,Corte + tinte,El Paisa Cuts
128,1157,17,6,2024-09-30 08:00:00,20000.00,atendida,daviplata,Sergio Muñoz Vargas,Barba + hidratacion,Chelo Cuts
129,740,26,17,2023-03-27 08:00:00,50000.00,atendida,transferencia,Angie Suárez Espinoza,Masaje capilar,Kevin El Maestro
130,1262,19,26,2023-01-19 08:00:00,60000.00,atendida,tarjeta,Juan Pérez Pérez,Cejas + barba,Andres El Pro
131,777,28,18,2024-08-01 11:00:00,55000.00,atendida,efectivo,Rodrigo Rodríguez Reyes,Pack novio completo,Nico Estilo
132,1592,15,8,2024-07-04 08:00:00,14000.00,atendida,transferencia,Sofia Zapata Ramírez,Tinte completo,Tato Fade
133,1870,16,29,2024-04-26 11:00:00,8000.00,cancelada,transferencia,Sebastián Gutiérrez Espinoza,Barba completa,El Calvo Cuts
134,1243,23,22,2023-09-20 17:00:00,30000.00,atendida,transferencia,Fernando Gutiérrez Martínez,Keratina,Diego Fadero
135,61,6,21,2024-01-29 09:00:00,14000.00,atendida,efectivo,Carolina Romero Rojas,Corte de cabello Basico + barba,Wilmar Style
136,691,16,2,2023-05-19 11:00:00,8000.00,cancelada,nequi,Ana Romero Medina,Barba completa,Maicol Style
137,514,25,19,2024-12-19 16:00:00,80000.00,atendida,efectivo,Sebastián Flores Correa,Corte + hidratacion,Fercho Barber
138,1024,29,18,2024-07-25 12:00:00,50000.00,cancelada,transferencia,Leidy Silva García,Coloracion fantasia,Nico Estilo
139,1537,8,26,2024-02-20 17:00:00,16000.00,atendida,tarjeta,Alejandro Suárez Bedoya,Corte + lavado,Andres El Pro
140,829,17,10,2023-06-15 12:00:00,20000.00,atendida,daviplata,Alejandro López Cruz,Barba + hidratacion,Yeferson King
141,1359,24,15,2024-12-05 14:00:00,50000.00,atendida,daviplata,Claudia Parra Rodríguez,Corte + barba + cejas,Jhon Navajas
142,1025,27,24,2023-01-10 12:00:00,22000.00,atendida,daviplata,Miguel Jiménez Rivera,Tratamiento anticaida,El Negro Barber
143,891,16,4,2024-04-20 12:00:00,8000.00,cancelada,tarjeta,Wilmar Reyes Ramírez,Barba completa,Mateo Barber
144,1977,22,23,2023-01-07 14:00:00,15000.00,cancelada,nequi,Nathaly Bedoya Sánchez,Hidratacion capilar,Santi Premium
145,1983,29,15,2023-11-13 15:00:00,50000.00,atendida,tarjeta,Lizeth Pérez Cruz,Coloracion fantasia,Jhon Navajas
146,996,22,22,2024-12-29 16:00:00,15000.00,atendida,daviplata,David Arias Ramírez,Hidratacion capilar,Diego Fadero
147,1466,2,3,2023-01-09 11:00:00,15000.00,atendida,tarjeta,Cristian Cárdenas Rojas,Corte de cabello Basico + barba,Juancho El Indio
148,830,30,29,2024-11-27 10:00:00,40000.00,atendida,efectivo,Maria Montoya Rojas,Corte + lavado + barba,El Calvo Cuts
149,227,22,18,2023-09-20 12:00:00,15000.00,atendida,efectivo,Fabian Bedoya Montoya,Hidratacion capilar,Nico Estilo
150,135,1,12,2024-04-16 14:00:00,12000.00,cancelada,tarjeta,Sofia Cruz Peña,Corte de cabello Basico,Duvan Fresh
151,228,23,16,2023-04-19 16:00:00,30000.00,atendida,efectivo,Ricardo Correa Martínez,Keratina,Sebastián Blade
152,989,12,18,2024-06-24 11:00:00,12000.00,cancelada,daviplata,Kevin Muñoz Espinoza,Corte moderno,Nico Estilo
153,249,22,7,2023-04-14 11:00:00,15000.00,atendida,tarjeta,Diego Herrera Martínez,Hidratacion capilar,Pipe El Crack
154,1165,13,24,2023-07-13 09:00:00,18000.00,atendida,transferencia,Deisy Ramos Suárez,Corte infantil,El Negro Barber
155,1149,22,18,2023-01-02 17:00:00,15000.00,cancelada,daviplata,Mateo Peña Ocampo,Hidratacion capilar,Nico Estilo
156,1355,27,20,2024-03-20 15:00:00,22000.00,atendida,efectivo,Carolina Sánchez Ortiz,Tratamiento anticaida,El Paisa Cuts
157,468,14,30,2023-02-17 11:00:00,15000.00,atendida,nequi,Alejandro Gutiérrez Parra,Corte + tinte,Pipe Navajas
158,893,10,8,2024-12-22 12:00:00,35000.00,cancelada,tarjeta,Nathaly Sánchez Rodríguez,Corte navaja,Tato Fade
159,109,15,26,2024-11-14 12:00:00,14000.00,atendida,nequi,Adriana Ortiz Vega,Tinte completo,Andres El Pro
160,918,16,9,2023-05-09 09:00:00,8000.00,cancelada,efectivo,Miguel Parra Díaz,Barba completa,Brayan Scissors
161,1884,26,19,2023-12-21 11:00:00,50000.00,atendida,tarjeta,Samuel Delgado Ruiz,Masaje capilar,Fercho Barber
162,1911,12,19,2023-01-08 09:00:00,12000.00,atendida,nequi,Yeison Díaz Gómez,Corte moderno,Fercho Barber
163,1982,26,21,2023-08-25 18:00:00,50000.00,atendida,efectivo,Raúl Parra Ramírez,Masaje capilar,Wilmar Style
164,653,20,21,2023-03-14 08:00:00,22000.00,cancelada,daviplata,Jorge Londoño Ríos,Depilacion de cejas,Wilmar Style
165,82,22,5,2023-09-08 11:00:00,15000.00,cancelada,transferencia,Mauricio Silva Bedoya,Hidratacion capilar,El Vikingo
166,1195,25,25,2024-03-02 09:00:00,80000.00,atendida,transferencia,Felipe Medina Moreno,Corte + hidratacion,Lucho Precision
167,466,26,17,2024-11-26 11:00:00,50000.00,cancelada,daviplata,Luis Ruiz Ramírez,Masaje capilar,Kevin El Maestro
168,1901,24,28,2024-08-06 12:00:00,50000.00,atendida,efectivo,Alejandro Silva Medina,Corte + barba + cejas,Yeison Barber
169,136,18,29,2023-01-13 10:00:00,22000.00,cancelada,daviplata,Carlos Muñoz Medina,Afeitado clasico navaja,El Calvo Cuts
170,1870,16,11,2023-11-11 08:00:00,8000.00,atendida,efectivo,Sebastián Gutiérrez Espinoza,Barba completa,El Mono Barber
171,340,25,24,2023-05-21 17:00:00,80000.00,cancelada,nequi,Alejandro Ramos Montoya,Corte + hidratacion,El Negro Barber
172,230,17,11,2024-07-18 15:00:00,20000.00,cancelada,efectivo,Kevin Ríos Arias,Barba + hidratacion,El Mono Barber
173,491,17,17,2024-03-31 09:00:00,20000.00,atendida,tarjeta,Paula Silva Medina,Barba + hidratacion,Kevin El Maestro
174,1356,24,31,2024-03-24 15:00:00,50000.00,atendida,nequi,Esteban Londoño Londoño,Corte + barba + cejas,Cristian Fade
175,878,6,11,2023-11-15 16:00:00,14000.00,cancelada,daviplata,Alejandro Vargas Reyes,Corte de cabello Basico + barba,El Mono Barber
176,1889,30,14,2023-10-28 12:00:00,40000.00,cancelada,nequi,Andrés Romero Medina,Corte + lavado + barba,El Tigre Cuts
177,424,11,15,2024-03-29 18:00:00,25000.00,atendida,efectivo,Maria Rojas Ramírez,Corte clasico,Jhon Navajas
178,48,18,21,2023-01-30 17:00:00,22000.00,atendida,nequi,Diana García Cruz,Afeitado clasico navaja,Wilmar Style
179,1770,12,10,2023-09-24 15:00:00,12000.00,cancelada,efectivo,Luis Herrera Suárez,Corte moderno,Yeferson King
180,1308,25,16,2024-04-06 16:00:00,80000.00,atendida,transferencia,Catalina Torres Ruiz,Corte + hidratacion,Sebastián Blade
181,925,20,7,2023-04-13 15:00:00,22000.00,atendida,nequi,Duvan Ramos Ramírez,Depilacion de cejas,Pipe El Crack
182,307,12,11,2023-10-25 12:00:00,12000.00,atendida,nequi,Ricardo Mendoza Ortiz,Corte moderno,El Mono Barber
183,122,28,2,2024-12-24 12:00:00,55000.00,cancelada,efectivo,Sofia García Montoya,Pack novio completo,Maicol Style
184,1532,18,22,2024-04-19 11:00:00,22000.00,atendida,transferencia,Mariana Gutiérrez Rodríguez,Afeitado clasico navaja,Diego Fadero
185,1440,21,2,2024-04-29 09:00:00,25000.00,atendida,daviplata,Diego Zapata Salazar,Limpieza facial,Maicol Style
186,1214,23,16,2023-11-07 14:00:00,30000.00,cancelada,nequi,Raúl Ríos Sánchez,Keratina,Sebastián Blade
187,1588,26,14,2024-03-02 12:00:00,50000.00,atendida,tarjeta,Kevin Ramírez García,Masaje capilar,El Tigre Cuts
188,2007,9,27,2023-07-18 14:00:00,10000.00,cancelada,tarjeta,Ferney Díaz Correa,Corte degradado,Tomas Clipper
189,1579,8,15,2024-01-18 08:00:00,16000.00,atendida,transferencia,Diana Castro Díaz,Corte + lavado,Jhon Navajas
190,1145,12,15,2023-08-01 09:00:00,12000.00,atendida,transferencia,Mariana Ruiz Ocampo,Corte moderno,Jhon Navajas
191,758,11,24,2023-02-27 11:00:00,25000.00,atendida,tarjeta,Diana Parra Correa,Corte clasico,El Negro Barber
192,1228,7,23,2023-04-01 10:00:00,13000.00,cancelada,transferencia,Ferney Cárdenas Londoño,Arreglo de barba,Santi Premium
193,1458,13,17,2023-11-02 18:00:00,18000.00,atendida,tarjeta,Sebastián Morales Díaz,Corte infantil,Kevin El Maestro
194,434,26,12,2024-09-16 08:00:00,50000.00,cancelada,daviplata,Lizeth Montoya Ocampo,Masaje capilar,Duvan Fresh
195,1190,8,3,2024-03-03 18:00:00,16000.00,atendida,efectivo,Johana Mendoza Reyes,Corte + lavado,Juancho El Indio
196,1008,10,13,2024-05-26 18:00:00,35000.00,atendida,daviplata,Catalina Montoya Herrera,Corte navaja,Camilo Pro
197,196,24,27,2024-11-16 10:00:00,50000.00,cancelada,transferencia,Samuel Ruiz Zapata,Corte + barba + cejas,Tomas Clipper
198,904,8,8,2023-09-04 09:00:00,16000.00,atendida,efectivo,Carolina Díaz Cruz,Corte + lavado,Tato Fade
199,318,13,11,2023-12-25 16:00:00,18000.00,atendida,daviplata,Adriana Bedoya Ruiz,Corte infantil,El Mono Barber
200,1689,5,9,2023-03-03 15:00:00,15000.00,atendida,transferencia,Yulieth Herrera Cárdenas,Corte de cabello Basico,Brayan Scissors
201,1861,26,20,2023-06-30 12:00:00,50000.00,atendida,tarjeta,Fernando Rojas Parra,Masaje capilar,El Paisa Cuts
202,280,22,26,2024-11-28 17:00:00,15000.00,atendida,efectivo,Cristian Suárez Suárez,Hidratacion capilar,Andres El Pro
203,1220,29,6,2023-05-18 16:00:00,50000.00,atendida,transferencia,Ricardo Gómez Arias,Coloracion fantasia,Chelo Cuts
204,438,1,25,2024-09-21 16:00:00,12000.00,atendida,tarjeta,Ferney Rodríguez González,Corte de cabello Basico,Lucho Precision
205,1215,8,11,2023-10-23 09:00:00,16000.00,cancelada,daviplata,Adriana Moreno Ramos,Corte + lavado,El Mono Barber
206,307,5,10,2023-03-03 17:00:00,15000.00,cancelada,transferencia,Ricardo Mendoza Ortiz,Corte de cabello Basico,Yeferson King
207,1483,16,26,2023-08-31 09:00:00,8000.00,atendida,tarjeta,Deisy Ocampo Castro,Barba completa,Andres El Pro
208,441,13,16,2024-03-09 11:00:00,18000.00,cancelada,daviplata,Samuel Sánchez Flores,Corte infantil,Sebastián Blade
209,1835,11,31,2023-05-28 11:00:00,25000.00,cancelada,tarjeta,Patricia Zapata Moreno,Corte clasico,Cristian Fade
210,1785,5,24,2024-07-07 10:00:00,15000.00,cancelada,daviplata,Raúl Cárdenas Cruz,Corte de cabello Basico,El Negro Barber
211,498,28,27,2024-12-14 11:00:00,55000.00,atendida,daviplata,Monica Cárdenas Díaz,Pack novio completo,Tomas Clipper
212,510,6,30,2024-04-02 10:00:00,14000.00,atendida,nequi,Sergio Bedoya Rojas,Corte de cabello Basico + barba,Pipe Navajas
213,943,1,28,2024-12-29 12:00:00,12000.00,atendida,daviplata,Lizeth Jiménez Cruz,Corte de cabello Basico,Yeison Barber
214,1168,8,31,2024-08-30 17:00:00,16000.00,cancelada,efectivo,Ferney Torres Silva,Corte + lavado,Cristian Fade
215,1448,7,29,2024-10-13 17:00:00,13000.00,atendida,tarjeta,Lucia Gómez Rodríguez,Arreglo de barba,El Calvo Cuts
216,796,18,3,2024-04-02 08:00:00,22000.00,cancelada,daviplata,Rodrigo Jiménez Vargas,Afeitado clasico navaja,Juancho El Indio
217,986,4,9,2024-10-18 15:00:00,18000.00,atendida,efectivo,Angie Cárdenas Ospina,Corte + lavado,Brayan Scissors
218,1417,5,4,2024-04-06 18:00:00,15000.00,cancelada,nequi,Xiomara Muñoz Silva,Corte de cabello Basico,Mateo Barber
219,422,15,21,2023-05-11 17:00:00,14000.00,atendida,efectivo,Marcela Rojas Torres,Tinte completo,Wilmar Style
220,1592,14,28,2024-10-16 11:00:00,15000.00,atendida,nequi,Sofia Zapata Ramírez,Corte + tinte,Yeison Barber
221,1739,7,16,2024-02-27 18:00:00,13000.00,atendida,transferencia,Lizeth Ramos Moreno,Arreglo de barba,Sebastián Blade
222,1351,28,18,2024-09-09 15:00:00,55000.00,atendida,tarjeta,Ricardo Muñoz Henao,Pack novio completo,Nico Estilo
223,92,15,10,2024-05-14 12:00:00,14000.00,atendida,transferencia,Felipe García Montoya,Tinte completo,Yeferson King
224,1282,16,23,2024-01-13 14:00:00,8000.00,atendida,efectivo,Wilmar Gómez Cruz,Barba completa,Santi Premium
225,1502,12,12,2024-07-19 12:00:00,12000.00,cancelada,transferencia,Mariana Rivera Ríos,Corte moderno,Duvan Fresh
226,1657,13,12,2023-11-17 09:00:00,18000.00,cancelada,efectivo,Catalina Parra Moreno,Corte infantil,Duvan Fresh
227,940,29,8,2023-01-17 18:00:00,50000.00,atendida,tarjeta,Carlos Zapata Rivera,Coloracion fantasia,Tato Fade
228,1560,7,26,2024-12-19 18:00:00,13000.00,atendida,transferencia,Jorge Peña Correa,Arreglo de barba,Andres El Pro
229,1780,13,5,2023-03-02 14:00:00,18000.00,atendida,efectivo,Leidy Gutiérrez Ospina,Corte infantil,El Vikingo
230,856,22,17,2023-07-27 16:00:00,15000.00,cancelada,tarjeta,Felipe Moreno Romero,Hidratacion capilar,Kevin El Maestro
231,1392,27,27,2023-04-01 15:00:00,22000.00,atendida,tarjeta,Fabian Delgado Ortiz,Tratamiento anticaida,Tomas Clipper
232,1299,14,29,2023-08-01 14:00:00,15000.00,cancelada,efectivo,Paola Muñoz Silva,Corte + tinte,El Calvo Cuts
233,1538,14,31,2023-04-30 11:00:00,15000.00,cancelada,transferencia,Marcela Zapata Ramírez,Corte + tinte,Cristian Fade
234,619,20,23,2024-04-19 09:00:00,22000.00,atendida,nequi,Kevin Espinoza González,Depilacion de cejas,Santi Premium
235,1801,20,29,2024-11-20 14:00:00,22000.00,atendida,transferencia,Cristian López Torres,Depilacion de cejas,El Calvo Cuts
236,1206,17,26,2024-05-29 17:00:00,20000.00,atendida,efectivo,Sergio Romero Silva,Barba + hidratacion,Andres El Pro
237,742,1,13,2024-10-23 11:00:00,12000.00,atendida,nequi,Kevin Castro Zapata,Corte de cabello Basico,Camilo Pro
238,44,5,14,2023-04-09 18:00:00,15000.00,cancelada,efectivo,Fabian Arias Correa,Corte de cabello Basico,El Tigre Cuts
239,1556,24,5,2023-05-04 14:00:00,50000.00,atendida,efectivo,Ferney Castro Sánchez,Corte + barba + cejas,El Vikingo
240,1880,28,13,2024-08-28 10:00:00,55000.00,cancelada,transferencia,Adriana Arias Delgado,Pack novio completo,Camilo Pro
241,627,28,5,2024-10-30 10:00:00,55000.00,atendida,nequi,Carlos Rivera Morales,Pack novio completo,El Vikingo
242,1398,18,21,2024-03-04 11:00:00,22000.00,atendida,daviplata,Cristian Rodríguez Romero,Afeitado clasico navaja,Wilmar Style
243,946,23,8,2024-01-04 17:00:00,30000.00,atendida,nequi,Wilmar González Reyes,Keratina,Tato Fade
244,1568,22,27,2024-04-09 15:00:00,15000.00,cancelada,efectivo,Leidy Morales Parra,Hidratacion capilar,Tomas Clipper
245,1263,24,3,2023-02-08 14:00:00,50000.00,atendida,daviplata,Johana Torres García,Corte + barba + cejas,Juancho El Indio
246,1310,27,17,2023-01-27 11:00:00,22000.00,cancelada,nequi,Brayan González González,Tratamiento anticaida,Kevin El Maestro
247,1788,29,14,2024-07-29 11:00:00,50000.00,atendida,transferencia,Mateo Jiménez Parra,Coloracion fantasia,El Tigre Cuts
248,1310,10,4,2024-10-14 11:00:00,35000.00,atendida,daviplata,Brayan González González,Corte navaja,Mateo Barber
249,1322,3,3,2024-05-07 18:00:00,8000.00,atendida,daviplata,Yeison Ospina Cruz,Arreglo de barba,Juancho El Indio
250,1670,27,16,2024-08-06 08:00:00,22000.00,cancelada,tarjeta,Gabriela Parra Parra,Tratamiento anticaida,Sebastián Blade
251,811,1,22,2023-12-26 08:00:00,12000.00,atendida,efectivo,Melissa Cruz Romero,Corte de cabello Basico,Diego Fadero
252,1409,1,18,2023-03-18 08:00:00,12000.00,cancelada,daviplata,Monica Gutiérrez Díaz,Corte de cabello Basico,Nico Estilo
253,1867,30,6,2023-09-10 14:00:00,40000.00,atendida,daviplata,David Gutiérrez Correa,Corte + lavado + barba,Chelo Cuts
254,1404,12,5,2023-05-07 12:00:00,12000.00,atendida,transferencia,Monica Herrera Montoya,Corte moderno,El Vikingo
255,1749,24,24,2023-07-06 08:00:00,50000.00,cancelada,nequi,Natalia Vega Vega,Corte + barba + cejas,El Negro Barber
256,970,26,25,2024-11-10 14:00:00,50000.00,atendida,nequi,Paula Medina Ocampo,Masaje capilar,Lucho Precision
257,545,17,26,2024-01-17 18:00:00,20000.00,cancelada,efectivo,Natalia Martínez Rojas,Barba + hidratacion,Andres El Pro
258,1391,3,25,2024-10-29 14:00:00,8000.00,cancelada,efectivo,Samuel Peña Rojas,Arreglo de barba,Lucho Precision
259,717,28,26,2023-01-26 12:00:00,55000.00,cancelada,daviplata,Miguel Ramírez Jiménez,Pack novio completo,Andres El Pro
260,693,5,21,2024-07-19 15:00:00,15000.00,atendida,nequi,Laura Ríos Gómez,Corte de cabello Basico,Wilmar Style
261,2027,30,28,2024-06-15 09:00:00,40000.00,atendida,nequi,Fabian Silva Guerrero,Corte + lavado + barba,Yeison Barber
262,49,13,23,2023-06-01 08:00:00,18000.00,cancelada,efectivo,David López Ocampo,Corte infantil,Santi Premium
263,605,2,9,2023-10-04 14:00:00,15000.00,cancelada,nequi,Santiago Morales Herrera,Corte de cabello Basico + barba,Brayan Scissors
264,1409,16,28,2023-05-06 16:00:00,8000.00,cancelada,nequi,Monica Gutiérrez Díaz,Barba completa,Yeison Barber
265,507,7,2,2024-11-14 14:00:00,13000.00,atendida,efectivo,Alejandro Arias Moreno,Arreglo de barba,Maicol Style
266,1584,2,16,2024-01-11 14:00:00,15000.00,cancelada,transferencia,Maria González González,Corte de cabello Basico + barba,Sebastián Blade
267,49,17,3,2023-09-12 17:00:00,20000.00,atendida,transferencia,David López Ocampo,Barba + hidratacion,Juancho El Indio
268,620,14,23,2024-09-07 09:00:00,15000.00,cancelada,daviplata,Claudia Montoya Cárdenas,Corte + tinte,Santi Premium
269,213,26,24,2024-11-18 16:00:00,50000.00,atendida,tarjeta,Rodrigo Rojas Ramírez,Masaje capilar,El Negro Barber
270,1649,30,28,2023-09-22 16:00:00,40000.00,atendida,tarjeta,Brayan Morales García,Corte + lavado + barba,Yeison Barber
271,1500,23,24,2023-10-09 11:00:00,30000.00,cancelada,tarjeta,Mariana Londoño Henao,Keratina,El Negro Barber
272,42,21,5,2024-05-09 17:00:00,25000.00,atendida,daviplata,Sebastián López Cruz,Limpieza facial,El Vikingo
273,775,24,27,2023-05-12 16:00:00,50000.00,atendida,tarjeta,Maria Mendoza Ramírez,Corte + barba + cejas,Tomas Clipper
274,150,18,28,2024-08-25 08:00:00,22000.00,atendida,nequi,Rodrigo Correa Arias,Afeitado clasico navaja,Yeison Barber
275,833,24,28,2024-12-06 15:00:00,50000.00,atendida,efectivo,Wilmar Ruiz García,Corte + barba + cejas,Yeison Barber
276,695,5,2,2024-10-28 15:00:00,15000.00,atendida,efectivo,Oscar Vargas Ospina,Corte de cabello Basico,Maicol Style
277,302,22,15,2024-11-01 11:00:00,15000.00,atendida,nequi,Camila Muñoz Castro,Hidratacion capilar,Jhon Navajas
278,253,22,10,2023-04-10 18:00:00,15000.00,cancelada,tarjeta,Johana Castro Jiménez,Hidratacion capilar,Yeferson King
279,1685,4,13,2024-01-08 08:00:00,18000.00,atendida,daviplata,Ferney González Muñoz,Corte + lavado,Camilo Pro
280,1613,11,9,2023-07-10 16:00:00,25000.00,atendida,daviplata,Xiomara Espinoza Parra,Corte clasico,Brayan Scissors
281,1851,29,11,2023-03-30 09:00:00,50000.00,atendida,efectivo,Duvan Rodríguez Reyes,Coloracion fantasia,El Mono Barber
282,355,14,19,2023-12-10 12:00:00,15000.00,atendida,daviplata,Monica Cruz Rodríguez,Corte + tinte,Fercho Barber
283,523,2,28,2023-09-25 10:00:00,15000.00,atendida,nequi,Johana Cruz Medina,Corte de cabello Basico + barba,Yeison Barber
284,984,4,6,2024-08-29 09:00:00,18000.00,atendida,nequi,Dayana González Delgado,Corte + lavado,Chelo Cuts
285,407,8,24,2024-10-03 09:00:00,16000.00,cancelada,daviplata,Sebastián Mendoza Torres,Corte + lavado,El Negro Barber
286,983,18,29,2023-09-25 09:00:00,22000.00,atendida,nequi,Yesid Martínez Rodríguez,Afeitado clasico navaja,El Calvo Cuts
287,313,12,8,2023-03-27 15:00:00,12000.00,atendida,daviplata,Esteban Zapata Delgado,Corte moderno,Tato Fade
288,1241,24,22,2024-11-18 11:00:00,50000.00,atendida,efectivo,Camila Cruz Medina,Corte + barba + cejas,Diego Fadero
289,352,11,25,2023-05-19 12:00:00,25000.00,atendida,nequi,Yulieth García Ramírez,Corte clasico,Lucho Precision
290,114,23,13,2024-08-20 10:00:00,30000.00,atendida,tarjeta,Mauricio Bedoya Montoya,Keratina,Camilo Pro
291,874,11,7,2024-07-12 17:00:00,25000.00,atendida,tarjeta,Carolina Delgado Montoya,Corte clasico,Pipe El Crack
292,1509,16,21,2024-09-22 10:00:00,8000.00,atendida,transferencia,Jorge Reyes Vega,Barba completa,Wilmar Style
293,245,19,27,2023-02-28 16:00:00,60000.00,cancelada,nequi,Nathaly Sánchez Flores,Cejas + barba,Tomas Clipper
294,1614,1,7,2024-02-01 10:00:00,12000.00,atendida,daviplata,Xiomara Ramos Correa,Corte de cabello Basico,Pipe El Crack
295,987,24,17,2023-02-13 17:00:00,50000.00,cancelada,nequi,Xiomara Morales Jiménez,Corte + barba + cejas,Kevin El Maestro
296,1649,9,26,2023-10-23 17:00:00,10000.00,cancelada,nequi,Brayan Morales García,Corte degradado,Andres El Pro
297,1212,25,8,2023-07-25 08:00:00,80000.00,atendida,efectivo,Wilmar Suárez Ramos,Corte + hidratacion,Tato Fade
298,982,27,11,2024-07-30 12:00:00,22000.00,atendida,efectivo,Ana Suárez Reyes,Tratamiento anticaida,El Mono Barber
299,372,28,25,2023-10-10 08:00:00,55000.00,atendida,nequi,Hernán Sánchez Ríos,Pack novio completo,Lucho Precision
300,1245,22,7,2024-10-03 17:00:00,15000.00,atendida,efectivo,Raúl Suárez Montoya,Hidratacion capilar,Pipe El Crack
301,121,28,19,2024-10-17 18:00:00,55000.00,atendida,nequi,Carlos Arias Morales,Pack novio completo,Fercho Barber
302,1856,15,2,2023-08-03 12:00:00,14000.00,cancelada,transferencia,Johana Arias Bedoya,Tinte completo,Maicol Style
303,157,9,19,2024-10-08 12:00:00,10000.00,atendida,daviplata,Santiago Pérez Ramírez,Corte degradado,Fercho Barber
304,900,4,22,2024-01-13 16:00:00,18000.00,cancelada,nequi,Samuel Espinoza Rojas,Corte + lavado,Diego Fadero
305,1370,27,7,2023-03-01 18:00:00,22000.00,cancelada,efectivo,Andrés Espinoza Zapata,Tratamiento anticaida,Pipe El Crack
306,1360,6,13,2024-11-07 14:00:00,14000.00,cancelada,efectivo,Sara García Castro,Corte de cabello Basico + barba,Camilo Pro
307,895,30,12,2024-01-08 15:00:00,40000.00,atendida,daviplata,Sergio Flores López,Corte + lavado + barba,Duvan Fresh
308,1425,12,12,2024-05-18 17:00:00,12000.00,atendida,transferencia,Wilmar Bedoya García,Corte moderno,Duvan Fresh
309,871,2,8,2023-10-12 16:00:00,15000.00,atendida,efectivo,Angie Cruz Vega,Corte de cabello Basico + barba,Tato Fade
310,521,15,16,2024-12-23 16:00:00,14000.00,atendida,tarjeta,Yesid Ramos Ramírez,Tinte completo,Sebastián Blade
311,1510,13,8,2023-04-17 12:00:00,18000.00,atendida,tarjeta,Deisy Flores Ortiz,Corte infantil,Tato Fade
312,1370,29,12,2023-10-04 17:00:00,50000.00,cancelada,transferencia,Andrés Espinoza Zapata,Coloracion fantasia,Duvan Fresh
313,855,3,26,2023-06-13 16:00:00,8000.00,atendida,efectivo,Sofia Zapata González,Arreglo de barba,Andres El Pro
314,1758,5,30,2024-12-27 09:00:00,15000.00,cancelada,transferencia,Mariana Flores Parra,Corte de cabello Basico,Pipe Navajas
315,622,11,16,2024-02-06 12:00:00,25000.00,atendida,nequi,Andrea Espinoza Sánchez,Corte clasico,Sebastián Blade
316,1653,20,4,2024-08-06 10:00:00,22000.00,atendida,nequi,Raúl Herrera Flores,Depilacion de cejas,Mateo Barber
317,1838,24,14,2023-07-10 17:00:00,50000.00,atendida,efectivo,Oscar Henao García,Corte + barba + cejas,El Tigre Cuts
318,890,4,2,2024-03-19 12:00:00,18000.00,cancelada,efectivo,Julián Rivera Ramos,Corte + lavado,Maicol Style
319,1039,16,30,2023-06-13 16:00:00,8000.00,cancelada,transferencia,Isabella Herrera Zapata,Barba completa,Pipe Navajas
320,1651,2,20,2024-05-27 14:00:00,15000.00,cancelada,daviplata,Sara Bedoya Gutiérrez,Corte de cabello Basico + barba,El Paisa Cuts
321,1168,1,5,2023-03-07 16:00:00,12000.00,atendida,transferencia,Ferney Torres Silva,Corte de cabello Basico,El Vikingo
322,563,28,12,2024-02-25 16:00:00,55000.00,atendida,daviplata,Rodrigo Delgado Romero,Pack novio completo,Duvan Fresh
323,272,6,6,2023-02-15 17:00:00,14000.00,atendida,tarjeta,Hernán Flores Ocampo,Corte de cabello Basico + barba,Chelo Cuts
324,668,2,9,2023-08-10 18:00:00,15000.00,cancelada,daviplata,Mateo Guerrero Romero,Corte de cabello Basico + barba,Brayan Scissors
325,1978,8,30,2024-01-14 16:00:00,16000.00,atendida,efectivo,Isabella Medina Guerrero,Corte + lavado,Pipe Navajas
326,1592,24,27,2023-07-15 15:00:00,50000.00,atendida,daviplata,Sofia Zapata Ramírez,Corte + barba + cejas,Tomas Clipper
327,1425,19,10,2024-01-17 18:00:00,60000.00,atendida,nequi,Wilmar Bedoya García,Cejas + barba,Yeferson King
328,272,12,5,2023-09-09 17:00:00,12000.00,atendida,transferencia,Hernán Flores Ocampo,Corte moderno,El Vikingo
329,303,9,10,2023-10-14 12:00:00,10000.00,atendida,daviplata,Diego Morales Rojas,Corte degradado,Yeferson King
330,1809,15,6,2024-02-12 17:00:00,14000.00,atendida,transferencia,Camila Martínez Rodríguez,Tinte completo,Chelo Cuts
331,209,22,7,2024-07-03 18:00:00,15000.00,atendida,efectivo,Sofia Ramos Peña,Hidratacion capilar,Pipe El Crack
332,1615,9,8,2024-09-16 14:00:00,10000.00,atendida,tarjeta,Jhon López Salazar,Corte degradado,Tato Fade
333,340,3,14,2024-12-16 08:00:00,8000.00,atendida,daviplata,Alejandro Ramos Montoya,Arreglo de barba,El Tigre Cuts
334,209,20,7,2023-03-30 10:00:00,22000.00,atendida,nequi,Sofia Ramos Peña,Depilacion de cejas,Pipe El Crack
335,270,11,4,2023-05-01 16:00:00,25000.00,cancelada,daviplata,Nathaly Torres Jiménez,Corte clasico,Mateo Barber
336,733,4,29,2024-11-27 16:00:00,18000.00,cancelada,transferencia,Yeison Espinoza Espinoza,Corte + lavado,El Calvo Cuts
337,1148,16,28,2023-11-12 08:00:00,8000.00,cancelada,efectivo,Paula Medina Cárdenas,Barba completa,Yeison Barber
338,996,19,29,2024-10-03 10:00:00,60000.00,atendida,efectivo,David Arias Ramírez,Cejas + barba,El Calvo Cuts
339,90,22,6,2023-09-11 12:00:00,15000.00,atendida,nequi,Alejandro Flores Moreno,Hidratacion capilar,Chelo Cuts
340,1740,16,26,2023-12-10 08:00:00,8000.00,atendida,tarjeta,Samuel Morales Montoya,Barba completa,Andres El Pro
341,1917,2,21,2023-12-30 15:00:00,15000.00,cancelada,transferencia,Jhon González Medina,Corte de cabello Basico + barba,Wilmar Style
342,405,6,10,2024-11-26 09:00:00,14000.00,atendida,tarjeta,Andrea Sánchez García,Corte de cabello Basico + barba,Yeferson King
343,196,7,24,2023-12-18 17:00:00,13000.00,atendida,tarjeta,Samuel Ruiz Zapata,Arreglo de barba,El Negro Barber
344,1203,5,12,2023-04-05 15:00:00,15000.00,atendida,transferencia,Deisy Castro Jiménez,Corte de cabello Basico,Duvan Fresh
345,219,18,19,2024-06-02 09:00:00,22000.00,atendida,efectivo,Rodrigo Morales Ocampo,Afeitado clasico navaja,Fercho Barber
346,662,19,5,2024-05-08 17:00:00,60000.00,atendida,tarjeta,Raúl Londoño Parra,Cejas + barba,El Vikingo
347,937,19,14,2024-03-31 16:00:00,60000.00,atendida,transferencia,Gabriela Correa Delgado,Cejas + barba,El Tigre Cuts
348,1590,24,27,2023-02-02 17:00:00,50000.00,atendida,efectivo,Paula Ospina Guerrero,Corte + barba + cejas,Tomas Clipper
349,112,11,29,2023-11-04 18:00:00,25000.00,atendida,tarjeta,Mauricio Guerrero Flores,Corte clasico,El Calvo Cuts
350,586,9,15,2024-02-24 08:00:00,10000.00,cancelada,transferencia,Nathaly Jiménez Romero,Corte degradado,Jhon Navajas
351,1630,22,26,2023-05-23 11:00:00,15000.00,atendida,tarjeta,Esteban García Cárdenas,Hidratacion capilar,Andres El Pro
352,1547,6,17,2023-04-13 16:00:00,14000.00,atendida,efectivo,Wilmar Delgado Torres,Corte de cabello Basico + barba,Kevin El Maestro
353,1377,26,14,2023-02-12 18:00:00,50000.00,atendida,efectivo,Claudia Ospina Vargas,Masaje capilar,El Tigre Cuts
354,626,14,15,2024-07-22 18:00:00,15000.00,cancelada,daviplata,Maria Silva García,Corte + tinte,Jhon Navajas
355,1322,10,19,2023-12-01 10:00:00,35000.00,atendida,transferencia,Yeison Ospina Cruz,Corte navaja,Fercho Barber
356,535,8,21,2024-09-20 08:00:00,16000.00,cancelada,efectivo,Fabian Peña Arias,Corte + lavado,Wilmar Style
357,251,8,20,2023-02-03 12:00:00,16000.00,atendida,tarjeta,Ricardo Henao Flores,Corte + lavado,El Paisa Cuts
358,666,24,15,2023-10-09 16:00:00,50000.00,atendida,nequi,Natalia González Vargas,Corte + barba + cejas,Jhon Navajas
359,367,9,4,2024-01-07 17:00:00,10000.00,cancelada,nequi,Jorge Herrera Medina,Corte degradado,Mateo Barber
360,1674,29,18,2024-10-10 18:00:00,50000.00,atendida,nequi,Samuel Ocampo Martínez,Coloracion fantasia,Nico Estilo
361,1860,12,10,2024-12-12 17:00:00,12000.00,cancelada,nequi,Nicolás Salazar Silva,Corte moderno,Yeferson King
362,599,17,29,2023-06-13 17:00:00,20000.00,cancelada,tarjeta,Patricia Londoño Arias,Barba + hidratacion,El Calvo Cuts
363,768,16,9,2023-08-12 16:00:00,8000.00,atendida,daviplata,Felipe Parra Ospina,Barba completa,Brayan Scissors
364,87,14,3,2023-01-19 12:00:00,15000.00,cancelada,transferencia,Carlos García Ocampo,Corte + tinte,Juancho El Indio
365,1218,6,17,2023-05-05 12:00:00,14000.00,atendida,transferencia,Sergio Bedoya Delgado,Corte de cabello Basico + barba,Kevin El Maestro
366,1711,7,19,2024-11-04 17:00:00,13000.00,atendida,efectivo,Santiago Londoño Martínez,Arreglo de barba,Fercho Barber
367,79,11,25,2023-07-28 16:00:00,25000.00,atendida,nequi,Marcela Pérez Jiménez,Corte clasico,Lucho Precision
368,874,29,19,2024-11-10 15:00:00,50000.00,atendida,tarjeta,Carolina Delgado Montoya,Coloracion fantasia,Fercho Barber
369,462,3,12,2023-05-24 17:00:00,8000.00,atendida,transferencia,Ricardo Correa Arias,Arreglo de barba,Duvan Fresh
370,369,15,31,2023-07-26 12:00:00,14000.00,atendida,nequi,Paula Medina Cruz,Tinte completo,Cristian Fade
371,1069,19,26,2023-09-01 16:00:00,60000.00,atendida,tarjeta,Miguel Flores Londoño,Cejas + barba,Andres El Pro
372,1001,8,11,2024-02-05 08:00:00,16000.00,cancelada,transferencia,Jorge Ospina Díaz,Corte + lavado,El Mono Barber
373,380,20,5,2023-04-09 10:00:00,22000.00,cancelada,efectivo,Lizeth Reyes Ruiz,Depilacion de cejas,El Vikingo
374,1993,14,28,2023-09-15 15:00:00,15000.00,atendida,daviplata,Juan Herrera Sánchez,Corte + tinte,Yeison Barber
375,567,17,27,2024-08-01 17:00:00,20000.00,atendida,nequi,Sofia Salazar Rodríguez,Barba + hidratacion,Tomas Clipper
376,324,29,28,2023-03-26 15:00:00,50000.00,cancelada,tarjeta,Nathaly Sánchez Bedoya,Coloracion fantasia,Yeison Barber
377,1215,7,26,2023-06-09 14:00:00,13000.00,atendida,transferencia,Adriana Moreno Ramos,Arreglo de barba,Andres El Pro
378,1898,8,24,2024-11-04 09:00:00,16000.00,atendida,tarjeta,Hernán Rivera González,Corte + lavado,El Negro Barber
379,627,6,6,2024-02-21 10:00:00,14000.00,cancelada,tarjeta,Carlos Rivera Morales,Corte de cabello Basico + barba,Chelo Cuts
380,1847,10,22,2023-10-25 10:00:00,35000.00,atendida,efectivo,Jhon Suárez Romero,Corte navaja,Diego Fadero
381,1833,23,26,2023-01-19 11:00:00,30000.00,atendida,efectivo,Raúl Rojas Ospina,Keratina,Andres El Pro
382,52,8,21,2023-04-28 10:00:00,16000.00,atendida,tarjeta,Julián Martínez Romero,Corte + lavado,Wilmar Style
383,328,21,4,2023-12-26 18:00:00,25000.00,atendida,efectivo,Oscar Arias Herrera,Limpieza facial,Mateo Barber
384,753,16,17,2023-08-12 12:00:00,8000.00,atendida,daviplata,Patricia Rodríguez Suárez,Barba completa,Kevin El Maestro
385,1761,5,28,2023-05-22 12:00:00,15000.00,cancelada,nequi,Nicolás Arias Espinoza,Corte de cabello Basico,Yeison Barber
386,473,24,30,2023-01-08 14:00:00,50000.00,atendida,efectivo,Monica Espinoza Silva,Corte + barba + cejas,Pipe Navajas
387,455,11,30,2023-12-23 08:00:00,25000.00,cancelada,tarjeta,Rodrigo Arias Martínez,Corte clasico,Pipe Navajas
388,768,2,19,2023-10-11 12:00:00,15000.00,atendida,tarjeta,Felipe Parra Ospina,Corte de cabello Basico + barba,Fercho Barber
389,327,17,7,2024-11-19 10:00:00,20000.00,atendida,efectivo,Juan Ramírez Vargas,Barba + hidratacion,Pipe El Crack
390,861,24,13,2024-05-10 12:00:00,50000.00,atendida,daviplata,Samuel Ramírez Flores,Corte + barba + cejas,Camilo Pro
391,1595,7,21,2024-07-04 09:00:00,13000.00,cancelada,tarjeta,Andrea Morales Peña,Arreglo de barba,Wilmar Style
392,1966,28,9,2023-07-30 16:00:00,55000.00,atendida,nequi,Fernando Ocampo Ocampo,Pack novio completo,Brayan Scissors
393,717,8,26,2024-10-16 08:00:00,16000.00,atendida,daviplata,Miguel Ramírez Jiménez,Corte + lavado,Andres El Pro
394,1986,3,11,2024-06-20 17:00:00,8000.00,cancelada,daviplata,Dayana Díaz Rodríguez,Arreglo de barba,El Mono Barber
395,841,6,16,2023-01-17 12:00:00,14000.00,atendida,tarjeta,Ana Ortiz Arias,Corte de cabello Basico + barba,Sebastián Blade
396,1584,11,11,2024-02-15 14:00:00,25000.00,atendida,nequi,Maria González González,Corte clasico,El Mono Barber
397,176,29,9,2023-11-04 16:00:00,50000.00,atendida,efectivo,Rodrigo Gómez Romero,Coloracion fantasia,Brayan Scissors
398,1189,24,24,2023-12-03 08:00:00,50000.00,atendida,tarjeta,Laura Ramírez Cruz,Corte + barba + cejas,El Negro Barber
399,411,1,18,2023-02-08 14:00:00,12000.00,atendida,efectivo,Miguel Delgado Martínez,Corte de cabello Basico,Nico Estilo
400,238,14,7,2024-01-30 08:00:00,15000.00,atendida,daviplata,Camila Medina Gutiérrez,Corte + tinte,Pipe El Crack
401,857,9,4,2024-06-24 16:00:00,10000.00,cancelada,daviplata,Wilmar Gutiérrez Medina,Corte degradado,Mateo Barber
402,1131,1,21,2024-01-05 08:00:00,12000.00,atendida,transferencia,Sebastián Arias Gómez,Corte de cabello Basico,Wilmar Style
403,947,29,2,2023-07-13 15:00:00,50000.00,atendida,nequi,Yulieth Rivera Cárdenas,Coloracion fantasia,Maicol Style
404,1059,10,25,2024-01-29 10:00:00,35000.00,atendida,daviplata,Leidy Correa Bedoya,Corte navaja,Lucho Precision
405,1984,14,22,2023-03-25 11:00:00,15000.00,cancelada,tarjeta,Santiago Herrera Díaz,Corte + tinte,Diego Fadero
406,531,10,11,2024-11-23 11:00:00,35000.00,atendida,daviplata,Sofia Bedoya Rodríguez,Corte navaja,El Mono Barber
407,1524,29,7,2023-06-08 17:00:00,50000.00,cancelada,tarjeta,Dayana Montoya Guerrero,Coloracion fantasia,Pipe El Crack
408,1478,27,6,2024-06-28 15:00:00,22000.00,atendida,nequi,Esteban Gutiérrez Ríos,Tratamiento anticaida,Chelo Cuts
409,594,15,31,2024-04-18 18:00:00,14000.00,atendida,efectivo,Johana Mendoza Bedoya,Tinte completo,Cristian Fade
410,769,9,16,2024-03-28 08:00:00,10000.00,cancelada,tarjeta,Esteban González Sánchez,Corte degradado,Sebastián Blade
411,1436,17,30,2024-12-05 08:00:00,20000.00,atendida,transferencia,Sofia Ortiz Ramos,Barba + hidratacion,Pipe Navajas
412,1240,17,23,2023-10-30 16:00:00,20000.00,atendida,efectivo,Mateo Suárez Vargas,Barba + hidratacion,Santi Premium
413,1306,13,24,2023-11-15 16:00:00,18000.00,cancelada,nequi,Diego Mendoza Pérez,Corte infantil,El Negro Barber
414,1746,9,11,2023-03-30 09:00:00,10000.00,atendida,daviplata,Cristian Peña Henao,Corte degradado,El Mono Barber
415,1842,14,30,2023-05-05 08:00:00,15000.00,atendida,daviplata,Samuel Bedoya Rodríguez,Corte + tinte,Pipe Navajas
416,369,6,26,2024-02-03 09:00:00,14000.00,atendida,daviplata,Paula Medina Cruz,Corte de cabello Basico + barba,Andres El Pro
417,617,19,14,2023-08-22 09:00:00,60000.00,atendida,transferencia,Jhon Jiménez Ramírez,Cejas + barba,El Tigre Cuts
418,1691,15,31,2024-07-02 08:00:00,14000.00,atendida,daviplata,Raúl Rojas Vega,Tinte completo,Cristian Fade
419,746,24,21,2024-12-31 11:00:00,50000.00,cancelada,daviplata,Laura Silva Medina,Corte + barba + cejas,Wilmar Style
420,1688,4,30,2024-09-01 17:00:00,18000.00,cancelada,nequi,Nicolás González Herrera,Corte + lavado,Pipe Navajas
421,885,10,5,2024-12-07 17:00:00,35000.00,cancelada,tarjeta,Sara Herrera Moreno,Corte navaja,El Vikingo
422,772,3,29,2024-02-15 11:00:00,8000.00,cancelada,transferencia,Claudia Castro Ospina,Arreglo de barba,El Calvo Cuts
423,963,16,25,2023-02-20 10:00:00,8000.00,cancelada,tarjeta,Jorge Jiménez Reyes,Barba completa,Lucho Precision
424,1761,18,28,2023-10-21 18:00:00,22000.00,atendida,efectivo,Nicolás Arias Espinoza,Afeitado clasico navaja,Yeison Barber
425,715,17,28,2024-11-11 11:00:00,20000.00,atendida,efectivo,Lizeth Montoya Flores,Barba + hidratacion,Yeison Barber
426,776,17,28,2024-03-11 18:00:00,20000.00,atendida,daviplata,Sergio Martínez Rodríguez,Barba + hidratacion,Yeison Barber
427,280,11,27,2024-04-02 15:00:00,25000.00,atendida,transferencia,Cristian Suárez Suárez,Corte clasico,Tomas Clipper
428,98,20,27,2023-03-23 11:00:00,22000.00,atendida,nequi,Julián Henao Bedoya,Depilacion de cejas,Tomas Clipper
429,738,2,19,2023-04-30 18:00:00,15000.00,atendida,tarjeta,Juan Salazar Torres,Corte de cabello Basico + barba,Fercho Barber
430,1692,17,18,2024-08-09 10:00:00,20000.00,atendida,nequi,Mateo Flores Ortiz,Barba + hidratacion,Nico Estilo
431,166,18,26,2024-04-27 15:00:00,22000.00,atendida,efectivo,Lucia Pérez Romero,Afeitado clasico navaja,Andres El Pro
432,1926,29,13,2023-02-13 17:00:00,50000.00,atendida,tarjeta,Andrés Ruiz Ruiz,Coloracion fantasia,Camilo Pro
433,1332,23,28,2023-06-26 17:00:00,30000.00,atendida,daviplata,Carlos Moreno Bedoya,Keratina,Yeison Barber
434,1577,24,19,2023-09-21 10:00:00,50000.00,atendida,efectivo,Duvan Cruz Rivera,Corte + barba + cejas,Fercho Barber
435,1273,2,12,2024-06-23 08:00:00,15000.00,atendida,transferencia,Monica Silva Correa,Corte de cabello Basico + barba,Duvan Fresh
436,950,10,10,2023-09-05 14:00:00,35000.00,atendida,efectivo,Sofia Torres Arias,Corte navaja,Yeferson King
437,1645,6,10,2023-04-27 17:00:00,14000.00,cancelada,tarjeta,Xiomara Pérez Medina,Corte de cabello Basico + barba,Yeferson King
438,750,6,30,2024-01-14 09:00:00,14000.00,atendida,transferencia,Santiago Montoya Romero,Corte de cabello Basico + barba,Pipe Navajas
439,1122,5,3,2023-02-11 11:00:00,15000.00,atendida,nequi,Paula Ospina Henao,Corte de cabello Basico,Juancho El Indio
440,1757,11,3,2024-08-31 14:00:00,25000.00,atendida,tarjeta,Kevin Suárez Pérez,Corte clasico,Juancho El Indio
441,1846,20,4,2023-04-09 09:00:00,22000.00,atendida,tarjeta,Xiomara Mendoza Reyes,Depilacion de cejas,Mateo Barber
442,382,7,15,2024-12-14 16:00:00,13000.00,atendida,transferencia,Adriana Pérez García,Arreglo de barba,Jhon Navajas
443,585,7,7,2023-09-25 11:00:00,13000.00,atendida,efectivo,Fabian Correa Flores,Arreglo de barba,Pipe El Crack
444,1109,28,26,2024-09-29 14:00:00,55000.00,atendida,transferencia,Camila Bedoya Parra,Pack novio completo,Andres El Pro
445,239,17,6,2024-10-27 10:00:00,20000.00,cancelada,tarjeta,Santiago Espinoza Moreno,Barba + hidratacion,Chelo Cuts
446,1053,18,19,2024-07-10 14:00:00,22000.00,atendida,transferencia,Samuel Gómez Gómez,Afeitado clasico navaja,Fercho Barber
447,616,11,27,2023-11-07 12:00:00,25000.00,atendida,transferencia,Monica Cárdenas Bedoya,Corte clasico,Tomas Clipper
448,112,6,4,2023-08-07 08:00:00,14000.00,cancelada,tarjeta,Mauricio Guerrero Flores,Corte de cabello Basico + barba,Mateo Barber
449,762,27,18,2024-06-15 08:00:00,22000.00,cancelada,tarjeta,Mauricio Ortiz Rivera,Tratamiento anticaida,Nico Estilo
450,761,18,20,2023-08-22 15:00:00,22000.00,atendida,nequi,Nicolás López Díaz,Afeitado clasico navaja,El Paisa Cuts
451,916,21,19,2023-05-20 17:00:00,25000.00,atendida,nequi,Daniela Castro Romero,Limpieza facial,Fercho Barber
452,1104,2,26,2023-01-11 10:00:00,15000.00,cancelada,transferencia,Alejandro López Ospina,Corte de cabello Basico + barba,Andres El Pro
453,605,13,15,2023-06-07 17:00:00,18000.00,cancelada,tarjeta,Santiago Morales Herrera,Corte infantil,Jhon Navajas
454,748,16,2,2024-06-07 11:00:00,8000.00,cancelada,efectivo,Rodrigo Castro Parra,Barba completa,Maicol Style
455,818,26,31,2023-06-19 18:00:00,50000.00,atendida,daviplata,Laura Vega Rojas,Masaje capilar,Cristian Fade
456,1065,20,21,2024-12-27 10:00:00,22000.00,atendida,tarjeta,Raúl Romero Henao,Depilacion de cejas,Wilmar Style
457,894,28,8,2023-08-31 10:00:00,55000.00,atendida,daviplata,Wilmar Gómez Gutiérrez,Pack novio completo,Tato Fade
458,1651,28,12,2024-09-25 15:00:00,55000.00,atendida,transferencia,Sara Bedoya Gutiérrez,Pack novio completo,Duvan Fresh
459,535,3,14,2023-11-24 08:00:00,8000.00,atendida,daviplata,Fabian Peña Arias,Arreglo de barba,El Tigre Cuts
460,1437,30,2,2024-01-06 11:00:00,40000.00,atendida,daviplata,Raúl Ocampo Ocampo,Corte + lavado + barba,Maicol Style
461,1688,12,21,2024-02-25 10:00:00,12000.00,atendida,transferencia,Nicolás González Herrera,Corte moderno,Wilmar Style
462,61,14,17,2023-05-24 10:00:00,15000.00,atendida,daviplata,Carolina Romero Rojas,Corte + tinte,Kevin El Maestro
463,1274,20,7,2023-05-08 17:00:00,22000.00,atendida,efectivo,Sebastián Ortiz Ríos,Depilacion de cejas,Pipe El Crack
464,1230,5,6,2024-11-29 11:00:00,15000.00,atendida,efectivo,Alejandro Rodríguez Rivera,Corte de cabello Basico,Chelo Cuts
465,1413,15,12,2023-02-13 10:00:00,14000.00,atendida,tarjeta,Alejandro Pérez Correa,Tinte completo,Duvan Fresh
466,1018,18,23,2023-10-24 16:00:00,22000.00,cancelada,nequi,Andrés Herrera Suárez,Afeitado clasico navaja,Santi Premium
467,776,27,24,2023-12-20 09:00:00,22000.00,atendida,transferencia,Sergio Martínez Rodríguez,Tratamiento anticaida,El Negro Barber
468,1667,11,18,2023-12-09 12:00:00,25000.00,cancelada,transferencia,Carolina Parra Medina,Corte clasico,Nico Estilo
469,338,15,2,2023-12-08 17:00:00,14000.00,atendida,transferencia,Paola Pérez Ocampo,Tinte completo,Maicol Style
470,371,23,9,2023-08-06 11:00:00,30000.00,atendida,nequi,Sebastián Sánchez Parra,Keratina,Brayan Scissors
471,580,2,10,2023-10-01 17:00:00,15000.00,atendida,efectivo,Luis Morales Jiménez,Corte de cabello Basico + barba,Yeferson King
472,1435,13,27,2023-10-25 11:00:00,18000.00,cancelada,tarjeta,Nicolás Ríos Cárdenas,Corte infantil,Tomas Clipper
473,808,29,21,2024-07-08 10:00:00,50000.00,atendida,daviplata,Oscar Ocampo Rivera,Coloracion fantasia,Wilmar Style
474,308,8,2,2023-08-14 15:00:00,16000.00,atendida,nequi,Xiomara Salazar Ramos,Corte + lavado,Maicol Style
475,1807,16,29,2024-10-06 16:00:00,8000.00,atendida,transferencia,Hernán Correa Arias,Barba completa,El Calvo Cuts
476,1289,3,28,2023-06-03 17:00:00,8000.00,atendida,nequi,Carolina Ríos Correa,Arreglo de barba,Yeison Barber
477,717,1,19,2024-10-04 18:00:00,12000.00,cancelada,nequi,Miguel Ramírez Jiménez,Corte de cabello Basico,Fercho Barber
478,1743,8,28,2024-09-25 12:00:00,16000.00,atendida,daviplata,Oscar Ospina Rivera,Corte + lavado,Yeison Barber
479,1760,14,3,2023-01-28 15:00:00,15000.00,cancelada,daviplata,Mauricio González Herrera,Corte + tinte,Juancho El Indio
480,1553,23,16,2024-03-28 09:00:00,30000.00,atendida,efectivo,Patricia Delgado Ospina,Keratina,Sebastián Blade
481,1787,17,5,2023-04-29 18:00:00,20000.00,atendida,nequi,Jhon González Castro,Barba + hidratacion,El Vikingo
482,1295,24,12,2023-11-05 15:00:00,50000.00,atendida,nequi,Camila Suárez Vega,Corte + barba + cejas,Duvan Fresh
483,103,19,20,2023-07-10 10:00:00,60000.00,cancelada,daviplata,Mauricio Sánchez Rodríguez,Cejas + barba,El Paisa Cuts
484,1993,25,27,2023-06-14 14:00:00,80000.00,atendida,transferencia,Juan Herrera Sánchez,Corte + hidratacion,Tomas Clipper
485,1010,27,20,2023-11-10 15:00:00,22000.00,atendida,tarjeta,Jhon Pérez Ramos,Tratamiento anticaida,El Paisa Cuts
486,202,20,29,2023-12-01 18:00:00,22000.00,cancelada,tarjeta,Luis Ospina Martínez,Depilacion de cejas,El Calvo Cuts
487,205,3,10,2024-07-13 08:00:00,8000.00,atendida,daviplata,Fabian Pérez Jiménez,Arreglo de barba,Yeferson King
488,1200,8,25,2024-10-10 09:00:00,16000.00,atendida,efectivo,Laura Correa Castro,Corte + lavado,Lucho Precision
489,905,6,5,2024-01-10 18:00:00,14000.00,cancelada,transferencia,Ricardo Cruz Londoño,Corte de cabello Basico + barba,El Vikingo
490,1080,9,27,2023-10-21 18:00:00,10000.00,cancelada,efectivo,Carlos Martínez Ocampo,Corte degradado,Tomas Clipper
491,2009,6,17,2024-02-26 09:00:00,14000.00,atendida,transferencia,Adriana Morales Rivera,Corte de cabello Basico + barba,Kevin El Maestro
492,1421,10,12,2023-03-12 10:00:00,35000.00,cancelada,nequi,Felipe Ospina Vargas,Corte navaja,Duvan Fresh
493,1171,9,5,2024-07-23 18:00:00,10000.00,cancelada,daviplata,Alejandro Zapata Suárez,Corte degradado,El Vikingo
494,1888,10,26,2024-02-16 10:00:00,35000.00,atendida,efectivo,Yesid Mendoza Salazar,Corte navaja,Andres El Pro
495,811,4,9,2023-11-25 09:00:00,18000.00,atendida,transferencia,Melissa Cruz Romero,Corte + lavado,Brayan Scissors
496,219,26,22,2024-01-15 09:00:00,50000.00,atendida,efectivo,Rodrigo Morales Ocampo,Masaje capilar,Diego Fadero
497,1430,21,30,2023-06-21 15:00:00,25000.00,cancelada,daviplata,Mariana Ruiz Delgado,Limpieza facial,Pipe Navajas
498,899,23,13,2023-04-20 14:00:00,30000.00,atendida,daviplata,Valentina Delgado Flores,Keratina,Camilo Pro
499,1483,19,10,2023-09-04 10:00:00,60000.00,atendida,efectivo,Deisy Ocampo Castro,Cejas + barba,Yeferson King
500,2013,8,28,2023-10-03 11:00:00,16000.00,atendida,tarjeta,Isabella Bedoya Jiménez,Corte + lavado,Yeison Barber
501,1983,17,17,2024-06-25 12:00:00,20000.00,atendida,tarjeta,Lizeth Pérez Cruz,Barba + hidratacion,Kevin El Maestro
502,1038,27,21,2024-09-22 10:00:00,22000.00,atendida,transferencia,Kevin Guerrero Parra,Tratamiento anticaida,Wilmar Style
503,501,19,7,2024-03-24 17:00:00,60000.00,atendida,transferencia,Jorge Martínez García,Cejas + barba,Pipe El Crack
504,1616,21,20,2024-09-13 17:00:00,25000.00,cancelada,nequi,Angie Castro Gómez,Limpieza facial,El Paisa Cuts
505,219,1,2,2023-06-06 15:00:00,12000.00,atendida,nequi,Rodrigo Morales Ocampo,Corte de cabello Basico,Maicol Style
506,436,12,31,2023-11-16 11:00:00,12000.00,atendida,tarjeta,Kevin Díaz Ocampo,Corte moderno,Cristian Fade
507,67,27,18,2023-05-06 10:00:00,22000.00,atendida,transferencia,Johana Espinoza Jiménez,Tratamiento anticaida,Nico Estilo
508,1581,13,16,2024-09-19 08:00:00,18000.00,atendida,efectivo,Sebastián Díaz Henao,Corte infantil,Sebastián Blade
509,2010,10,26,2024-07-26 09:00:00,35000.00,atendida,transferencia,Ana Moreno Vega,Corte navaja,Andres El Pro
510,680,10,4,2024-05-26 09:00:00,35000.00,atendida,daviplata,Esteban Gómez Martínez,Corte navaja,Mateo Barber
511,1960,22,4,2023-06-21 14:00:00,15000.00,atendida,daviplata,Lucia Ocampo Rodríguez,Hidratacion capilar,Mateo Barber
512,318,9,27,2024-10-07 18:00:00,10000.00,atendida,nequi,Adriana Bedoya Ruiz,Corte degradado,Tomas Clipper
513,856,14,26,2023-11-27 10:00:00,15000.00,atendida,daviplata,Felipe Moreno Romero,Corte + tinte,Andres El Pro
514,785,23,8,2024-01-29 18:00:00,30000.00,atendida,efectivo,Johana Rivera Silva,Keratina,Tato Fade
515,544,30,16,2024-04-16 18:00:00,40000.00,atendida,transferencia,Nicolás Zapata Londoño,Corte + lavado + barba,Sebastián Blade
516,1531,1,14,2023-07-30 08:00:00,12000.00,cancelada,transferencia,Yulieth Vega Vega,Corte de cabello Basico,El Tigre Cuts
517,1179,22,25,2024-06-29 18:00:00,15000.00,cancelada,daviplata,Claudia Flores Pérez,Hidratacion capilar,Lucho Precision
518,1410,17,13,2024-08-31 09:00:00,20000.00,atendida,transferencia,Rodrigo Herrera Ocampo,Barba + hidratacion,Camilo Pro
519,2014,6,30,2024-09-28 11:00:00,14000.00,atendida,transferencia,Laura Montoya Díaz,Corte de cabello Basico + barba,Pipe Navajas
520,1349,3,12,2023-05-19 08:00:00,8000.00,atendida,nequi,Leidy Salazar Ruiz,Arreglo de barba,Duvan Fresh
521,1116,8,10,2023-11-28 11:00:00,16000.00,cancelada,daviplata,Sergio Delgado Henao,Corte + lavado,Yeferson King
522,1684,6,4,2024-05-05 10:00:00,14000.00,atendida,nequi,Nathaly Cárdenas Morales,Corte de cabello Basico + barba,Mateo Barber
523,513,10,15,2024-01-20 14:00:00,35000.00,cancelada,daviplata,Natalia Flores Guerrero,Corte navaja,Jhon Navajas
524,775,4,13,2023-09-18 10:00:00,18000.00,atendida,daviplata,Maria Mendoza Ramírez,Corte + lavado,Camilo Pro
525,45,25,22,2023-10-23 15:00:00,80000.00,atendida,transferencia,Jhon Reyes Ríos,Corte + hidratacion,Diego Fadero
526,1475,1,12,2023-02-04 09:00:00,12000.00,atendida,transferencia,Laura Arias Herrera,Corte de cabello Basico,Duvan Fresh
527,1570,6,31,2024-08-08 17:00:00,14000.00,atendida,nequi,Paola Pérez González,Corte de cabello Basico + barba,Cristian Fade
528,1289,29,24,2023-11-11 15:00:00,50000.00,atendida,transferencia,Carolina Ríos Correa,Coloracion fantasia,El Negro Barber
529,1436,26,26,2023-03-26 09:00:00,50000.00,atendida,tarjeta,Sofia Ortiz Ramos,Masaje capilar,Andres El Pro
530,1239,23,18,2024-09-09 10:00:00,30000.00,atendida,nequi,Isabella Bedoya Pérez,Keratina,Nico Estilo
531,1884,17,5,2024-08-19 15:00:00,20000.00,atendida,efectivo,Samuel Delgado Ruiz,Barba + hidratacion,El Vikingo
532,682,27,20,2023-05-21 11:00:00,22000.00,atendida,daviplata,Jhon Silva Parra,Tratamiento anticaida,El Paisa Cuts
533,1354,29,13,2023-04-19 12:00:00,50000.00,atendida,tarjeta,Sara López Ruiz,Coloracion fantasia,Camilo Pro
534,1107,17,28,2023-05-06 11:00:00,20000.00,atendida,transferencia,Sara Ramírez Herrera,Barba + hidratacion,Yeison Barber
535,268,10,22,2023-04-27 14:00:00,35000.00,cancelada,efectivo,Catalina Herrera Rojas,Corte navaja,Diego Fadero
536,144,23,23,2024-11-12 17:00:00,30000.00,atendida,daviplata,Esteban Muñoz Gutiérrez,Keratina,Santi Premium
537,272,4,3,2024-06-19 16:00:00,18000.00,cancelada,nequi,Hernán Flores Ocampo,Corte + lavado,Juancho El Indio
538,465,6,20,2024-05-10 18:00:00,14000.00,atendida,transferencia,Fernando Flores Montoya,Corte de cabello Basico + barba,El Paisa Cuts
539,769,19,29,2023-04-09 18:00:00,60000.00,atendida,tarjeta,Esteban González Sánchez,Cejas + barba,El Calvo Cuts
540,1979,30,9,2023-01-13 09:00:00,40000.00,atendida,daviplata,Yulieth Suárez Martínez,Corte + lavado + barba,Brayan Scissors
541,1845,2,15,2023-03-27 08:00:00,15000.00,atendida,nequi,David Henao Pérez,Corte de cabello Basico + barba,Jhon Navajas
542,776,1,18,2024-01-17 14:00:00,12000.00,atendida,tarjeta,Sergio Martínez Rodríguez,Corte de cabello Basico,Nico Estilo
543,1246,11,11,2023-01-25 08:00:00,25000.00,atendida,nequi,Melissa Vargas Ospina,Corte clasico,El Mono Barber
544,465,20,2,2024-04-18 15:00:00,22000.00,atendida,nequi,Fernando Flores Montoya,Depilacion de cejas,Maicol Style
545,1857,3,18,2024-04-25 10:00:00,8000.00,cancelada,tarjeta,Brayan Flores Sánchez,Arreglo de barba,Nico Estilo
546,683,7,29,2024-05-18 12:00:00,13000.00,cancelada,efectivo,Jorge Salazar Guerrero,Arreglo de barba,El Calvo Cuts
547,1284,26,24,2023-11-12 10:00:00,50000.00,atendida,nequi,Juan Arias Bedoya,Masaje capilar,El Negro Barber
548,1264,16,30,2023-09-23 17:00:00,8000.00,atendida,nequi,Ricardo Arias Ortiz,Barba completa,Pipe Navajas
549,901,28,6,2024-02-17 16:00:00,55000.00,atendida,tarjeta,Monica Vega Rojas,Pack novio completo,Chelo Cuts
550,886,16,25,2023-12-17 09:00:00,8000.00,atendida,tarjeta,Ricardo Jiménez Montoya,Barba completa,Lucho Precision
551,1987,6,26,2023-06-10 18:00:00,14000.00,atendida,transferencia,Adriana Romero Peña,Corte de cabello Basico + barba,Andres El Pro
552,1535,5,3,2023-06-01 08:00:00,15000.00,atendida,tarjeta,Patricia González Bedoya,Corte de cabello Basico,Juancho El Indio
553,1175,8,17,2023-03-29 08:00:00,16000.00,cancelada,transferencia,Mateo López Ocampo,Corte + lavado,Kevin El Maestro
554,902,18,9,2023-09-23 12:00:00,22000.00,cancelada,daviplata,Carolina Gutiérrez Ruiz,Afeitado clasico navaja,Brayan Scissors
555,977,2,27,2023-02-19 15:00:00,15000.00,atendida,efectivo,Julián Romero Salazar,Corte de cabello Basico + barba,Tomas Clipper
556,152,27,7,2024-11-07 15:00:00,22000.00,cancelada,efectivo,Julián Pérez Arias,Tratamiento anticaida,Pipe El Crack
557,237,21,29,2024-01-02 17:00:00,25000.00,atendida,efectivo,Diana Rivera Morales,Limpieza facial,El Calvo Cuts
558,376,23,26,2024-07-10 10:00:00,30000.00,cancelada,daviplata,Santiago Rojas Herrera,Keratina,Andres El Pro
559,1933,17,24,2024-01-24 15:00:00,20000.00,atendida,efectivo,Sergio Ramírez Bedoya,Barba + hidratacion,El Negro Barber
560,1916,19,27,2024-08-04 15:00:00,60000.00,atendida,daviplata,Sofia Arias Pérez,Cejas + barba,Tomas Clipper
561,1053,23,3,2023-05-11 17:00:00,30000.00,cancelada,transferencia,Samuel Gómez Gómez,Keratina,Juancho El Indio
562,893,15,8,2024-05-06 09:00:00,14000.00,cancelada,transferencia,Nathaly Sánchez Rodríguez,Tinte completo,Tato Fade
563,1969,18,25,2024-10-11 08:00:00,22000.00,atendida,nequi,Jorge Flores Morales,Afeitado clasico navaja,Lucho Precision
564,1559,3,19,2024-11-19 15:00:00,8000.00,atendida,efectivo,Jorge Pérez Zapata,Arreglo de barba,Fercho Barber
565,1423,29,10,2024-04-16 08:00:00,50000.00,atendida,nequi,Adriana Herrera Rodríguez,Coloracion fantasia,Yeferson King
566,1166,1,18,2023-09-16 12:00:00,12000.00,atendida,tarjeta,Yesid Rivera Ruiz,Corte de cabello Basico,Nico Estilo
567,1047,25,9,2023-08-30 08:00:00,80000.00,atendida,daviplata,Sebastián Torres Henao,Corte + hidratacion,Brayan Scissors
568,303,20,24,2024-06-05 16:00:00,22000.00,atendida,nequi,Diego Morales Rojas,Depilacion de cejas,El Negro Barber
569,58,7,28,2024-10-23 12:00:00,13000.00,atendida,transferencia,Isabella Vega Vargas,Arreglo de barba,Yeison Barber
570,1683,12,15,2023-06-30 10:00:00,12000.00,atendida,efectivo,Camila López Herrera,Corte moderno,Jhon Navajas
571,670,2,8,2024-11-28 08:00:00,15000.00,cancelada,transferencia,Yesid Ramírez Vargas,Corte de cabello Basico + barba,Tato Fade
572,1706,25,6,2023-01-06 12:00:00,80000.00,atendida,transferencia,Dayana Mendoza Ocampo,Corte + hidratacion,Chelo Cuts
573,1636,12,30,2024-01-05 18:00:00,12000.00,atendida,nequi,Andrés Martínez Gutiérrez,Corte moderno,Pipe Navajas
574,996,26,12,2024-11-24 16:00:00,50000.00,atendida,transferencia,David Arias Ramírez,Masaje capilar,Duvan Fresh
575,875,25,15,2024-02-29 15:00:00,80000.00,cancelada,transferencia,David Rodríguez Jiménez,Corte + hidratacion,Jhon Navajas
576,829,21,22,2024-11-01 17:00:00,25000.00,atendida,transferencia,Alejandro López Cruz,Limpieza facial,Diego Fadero
577,618,24,21,2024-08-18 17:00:00,50000.00,atendida,nequi,Patricia Vega Gómez,Corte + barba + cejas,Wilmar Style
578,1190,9,13,2023-09-05 14:00:00,10000.00,atendida,transferencia,Johana Mendoza Reyes,Corte degradado,Camilo Pro
579,1282,20,17,2023-04-07 16:00:00,22000.00,atendida,efectivo,Wilmar Gómez Cruz,Depilacion de cejas,Kevin El Maestro
580,1913,16,3,2023-01-15 17:00:00,8000.00,atendida,daviplata,Leidy Mendoza Zapata,Barba completa,Juancho El Indio
581,1373,22,21,2023-12-21 17:00:00,15000.00,atendida,daviplata,Diana Silva Medina,Hidratacion capilar,Wilmar Style
582,231,3,27,2024-08-25 18:00:00,8000.00,atendida,efectivo,Diana Ramos Pérez,Arreglo de barba,Tomas Clipper
583,876,9,14,2023-12-10 09:00:00,10000.00,atendida,tarjeta,Luis Ríos Espinoza,Corte degradado,El Tigre Cuts
584,1940,20,3,2023-05-05 14:00:00,22000.00,atendida,efectivo,Oscar Reyes Martínez,Depilacion de cejas,Juancho El Indio
585,673,26,15,2024-03-28 18:00:00,50000.00,cancelada,daviplata,Patricia Castro Gómez,Masaje capilar,Jhon Navajas
586,703,21,6,2024-07-08 10:00:00,25000.00,atendida,efectivo,Fabian Rojas Ortiz,Limpieza facial,Chelo Cuts
587,1635,8,8,2023-10-05 18:00:00,16000.00,atendida,tarjeta,Ferney Ospina Rojas,Corte + lavado,Tato Fade
588,116,15,23,2023-10-27 14:00:00,14000.00,cancelada,transferencia,Patricia García Mendoza,Tinte completo,Santi Premium
589,150,5,21,2024-11-30 08:00:00,15000.00,cancelada,efectivo,Rodrigo Correa Arias,Corte de cabello Basico,Wilmar Style
590,1368,14,4,2023-04-02 08:00:00,15000.00,atendida,transferencia,Oscar Londoño Vega,Corte + tinte,Mateo Barber
591,146,10,18,2024-08-14 08:00:00,35000.00,cancelada,tarjeta,Mariana Suárez Morales,Corte navaja,Nico Estilo
592,1074,25,16,2024-07-14 08:00:00,80000.00,cancelada,tarjeta,Santiago Arias Guerrero,Corte + hidratacion,Sebastián Blade
593,1927,4,20,2024-10-28 14:00:00,18000.00,cancelada,daviplata,Yulieth Salazar Herrera,Corte + lavado,El Paisa Cuts
594,325,8,9,2024-06-07 18:00:00,16000.00,cancelada,efectivo,Duvan Rodríguez Ramírez,Corte + lavado,Brayan Scissors
595,1558,20,31,2024-01-07 17:00:00,22000.00,atendida,transferencia,Valentina Herrera Espinoza,Depilacion de cejas,Cristian Fade
596,1196,3,2,2024-11-22 09:00:00,8000.00,cancelada,daviplata,Angie Sánchez Salazar,Arreglo de barba,Maicol Style
597,1454,27,20,2023-03-13 11:00:00,22000.00,atendida,efectivo,Miguel López Suárez,Tratamiento anticaida,El Paisa Cuts
598,1606,28,24,2023-02-17 16:00:00,55000.00,atendida,tarjeta,Raúl Cárdenas Guerrero,Pack novio completo,El Negro Barber
599,459,24,24,2024-11-17 14:00:00,50000.00,atendida,nequi,David Zapata Herrera,Corte + barba + cejas,El Negro Barber
600,994,3,29,2024-01-31 08:00:00,8000.00,atendida,tarjeta,Sebastián Díaz Ortiz,Arreglo de barba,El Calvo Cuts
601,1366,4,30,2023-10-29 16:00:00,18000.00,atendida,tarjeta,Yesid Parra Parra,Corte + lavado,Pipe Navajas
602,331,13,4,2024-03-28 18:00:00,18000.00,cancelada,nequi,Hernán Bedoya Herrera,Corte infantil,Mateo Barber
603,694,12,4,2024-07-08 16:00:00,12000.00,atendida,daviplata,Isabella Montoya Ríos,Corte moderno,Mateo Barber
604,1073,21,30,2023-07-29 14:00:00,25000.00,cancelada,efectivo,Johana Jiménez Pérez,Limpieza facial,Pipe Navajas
605,1137,19,18,2023-11-28 17:00:00,60000.00,atendida,daviplata,Yesid Londoño Jiménez,Cejas + barba,Nico Estilo
606,1652,22,27,2024-08-11 09:00:00,15000.00,atendida,efectivo,Daniela Ramos Peña,Hidratacion capilar,Tomas Clipper
607,1240,23,30,2024-01-25 14:00:00,30000.00,atendida,tarjeta,Mateo Suárez Vargas,Keratina,Pipe Navajas
608,1464,19,14,2023-06-13 12:00:00,60000.00,atendida,efectivo,Sergio Suárez López,Cejas + barba,El Tigre Cuts
609,970,19,10,2023-03-13 16:00:00,60000.00,cancelada,daviplata,Paula Medina Ocampo,Cejas + barba,Yeferson King
610,1044,26,28,2023-04-14 10:00:00,50000.00,atendida,daviplata,Miguel Vargas Salazar,Masaje capilar,Yeison Barber
611,1340,23,6,2023-12-01 18:00:00,30000.00,atendida,tarjeta,Carlos Díaz Torres,Keratina,Chelo Cuts
612,457,19,22,2024-02-10 08:00:00,60000.00,atendida,efectivo,Sara García Silva,Cejas + barba,Diego Fadero
613,1038,12,10,2023-08-08 11:00:00,12000.00,atendida,transferencia,Kevin Guerrero Parra,Corte moderno,Yeferson King
614,1509,19,12,2023-08-10 18:00:00,60000.00,cancelada,tarjeta,Jorge Reyes Vega,Cejas + barba,Duvan Fresh
615,130,17,10,2024-12-19 08:00:00,20000.00,atendida,transferencia,Camila Gutiérrez González,Barba + hidratacion,Yeferson King
616,321,6,13,2023-03-31 17:00:00,14000.00,cancelada,daviplata,Andrés Rivera Salazar,Corte de cabello Basico + barba,Camilo Pro
617,1404,5,17,2023-09-04 09:00:00,15000.00,atendida,tarjeta,Monica Herrera Montoya,Corte de cabello Basico,Kevin El Maestro
618,1848,10,17,2024-08-29 09:00:00,35000.00,atendida,daviplata,Maria Muñoz Espinoza,Corte navaja,Kevin El Maestro
619,1014,15,17,2024-09-09 09:00:00,14000.00,cancelada,efectivo,Julián Vargas Pérez,Tinte completo,Kevin El Maestro
620,1505,8,21,2024-05-12 14:00:00,16000.00,atendida,nequi,Andrés Ocampo Ríos,Corte + lavado,Wilmar Style
621,213,7,5,2024-02-12 17:00:00,13000.00,atendida,efectivo,Rodrigo Rojas Ramírez,Arreglo de barba,El Vikingo
622,933,14,10,2023-12-10 08:00:00,15000.00,atendida,efectivo,Ricardo Medina Guerrero,Corte + tinte,Yeferson King
623,364,12,21,2023-08-16 15:00:00,12000.00,cancelada,tarjeta,Patricia Ortiz Díaz,Corte moderno,Wilmar Style
624,348,13,7,2023-08-30 16:00:00,18000.00,atendida,efectivo,Brayan Parra Suárez,Corte infantil,Pipe El Crack
625,1512,14,6,2023-05-12 09:00:00,15000.00,cancelada,nequi,Paola Correa Rodríguez,Corte + tinte,Chelo Cuts
626,1686,9,20,2024-12-21 12:00:00,10000.00,atendida,transferencia,Rodrigo Suárez Ortiz,Corte degradado,El Paisa Cuts
627,1069,24,14,2024-04-30 12:00:00,50000.00,atendida,daviplata,Miguel Flores Londoño,Corte + barba + cejas,El Tigre Cuts
628,663,3,18,2024-03-08 12:00:00,8000.00,atendida,tarjeta,Esteban Londoño Montoya,Arreglo de barba,Nico Estilo
629,242,16,19,2023-08-02 15:00:00,8000.00,atendida,tarjeta,Julián Rivera Cárdenas,Barba completa,Fercho Barber
630,403,21,17,2023-09-30 09:00:00,25000.00,cancelada,daviplata,Steven Ocampo Guerrero,Limpieza facial,Kevin El Maestro
631,1093,20,15,2024-11-29 09:00:00,22000.00,atendida,efectivo,Marcela Rivera Díaz,Depilacion de cejas,Jhon Navajas
632,1705,3,7,2023-09-07 17:00:00,8000.00,atendida,transferencia,Mauricio Flores García,Arreglo de barba,Pipe El Crack
633,780,8,25,2023-09-24 18:00:00,16000.00,atendida,transferencia,Luis Vargas Bedoya,Corte + lavado,Lucho Precision
634,416,1,28,2023-05-03 09:00:00,12000.00,cancelada,daviplata,Lizeth Delgado Espinoza,Corte de cabello Basico,Yeison Barber
635,771,28,12,2023-06-22 12:00:00,55000.00,atendida,tarjeta,Patricia Mendoza Peña,Pack novio completo,Duvan Fresh
636,983,7,12,2024-03-21 16:00:00,13000.00,atendida,nequi,Yesid Martínez Rodríguez,Arreglo de barba,Duvan Fresh
637,973,6,30,2024-08-11 14:00:00,14000.00,atendida,efectivo,Angie Romero Gómez,Corte de cabello Basico + barba,Pipe Navajas
638,1131,24,10,2023-10-26 16:00:00,50000.00,cancelada,efectivo,Sebastián Arias Gómez,Corte + barba + cejas,Yeferson King
639,1417,13,12,2024-05-21 17:00:00,18000.00,cancelada,efectivo,Xiomara Muñoz Silva,Corte infantil,Duvan Fresh
640,1397,17,8,2023-03-24 10:00:00,20000.00,atendida,nequi,Miguel Londoño Romero,Barba + hidratacion,Tato Fade
641,1537,13,7,2023-06-26 15:00:00,18000.00,cancelada,efectivo,Alejandro Suárez Bedoya,Corte infantil,Pipe El Crack
642,1561,6,25,2024-02-15 11:00:00,14000.00,cancelada,daviplata,Santiago Correa Ospina,Corte de cabello Basico + barba,Lucho Precision
643,1970,12,24,2024-09-20 16:00:00,12000.00,atendida,efectivo,Cristian González Pérez,Corte moderno,El Negro Barber
644,1253,12,2,2024-01-09 09:00:00,12000.00,atendida,daviplata,Lizeth Mendoza Correa,Corte moderno,Maicol Style
645,1951,11,30,2023-01-14 08:00:00,25000.00,atendida,nequi,Diana Romero Guerrero,Corte clasico,Pipe Navajas
646,75,11,16,2023-06-25 10:00:00,25000.00,atendida,transferencia,Marcela Peña López,Corte clasico,Sebastián Blade
647,1804,19,9,2024-02-03 09:00:00,60000.00,atendida,transferencia,Adriana Vargas Silva,Cejas + barba,Brayan Scissors
648,988,17,22,2024-05-28 14:00:00,20000.00,atendida,tarjeta,Adriana López Sánchez,Barba + hidratacion,Diego Fadero
649,593,21,30,2023-12-27 09:00:00,25000.00,atendida,transferencia,Yeison Díaz Díaz,Limpieza facial,Pipe Navajas
650,376,22,18,2024-10-30 16:00:00,15000.00,atendida,efectivo,Santiago Rojas Herrera,Hidratacion capilar,Nico Estilo
651,735,15,8,2023-12-22 14:00:00,14000.00,atendida,nequi,Marcela Ramos Ocampo,Tinte completo,Tato Fade
652,1180,18,13,2023-05-04 09:00:00,22000.00,atendida,efectivo,Brayan Flores Mendoza,Afeitado clasico navaja,Camilo Pro
653,1407,16,16,2023-08-30 08:00:00,8000.00,atendida,tarjeta,Monica García Arias,Barba completa,Sebastián Blade
654,682,27,13,2024-06-09 12:00:00,22000.00,cancelada,transferencia,Jhon Silva Parra,Tratamiento anticaida,Camilo Pro
655,235,7,11,2024-11-01 16:00:00,13000.00,cancelada,efectivo,Dayana Cárdenas Martínez,Arreglo de barba,El Mono Barber
656,1508,12,29,2023-12-09 14:00:00,12000.00,atendida,tarjeta,Camila Salazar Romero,Corte moderno,El Calvo Cuts
657,1459,19,15,2024-09-24 18:00:00,60000.00,atendida,nequi,Angie Ospina Reyes,Cejas + barba,Jhon Navajas
658,1969,30,8,2024-05-15 11:00:00,40000.00,cancelada,tarjeta,Jorge Flores Morales,Corte + lavado + barba,Tato Fade
659,746,12,13,2023-01-01 18:00:00,12000.00,cancelada,daviplata,Laura Silva Medina,Corte moderno,Camilo Pro
660,748,12,6,2024-05-04 12:00:00,12000.00,cancelada,nequi,Rodrigo Castro Parra,Corte moderno,Chelo Cuts
661,1808,25,7,2024-03-02 11:00:00,80000.00,atendida,transferencia,Dayana Henao Sánchez,Corte + hidratacion,Pipe El Crack
662,1885,30,21,2023-06-30 09:00:00,40000.00,atendida,daviplata,Sara Rodríguez Romero,Corte + lavado + barba,Wilmar Style
663,1997,5,8,2024-04-30 08:00:00,15000.00,atendida,nequi,Daniela Bedoya Rojas,Corte de cabello Basico,Tato Fade
664,1395,12,20,2024-02-23 15:00:00,12000.00,cancelada,nequi,Santiago Cárdenas García,Corte moderno,El Paisa Cuts
665,1323,4,18,2024-11-29 09:00:00,18000.00,cancelada,nequi,Valentina Rivera Salazar,Corte + lavado,Nico Estilo
666,864,12,29,2024-07-05 14:00:00,12000.00,cancelada,nequi,Laura Espinoza Montoya,Corte moderno,El Calvo Cuts
667,1875,16,29,2024-07-17 16:00:00,8000.00,atendida,efectivo,Isabella Sánchez Ospina,Barba completa,El Calvo Cuts
668,1537,1,24,2024-11-07 09:00:00,12000.00,atendida,transferencia,Alejandro Suárez Bedoya,Corte de cabello Basico,El Negro Barber
669,1506,7,23,2023-08-03 18:00:00,13000.00,atendida,nequi,Mauricio Muñoz Parra,Arreglo de barba,Santi Premium
670,1611,29,24,2024-02-10 14:00:00,50000.00,atendida,efectivo,Camila García Gómez,Coloracion fantasia,El Negro Barber
671,531,5,23,2023-08-08 12:00:00,15000.00,atendida,tarjeta,Sofia Bedoya Rodríguez,Corte de cabello Basico,Santi Premium
672,609,29,10,2023-05-24 18:00:00,50000.00,atendida,efectivo,Adriana Henao Cruz,Coloracion fantasia,Yeferson King
673,918,10,9,2024-03-30 17:00:00,35000.00,atendida,transferencia,Miguel Parra Díaz,Corte navaja,Brayan Scissors
674,756,3,20,2023-03-11 15:00:00,8000.00,atendida,transferencia,Melissa Correa Guerrero,Arreglo de barba,El Paisa Cuts
675,1848,27,2,2023-08-13 11:00:00,22000.00,atendida,nequi,Maria Muñoz Espinoza,Tratamiento anticaida,Maicol Style
676,951,4,11,2023-01-15 09:00:00,18000.00,atendida,daviplata,Johana Morales Londoño,Corte + lavado,El Mono Barber
677,1622,20,22,2024-12-06 16:00:00,22000.00,cancelada,daviplata,Diana Ruiz Ortiz,Depilacion de cejas,Diego Fadero
678,240,2,25,2024-11-21 17:00:00,15000.00,atendida,efectivo,Cristian Moreno Cruz,Corte de cabello Basico + barba,Lucho Precision
679,1769,28,17,2023-10-27 10:00:00,55000.00,cancelada,daviplata,Mauricio Moreno Castro,Pack novio completo,Kevin El Maestro
680,382,21,17,2023-05-08 14:00:00,25000.00,cancelada,tarjeta,Adriana Pérez García,Limpieza facial,Kevin El Maestro
681,1688,15,26,2024-05-05 18:00:00,14000.00,cancelada,tarjeta,Nicolás González Herrera,Tinte completo,Andres El Pro
682,1362,23,11,2023-12-11 12:00:00,30000.00,atendida,transferencia,Jorge Reyes Arias,Keratina,El Mono Barber
683,248,22,23,2023-12-27 17:00:00,15000.00,cancelada,tarjeta,Johana Ruiz Ramos,Hidratacion capilar,Santi Premium
684,686,22,2,2023-05-16 12:00:00,15000.00,cancelada,nequi,Hernán Rodríguez Espinoza,Hidratacion capilar,Maicol Style
685,349,10,8,2023-08-05 09:00:00,35000.00,atendida,nequi,Samuel García Romero,Corte navaja,Tato Fade
686,121,21,15,2023-10-22 11:00:00,25000.00,cancelada,transferencia,Carlos Arias Morales,Limpieza facial,Jhon Navajas
687,593,13,25,2024-01-24 09:00:00,18000.00,atendida,efectivo,Yeison Díaz Díaz,Corte infantil,Lucho Precision
688,1500,1,16,2024-08-26 12:00:00,12000.00,cancelada,tarjeta,Mariana Londoño Henao,Corte de cabello Basico,Sebastián Blade
689,1589,16,20,2023-11-02 10:00:00,8000.00,atendida,nequi,Juan Ramos Morales,Barba completa,El Paisa Cuts
690,313,24,8,2024-04-16 16:00:00,50000.00,cancelada,transferencia,Esteban Zapata Delgado,Corte + barba + cejas,Tato Fade
691,1017,13,20,2023-09-13 12:00:00,18000.00,atendida,daviplata,Deisy Arias Ocampo,Corte infantil,El Paisa Cuts
692,628,7,31,2024-02-26 11:00:00,13000.00,cancelada,transferencia,Maria Romero Ospina,Arreglo de barba,Cristian Fade
693,336,20,23,2023-08-22 16:00:00,22000.00,atendida,nequi,Nathaly Medina Vega,Depilacion de cejas,Santi Premium
694,1221,1,23,2024-08-08 09:00:00,12000.00,cancelada,nequi,Adriana Parra Jiménez,Corte de cabello Basico,Santi Premium
695,1634,30,28,2024-05-31 11:00:00,40000.00,atendida,efectivo,Catalina Flores Zapata,Corte + lavado + barba,Yeison Barber
696,699,4,2,2023-01-02 18:00:00,18000.00,atendida,efectivo,David Guerrero Ríos,Corte + lavado,Maicol Style
697,1741,11,23,2023-12-21 11:00:00,25000.00,atendida,transferencia,Catalina Bedoya Ospina,Corte clasico,Santi Premium
698,1459,14,31,2023-12-04 12:00:00,15000.00,atendida,tarjeta,Angie Ospina Reyes,Corte + tinte,Cristian Fade
699,770,11,13,2023-09-09 11:00:00,25000.00,atendida,daviplata,Sara Medina Flores,Corte clasico,Camilo Pro
700,1562,24,28,2024-10-04 10:00:00,50000.00,cancelada,transferencia,Yeison Romero Morales,Corte + barba + cejas,Yeison Barber
701,1192,11,3,2024-04-11 16:00:00,25000.00,atendida,nequi,Paula Muñoz Herrera,Corte clasico,Juancho El Indio
702,1726,30,22,2023-03-03 18:00:00,40000.00,atendida,efectivo,Sergio Herrera Ortiz,Corte + lavado + barba,Diego Fadero
703,1806,8,14,2023-06-24 16:00:00,16000.00,atendida,daviplata,Catalina Castro Díaz,Corte + lavado,El Tigre Cuts
704,1300,10,17,2023-07-03 18:00:00,35000.00,atendida,efectivo,Catalina Cruz Silva,Corte navaja,Kevin El Maestro
705,370,9,10,2024-08-15 09:00:00,10000.00,atendida,tarjeta,Sara Jiménez Muñoz,Corte degradado,Yeferson King
706,1235,3,20,2024-06-05 17:00:00,8000.00,atendida,daviplata,Laura Sánchez Romero,Arreglo de barba,El Paisa Cuts
707,795,26,12,2024-06-29 10:00:00,50000.00,atendida,efectivo,Kevin Díaz Díaz,Masaje capilar,Duvan Fresh
708,890,25,8,2024-04-28 17:00:00,80000.00,atendida,nequi,Julián Rivera Ramos,Corte + hidratacion,Tato Fade
709,151,15,3,2024-06-10 18:00:00,14000.00,atendida,daviplata,Yeison Peña González,Tinte completo,Juancho El Indio
710,144,2,25,2024-11-15 11:00:00,15000.00,atendida,nequi,Esteban Muñoz Gutiérrez,Corte de cabello Basico + barba,Lucho Precision
711,1705,15,19,2024-06-24 17:00:00,14000.00,atendida,tarjeta,Mauricio Flores García,Tinte completo,Fercho Barber
712,1462,27,18,2023-11-24 16:00:00,22000.00,cancelada,daviplata,Yesid Romero Rojas,Tratamiento anticaida,Nico Estilo
713,2020,19,13,2024-04-11 10:00:00,60000.00,cancelada,daviplata,Marcela Pérez Flores,Cejas + barba,Camilo Pro
714,1165,2,25,2023-12-16 18:00:00,15000.00,cancelada,daviplata,Deisy Ramos Suárez,Corte de cabello Basico + barba,Lucho Precision
715,1959,20,2,2024-11-21 09:00:00,22000.00,cancelada,transferencia,Camila Correa Reyes,Depilacion de cejas,Maicol Style
716,1882,6,11,2024-05-22 12:00:00,14000.00,cancelada,efectivo,Paola Pérez Ocampo,Corte de cabello Basico + barba,El Mono Barber
717,1630,14,31,2024-01-07 08:00:00,15000.00,atendida,efectivo,Esteban García Cárdenas,Corte + tinte,Cristian Fade
718,1045,5,5,2023-12-11 14:00:00,15000.00,cancelada,tarjeta,Yesid Guerrero Bedoya,Corte de cabello Basico,El Vikingo
719,1274,6,6,2024-04-04 18:00:00,14000.00,atendida,efectivo,Sebastián Ortiz Ríos,Corte de cabello Basico + barba,Chelo Cuts
720,2016,21,10,2024-08-22 15:00:00,25000.00,atendida,nequi,Natalia Ospina Rivera,Limpieza facial,Yeferson King
721,1502,28,11,2023-10-01 18:00:00,55000.00,atendida,nequi,Mariana Rivera Ríos,Pack novio completo,El Mono Barber
722,390,20,23,2024-09-16 14:00:00,22000.00,atendida,daviplata,Paula Ríos Ruiz,Depilacion de cejas,Santi Premium
723,760,10,16,2023-06-14 15:00:00,35000.00,atendida,efectivo,Wilmar Henao Montoya,Corte navaja,Sebastián Blade
724,1683,21,31,2023-05-23 14:00:00,25000.00,atendida,nequi,Camila López Herrera,Limpieza facial,Cristian Fade
725,1343,6,24,2024-12-26 08:00:00,14000.00,atendida,tarjeta,Raúl Rojas Torres,Corte de cabello Basico + barba,El Negro Barber
726,1082,23,9,2023-08-21 10:00:00,30000.00,atendida,efectivo,Marcela Morales Reyes,Keratina,Brayan Scissors
727,818,16,26,2023-08-13 15:00:00,8000.00,cancelada,efectivo,Laura Vega Rojas,Barba completa,Andres El Pro
728,734,13,18,2023-11-15 18:00:00,18000.00,atendida,daviplata,Andrés Ortiz Espinoza,Corte infantil,Nico Estilo
729,1532,13,9,2023-10-30 15:00:00,18000.00,atendida,nequi,Mariana Gutiérrez Rodríguez,Corte infantil,Brayan Scissors
730,1467,6,25,2024-11-27 11:00:00,14000.00,cancelada,efectivo,Gabriela Cárdenas Guerrero,Corte de cabello Basico + barba,Lucho Precision
731,932,19,5,2024-12-19 17:00:00,60000.00,atendida,transferencia,Laura Ospina Rivera,Cejas + barba,El Vikingo
732,1596,30,28,2023-05-21 12:00:00,40000.00,atendida,transferencia,Samuel Cárdenas González,Corte + lavado + barba,Yeison Barber
733,1104,11,19,2024-11-04 17:00:00,25000.00,atendida,daviplata,Alejandro López Ospina,Corte clasico,Fercho Barber
734,666,29,11,2024-03-28 11:00:00,50000.00,atendida,transferencia,Natalia González Vargas,Coloracion fantasia,El Mono Barber
735,1649,14,11,2024-09-29 11:00:00,15000.00,atendida,efectivo,Brayan Morales García,Corte + tinte,El Mono Barber
736,242,9,7,2023-04-07 12:00:00,10000.00,cancelada,transferencia,Julián Rivera Cárdenas,Corte degradado,Pipe El Crack
737,679,18,21,2023-03-31 15:00:00,22000.00,atendida,daviplata,Dayana Díaz Romero,Afeitado clasico navaja,Wilmar Style
738,1829,12,26,2023-08-12 15:00:00,12000.00,cancelada,daviplata,Fabian Montoya Morales,Corte moderno,Andres El Pro
739,254,8,11,2024-02-02 14:00:00,16000.00,atendida,nequi,Gabriela Espinoza Torres,Corte + lavado,El Mono Barber
740,322,18,22,2024-09-02 11:00:00,22000.00,atendida,transferencia,Camila Pérez Guerrero,Afeitado clasico navaja,Diego Fadero
741,670,3,10,2024-12-07 15:00:00,8000.00,cancelada,transferencia,Yesid Ramírez Vargas,Arreglo de barba,Yeferson King
742,1653,26,4,2023-01-14 10:00:00,50000.00,atendida,transferencia,Raúl Herrera Flores,Masaje capilar,Mateo Barber
743,763,7,22,2024-06-29 09:00:00,13000.00,cancelada,daviplata,Laura Rojas Medina,Arreglo de barba,Diego Fadero
744,255,4,2,2024-05-30 08:00:00,18000.00,cancelada,efectivo,Laura Silva Silva,Corte + lavado,Maicol Style
745,881,29,4,2023-10-29 08:00:00,50000.00,atendida,transferencia,Natalia Suárez Silva,Coloracion fantasia,Mateo Barber
746,1683,10,19,2023-02-24 16:00:00,35000.00,atendida,daviplata,Camila López Herrera,Corte navaja,Fercho Barber
747,273,22,4,2024-03-15 09:00:00,15000.00,atendida,nequi,Wilmar Ramos Muñoz,Hidratacion capilar,Mateo Barber
748,182,15,17,2023-11-05 10:00:00,14000.00,atendida,daviplata,Alejandro González Martínez,Tinte completo,Kevin El Maestro
749,593,6,14,2023-02-07 15:00:00,14000.00,atendida,daviplata,Yeison Díaz Díaz,Corte de cabello Basico + barba,El Tigre Cuts
750,854,3,13,2024-06-20 18:00:00,8000.00,atendida,nequi,Jhon Vega Medina,Arreglo de barba,Camilo Pro
751,1075,3,28,2023-12-08 15:00:00,8000.00,cancelada,efectivo,Deisy Muñoz Guerrero,Arreglo de barba,Yeison Barber
752,1277,23,19,2024-09-05 15:00:00,30000.00,atendida,daviplata,Maria Ramírez Rodríguez,Keratina,Fercho Barber
753,442,28,8,2024-07-06 08:00:00,55000.00,cancelada,daviplata,Lucia Castro Herrera,Pack novio completo,Tato Fade
754,897,20,13,2023-03-27 18:00:00,22000.00,atendida,efectivo,Alejandro Suárez Sánchez,Depilacion de cejas,Camilo Pro
755,1605,6,30,2023-01-11 15:00:00,14000.00,atendida,efectivo,Cristian Henao Gutiérrez,Corte de cabello Basico + barba,Pipe Navajas
756,1484,9,24,2023-12-24 11:00:00,10000.00,atendida,daviplata,Claudia Vega Cruz,Corte degradado,El Negro Barber
757,790,12,5,2023-09-03 12:00:00,12000.00,atendida,nequi,Xiomara Salazar Pérez,Corte moderno,El Vikingo
758,153,22,8,2023-08-31 15:00:00,15000.00,atendida,tarjeta,Maria Peña Castro,Hidratacion capilar,Tato Fade
759,245,30,23,2023-12-04 18:00:00,40000.00,atendida,daviplata,Nathaly Sánchez Flores,Corte + lavado + barba,Santi Premium
760,1172,10,31,2023-09-27 18:00:00,35000.00,atendida,tarjeta,Brayan Londoño Muñoz,Corte navaja,Cristian Fade
761,339,23,14,2024-10-08 15:00:00,30000.00,cancelada,daviplata,Nicolás Henao Arias,Keratina,El Tigre Cuts
762,580,1,26,2023-10-02 12:00:00,12000.00,cancelada,tarjeta,Luis Morales Jiménez,Corte de cabello Basico,Andres El Pro
763,1252,16,21,2024-05-08 12:00:00,8000.00,cancelada,nequi,Angie Guerrero Medina,Barba completa,Wilmar Style
764,1374,20,4,2023-11-22 16:00:00,22000.00,cancelada,tarjeta,Wilmar Reyes Arias,Depilacion de cejas,Mateo Barber
765,1219,28,29,2023-09-21 18:00:00,55000.00,atendida,nequi,Kevin Vega Salazar,Pack novio completo,El Calvo Cuts
766,805,8,18,2024-08-22 10:00:00,16000.00,cancelada,tarjeta,Monica Rodríguez Peña,Corte + lavado,Nico Estilo
767,1025,22,5,2024-03-03 14:00:00,15000.00,cancelada,nequi,Miguel Jiménez Rivera,Hidratacion capilar,El Vikingo
768,1041,1,17,2024-04-15 09:00:00,12000.00,atendida,tarjeta,Jorge Suárez Gutiérrez,Corte de cabello Basico,Kevin El Maestro
769,295,18,26,2023-08-13 18:00:00,22000.00,atendida,nequi,Sebastián Jiménez Suárez,Afeitado clasico navaja,Andres El Pro
770,1355,25,8,2024-02-05 10:00:00,80000.00,atendida,daviplata,Carolina Sánchez Ortiz,Corte + hidratacion,Tato Fade
771,1157,8,8,2023-06-07 16:00:00,16000.00,atendida,nequi,Sergio Muñoz Vargas,Corte + lavado,Tato Fade
772,1958,6,27,2024-12-10 10:00:00,14000.00,cancelada,transferencia,Isabella Díaz Ramírez,Corte de cabello Basico + barba,Tomas Clipper
773,470,1,23,2024-10-31 10:00:00,12000.00,atendida,nequi,Luis Ortiz Pérez,Corte de cabello Basico,Santi Premium
774,123,28,10,2024-10-03 16:00:00,55000.00,cancelada,transferencia,Ferney Silva Díaz,Pack novio completo,Yeferson King
775,1701,2,25,2024-05-09 17:00:00,15000.00,atendida,efectivo,Yesid Reyes Sánchez,Corte de cabello Basico + barba,Lucho Precision
776,1139,12,3,2024-01-05 14:00:00,12000.00,cancelada,tarjeta,Mateo López Mendoza,Corte moderno,Juancho El Indio
777,229,15,10,2024-12-12 10:00:00,14000.00,atendida,transferencia,Sergio Peña Gómez,Tinte completo,Yeferson King
778,134,14,4,2023-05-05 17:00:00,15000.00,cancelada,nequi,Samuel Ríos Correa,Corte + tinte,Mateo Barber
779,924,11,15,2024-01-31 17:00:00,25000.00,atendida,nequi,Adriana Londoño Salazar,Corte clasico,Jhon Navajas
780,524,9,21,2024-11-20 12:00:00,10000.00,cancelada,nequi,Ferney Parra Suárez,Corte degradado,Wilmar Style
781,996,23,8,2024-09-11 12:00:00,30000.00,atendida,efectivo,David Arias Ramírez,Keratina,Tato Fade
782,1324,24,30,2023-08-05 16:00:00,50000.00,cancelada,nequi,Maria Ruiz Ocampo,Corte + barba + cejas,Pipe Navajas
783,915,15,4,2024-11-05 18:00:00,14000.00,atendida,tarjeta,Isabella Guerrero Pérez,Tinte completo,Mateo Barber
784,1915,13,22,2024-04-18 15:00:00,18000.00,cancelada,efectivo,Paula Moreno Arias,Corte infantil,Diego Fadero
785,1269,22,12,2023-11-15 17:00:00,15000.00,atendida,transferencia,Xiomara Bedoya Ruiz,Hidratacion capilar,Duvan Fresh
786,239,17,10,2024-08-23 11:00:00,20000.00,cancelada,tarjeta,Santiago Espinoza Moreno,Barba + hidratacion,Yeferson King
787,172,29,28,2024-05-07 17:00:00,50000.00,atendida,tarjeta,Xiomara Moreno Martínez,Coloracion fantasia,Yeison Barber
788,1971,3,23,2024-03-11 11:00:00,8000.00,cancelada,transferencia,Daniela Ruiz Ospina,Arreglo de barba,Santi Premium
789,1401,9,8,2024-11-07 15:00:00,10000.00,cancelada,nequi,Dayana Bedoya González,Corte degradado,Tato Fade
790,1237,21,5,2024-05-04 12:00:00,25000.00,atendida,tarjeta,Yesid Suárez Ospina,Limpieza facial,El Vikingo
791,1043,29,3,2023-04-19 08:00:00,50000.00,atendida,tarjeta,Marcela Correa Muñoz,Coloracion fantasia,Juancho El Indio
792,1115,12,27,2024-02-05 17:00:00,12000.00,cancelada,transferencia,Monica Cruz Ortiz,Corte moderno,Tomas Clipper
793,1826,12,7,2024-09-27 09:00:00,12000.00,atendida,tarjeta,Juan Cruz González,Corte moderno,Pipe El Crack
794,183,4,30,2024-02-05 09:00:00,18000.00,cancelada,efectivo,Miguel Herrera Ríos,Corte + lavado,Pipe Navajas
795,1346,25,14,2024-01-31 15:00:00,80000.00,atendida,tarjeta,Gabriela Ríos Jiménez,Corte + hidratacion,El Tigre Cuts
796,1673,25,21,2023-03-16 17:00:00,80000.00,atendida,daviplata,Oscar Ramírez Herrera,Corte + hidratacion,Wilmar Style
797,1910,4,2,2024-10-10 15:00:00,18000.00,atendida,efectivo,Brayan Zapata Suárez,Corte + lavado,Maicol Style
798,1457,16,18,2024-06-25 12:00:00,8000.00,cancelada,daviplata,Fabian Ospina Rivera,Barba completa,Nico Estilo
799,1530,3,24,2023-12-24 14:00:00,8000.00,atendida,transferencia,Yulieth Correa Vargas,Arreglo de barba,El Negro Barber
800,780,25,24,2023-10-03 08:00:00,80000.00,cancelada,nequi,Luis Vargas Bedoya,Corte + hidratacion,El Negro Barber
801,117,30,2,2024-07-22 18:00:00,40000.00,atendida,tarjeta,Dayana Jiménez Ospina,Corte + lavado + barba,Maicol Style
802,107,24,18,2024-06-13 11:00:00,50000.00,cancelada,transferencia,Isabella Parra Gutiérrez,Corte + barba + cejas,Nico Estilo
803,1379,13,22,2023-06-17 18:00:00,18000.00,atendida,efectivo,Hernán Mendoza Peña,Corte infantil,Diego Fadero
804,1637,11,20,2024-08-03 18:00:00,25000.00,atendida,daviplata,Felipe Moreno Suárez,Corte clasico,El Paisa Cuts
805,95,6,15,2024-03-02 15:00:00,14000.00,atendida,tarjeta,Wilmar Torres López,Corte de cabello Basico + barba,Jhon Navajas
806,180,16,26,2024-11-30 12:00:00,8000.00,cancelada,daviplata,Cristian Medina Flores,Barba completa,Andres El Pro
807,575,12,18,2024-10-25 16:00:00,12000.00,atendida,tarjeta,Xiomara Ramos Montoya,Corte moderno,Nico Estilo
808,1851,18,6,2023-12-20 14:00:00,22000.00,atendida,tarjeta,Duvan Rodríguez Reyes,Afeitado clasico navaja,Chelo Cuts
809,195,4,9,2023-09-04 14:00:00,18000.00,atendida,daviplata,Mauricio López Ramos,Corte + lavado,Brayan Scissors
810,763,18,12,2023-12-21 14:00:00,22000.00,atendida,daviplata,Laura Rojas Medina,Afeitado clasico navaja,Duvan Fresh
811,1942,22,7,2024-06-08 09:00:00,15000.00,cancelada,nequi,Nathaly Ramos García,Hidratacion capilar,Pipe El Crack
812,1510,20,2,2023-09-06 17:00:00,22000.00,atendida,efectivo,Deisy Flores Ortiz,Depilacion de cejas,Maicol Style
813,1163,22,3,2023-04-06 18:00:00,15000.00,cancelada,nequi,Patricia Ramos Parra,Hidratacion capilar,Juancho El Indio
814,1394,25,12,2023-09-30 11:00:00,80000.00,atendida,daviplata,Ricardo Gómez Mendoza,Corte + hidratacion,Duvan Fresh
815,1190,5,24,2024-09-19 10:00:00,15000.00,atendida,tarjeta,Johana Mendoza Reyes,Corte de cabello Basico,El Negro Barber
816,1854,20,17,2023-03-29 11:00:00,22000.00,atendida,transferencia,Marcela Martínez Silva,Depilacion de cejas,Kevin El Maestro
817,581,13,4,2023-11-28 18:00:00,18000.00,cancelada,efectivo,Melissa Morales Muñoz,Corte infantil,Mateo Barber
818,1197,21,19,2024-05-13 17:00:00,25000.00,atendida,tarjeta,Oscar Parra Martínez,Limpieza facial,Fercho Barber
819,75,18,17,2024-05-01 16:00:00,22000.00,atendida,tarjeta,Marcela Peña López,Afeitado clasico navaja,Kevin El Maestro
820,2011,10,18,2024-03-23 15:00:00,35000.00,atendida,nequi,Melissa Londoño Muñoz,Corte navaja,Nico Estilo
821,501,24,27,2023-12-15 14:00:00,50000.00,atendida,daviplata,Jorge Martínez García,Corte + barba + cejas,Tomas Clipper
822,1421,29,30,2023-06-18 15:00:00,50000.00,atendida,efectivo,Felipe Ospina Vargas,Coloracion fantasia,Pipe Navajas
823,809,25,8,2023-10-20 18:00:00,80000.00,cancelada,daviplata,Andrea Díaz Gutiérrez,Corte + hidratacion,Tato Fade
824,1668,25,24,2023-07-19 12:00:00,80000.00,atendida,efectivo,Daniela Ocampo Espinoza,Corte + hidratacion,El Negro Barber
825,1787,16,15,2023-03-16 08:00:00,8000.00,atendida,tarjeta,Jhon González Castro,Barba completa,Jhon Navajas
826,1407,4,31,2023-09-11 12:00:00,18000.00,atendida,tarjeta,Monica García Arias,Corte + lavado,Cristian Fade
827,1673,1,30,2024-02-26 17:00:00,12000.00,cancelada,efectivo,Oscar Ramírez Herrera,Corte de cabello Basico,Pipe Navajas
828,1082,15,8,2024-11-24 17:00:00,14000.00,atendida,nequi,Marcela Morales Reyes,Tinte completo,Tato Fade
829,747,14,15,2024-03-22 14:00:00,15000.00,cancelada,efectivo,Patricia Rivera Ramos,Corte + tinte,Jhon Navajas
830,1421,15,6,2024-02-17 11:00:00,14000.00,atendida,daviplata,Felipe Ospina Vargas,Tinte completo,Chelo Cuts
831,771,5,23,2024-01-30 17:00:00,15000.00,atendida,nequi,Patricia Mendoza Peña,Corte de cabello Basico,Santi Premium
832,1859,3,11,2023-01-14 14:00:00,8000.00,atendida,daviplata,Esteban Suárez Martínez,Arreglo de barba,El Mono Barber
833,502,24,6,2024-10-27 12:00:00,50000.00,atendida,transferencia,Rodrigo Peña Henao,Corte + barba + cejas,Chelo Cuts
834,792,9,17,2024-07-21 17:00:00,10000.00,atendida,nequi,Fernando Ramírez Gómez,Corte degradado,Kevin El Maestro
835,1862,30,10,2024-08-24 11:00:00,40000.00,cancelada,efectivo,Catalina Ocampo Cruz,Corte + lavado + barba,Yeferson King
836,1663,6,19,2023-02-28 10:00:00,14000.00,atendida,daviplata,Esteban Reyes Londoño,Corte de cabello Basico + barba,Fercho Barber
837,1501,19,15,2023-12-12 18:00:00,60000.00,atendida,daviplata,Cristian Henao Montoya,Cejas + barba,Jhon Navajas
838,1263,28,8,2024-05-30 10:00:00,55000.00,atendida,nequi,Johana Torres García,Pack novio completo,Tato Fade
839,817,1,19,2024-04-12 10:00:00,12000.00,atendida,tarjeta,Raúl Peña García,Corte de cabello Basico,Fercho Barber
840,968,16,4,2024-03-02 17:00:00,8000.00,atendida,nequi,David Londoño González,Barba completa,Mateo Barber
841,1578,22,19,2023-08-22 08:00:00,15000.00,atendida,tarjeta,Mariana Jiménez Espinoza,Hidratacion capilar,Fercho Barber
842,240,6,27,2023-11-06 11:00:00,14000.00,atendida,nequi,Cristian Moreno Cruz,Corte de cabello Basico + barba,Tomas Clipper
843,1774,1,21,2024-11-11 17:00:00,12000.00,atendida,tarjeta,Alejandro Mendoza Zapata,Corte de cabello Basico,Wilmar Style
844,1144,20,19,2024-03-17 15:00:00,22000.00,atendida,nequi,Isabella Peña Gómez,Depilacion de cejas,Fercho Barber
845,879,16,17,2023-09-10 08:00:00,8000.00,atendida,tarjeta,Santiago Vargas Jiménez,Barba completa,Kevin El Maestro
846,868,1,5,2024-07-16 16:00:00,12000.00,atendida,daviplata,Marcela Ríos Vega,Corte de cabello Basico,El Vikingo
847,313,23,3,2023-03-25 12:00:00,30000.00,atendida,tarjeta,Esteban Zapata Delgado,Keratina,Juancho El Indio
848,1529,12,5,2024-02-12 15:00:00,12000.00,atendida,tarjeta,Camila Reyes Salazar,Corte moderno,El Vikingo
849,101,27,27,2023-12-28 16:00:00,22000.00,cancelada,nequi,Ana Moreno Cárdenas,Tratamiento anticaida,Tomas Clipper
850,160,30,22,2023-06-14 17:00:00,40000.00,atendida,daviplata,Maria García Ramos,Corte + lavado + barba,Diego Fadero
851,1469,6,18,2023-04-24 14:00:00,14000.00,atendida,efectivo,Xiomara Ruiz Cruz,Corte de cabello Basico + barba,Nico Estilo
852,229,10,2,2023-02-27 18:00:00,35000.00,cancelada,transferencia,Sergio Peña Gómez,Corte navaja,Maicol Style
853,1670,29,17,2024-04-30 15:00:00,50000.00,cancelada,nequi,Gabriela Parra Parra,Coloracion fantasia,Kevin El Maestro
854,1868,28,10,2024-02-18 12:00:00,55000.00,atendida,nequi,Cristian Moreno López,Pack novio completo,Yeferson King
855,624,3,13,2024-03-25 17:00:00,8000.00,cancelada,daviplata,Andrea Díaz Ocampo,Arreglo de barba,Camilo Pro
856,590,6,4,2024-01-11 18:00:00,14000.00,atendida,nequi,Duvan Muñoz Ramírez,Corte de cabello Basico + barba,Mateo Barber
857,717,25,22,2024-04-13 10:00:00,80000.00,cancelada,transferencia,Miguel Ramírez Jiménez,Corte + hidratacion,Diego Fadero
858,1323,18,22,2024-07-04 12:00:00,22000.00,cancelada,transferencia,Valentina Rivera Salazar,Afeitado clasico navaja,Diego Fadero
859,1108,6,18,2023-06-27 12:00:00,14000.00,cancelada,efectivo,Mariana Montoya Torres,Corte de cabello Basico + barba,Nico Estilo
860,549,24,9,2023-10-26 15:00:00,50000.00,cancelada,nequi,Diego Ospina Morales,Corte + barba + cejas,Brayan Scissors
861,276,27,30,2024-11-08 10:00:00,22000.00,atendida,efectivo,Jhon Delgado Pérez,Tratamiento anticaida,Pipe Navajas
862,1152,22,22,2023-07-30 16:00:00,15000.00,atendida,nequi,Carlos Zapata Pérez,Hidratacion capilar,Diego Fadero
863,937,3,10,2024-08-20 12:00:00,8000.00,cancelada,daviplata,Gabriela Correa Delgado,Arreglo de barba,Yeferson King
864,200,1,14,2023-08-21 15:00:00,12000.00,cancelada,nequi,Yeison González Peña,Corte de cabello Basico,El Tigre Cuts
865,320,18,12,2023-12-17 11:00:00,22000.00,cancelada,nequi,Nicolás Sánchez Romero,Afeitado clasico navaja,Duvan Fresh
866,1190,3,16,2024-03-11 08:00:00,8000.00,cancelada,transferencia,Johana Mendoza Reyes,Arreglo de barba,Sebastián Blade
867,1931,27,5,2024-02-06 16:00:00,22000.00,atendida,transferencia,Nicolás Flores Ramos,Tratamiento anticaida,El Vikingo
868,800,18,17,2023-09-09 14:00:00,22000.00,atendida,nequi,Lizeth Medina Ortiz,Afeitado clasico navaja,Kevin El Maestro
869,1063,18,24,2024-09-29 15:00:00,22000.00,atendida,daviplata,Maria Vargas González,Afeitado clasico navaja,El Negro Barber
870,1880,13,5,2023-10-31 17:00:00,18000.00,cancelada,tarjeta,Adriana Arias Delgado,Corte infantil,El Vikingo
871,1023,23,26,2023-12-10 18:00:00,30000.00,atendida,efectivo,Juan López Torres,Keratina,Andres El Pro
872,1616,8,12,2024-05-16 11:00:00,16000.00,atendida,tarjeta,Angie Castro Gómez,Corte + lavado,Duvan Fresh
873,1123,14,31,2023-10-05 17:00:00,15000.00,cancelada,nequi,Deisy Romero Romero,Corte + tinte,Cristian Fade
874,692,1,4,2024-04-21 18:00:00,12000.00,atendida,nequi,Mateo Bedoya Muñoz,Corte de cabello Basico,Mateo Barber
875,1991,28,10,2023-10-16 15:00:00,55000.00,atendida,nequi,Dayana Flores Ospina,Pack novio completo,Yeferson King
876,1637,8,6,2024-04-13 15:00:00,16000.00,atendida,tarjeta,Felipe Moreno Suárez,Corte + lavado,Chelo Cuts
877,1512,9,14,2024-04-06 08:00:00,10000.00,cancelada,transferencia,Paola Correa Rodríguez,Corte degradado,El Tigre Cuts
878,1553,7,16,2023-05-31 14:00:00,13000.00,atendida,daviplata,Patricia Delgado Ospina,Arreglo de barba,Sebastián Blade
879,1729,12,20,2024-04-04 10:00:00,12000.00,atendida,transferencia,Santiago Suárez Delgado,Corte moderno,El Paisa Cuts
880,1716,23,19,2024-09-15 18:00:00,30000.00,cancelada,daviplata,Paula Cruz Moreno,Keratina,Fercho Barber
881,1719,2,5,2024-08-03 12:00:00,15000.00,cancelada,tarjeta,Nicolás Martínez Ruiz,Corte de cabello Basico + barba,El Vikingo
882,849,11,30,2024-01-06 08:00:00,25000.00,atendida,transferencia,Jhon Herrera Romero,Corte clasico,Pipe Navajas
883,1604,8,28,2024-03-01 17:00:00,16000.00,atendida,transferencia,Jhon Rojas Vega,Corte + lavado,Yeison Barber
884,1326,17,2,2024-04-24 09:00:00,20000.00,atendida,daviplata,Ricardo Parra Torres,Barba + hidratacion,Maicol Style
885,402,14,9,2024-08-18 16:00:00,15000.00,atendida,tarjeta,Cristian Suárez Henao,Corte + tinte,Brayan Scissors
886,77,14,3,2024-04-17 10:00:00,15000.00,atendida,daviplata,Gabriela Jiménez Londoño,Corte + tinte,Juancho El Indio
887,399,24,18,2024-05-05 16:00:00,50000.00,atendida,tarjeta,Sergio Torres Flores,Corte + barba + cejas,Nico Estilo
888,1450,14,26,2023-07-02 14:00:00,15000.00,cancelada,daviplata,Deisy Ortiz Arias,Corte + tinte,Andres El Pro
889,1716,4,3,2023-04-06 14:00:00,18000.00,cancelada,tarjeta,Paula Cruz Moreno,Corte + lavado,Juancho El Indio
890,1917,26,9,2023-11-30 10:00:00,50000.00,atendida,nequi,Jhon González Medina,Masaje capilar,Brayan Scissors
891,1338,4,22,2023-12-02 10:00:00,18000.00,cancelada,transferencia,Fabian Parra Ocampo,Corte + lavado,Diego Fadero
892,1394,21,15,2024-11-13 09:00:00,25000.00,atendida,transferencia,Ricardo Gómez Mendoza,Limpieza facial,Jhon Navajas
893,1523,8,7,2024-05-07 10:00:00,16000.00,atendida,nequi,Esteban Moreno Montoya,Corte + lavado,Pipe El Crack
894,53,8,30,2024-05-05 18:00:00,16000.00,atendida,efectivo,Raúl Cárdenas Vega,Corte + lavado,Pipe Navajas
895,1346,24,16,2023-08-26 16:00:00,50000.00,atendida,transferencia,Gabriela Ríos Jiménez,Corte + barba + cejas,Sebastián Blade
896,184,13,20,2023-04-21 12:00:00,18000.00,atendida,nequi,Sofia Muñoz Gómez,Corte infantil,El Paisa Cuts
897,918,5,29,2023-01-20 10:00:00,15000.00,atendida,transferencia,Miguel Parra Díaz,Corte de cabello Basico,El Calvo Cuts
898,515,29,11,2024-11-21 14:00:00,50000.00,atendida,daviplata,Rodrigo Gutiérrez Morales,Coloracion fantasia,El Mono Barber
899,504,15,6,2024-06-01 15:00:00,14000.00,atendida,transferencia,Maria Gutiérrez Peña,Tinte completo,Chelo Cuts
900,1201,19,31,2024-12-27 12:00:00,60000.00,atendida,tarjeta,Andrea Torres Medina,Cejas + barba,Cristian Fade
901,1896,12,29,2023-06-16 17:00:00,12000.00,cancelada,efectivo,Rodrigo Mendoza Peña,Corte moderno,El Calvo Cuts
902,54,15,12,2023-01-25 11:00:00,14000.00,atendida,efectivo,Nicolás Moreno Martínez,Tinte completo,Duvan Fresh
903,1395,26,27,2023-11-13 14:00:00,50000.00,atendida,transferencia,Santiago Cárdenas García,Masaje capilar,Tomas Clipper
904,561,7,12,2023-09-27 15:00:00,13000.00,atendida,daviplata,Julián Espinoza Rivera,Arreglo de barba,Duvan Fresh
905,577,21,12,2024-03-07 18:00:00,25000.00,atendida,tarjeta,Sara Sánchez Delgado,Limpieza facial,Duvan Fresh
906,718,1,19,2024-12-02 18:00:00,12000.00,atendida,transferencia,Brayan Medina Vega,Corte de cabello Basico,Fercho Barber
907,351,25,21,2023-05-17 14:00:00,80000.00,atendida,daviplata,Lucia Suárez Correa,Corte + hidratacion,Wilmar Style
908,1179,15,25,2024-10-05 16:00:00,14000.00,cancelada,efectivo,Claudia Flores Pérez,Tinte completo,Lucho Precision
909,1634,30,4,2024-05-18 17:00:00,40000.00,atendida,transferencia,Catalina Flores Zapata,Corte + lavado + barba,Mateo Barber
910,708,4,19,2024-03-19 12:00:00,18000.00,atendida,daviplata,Wilmar Ruiz Silva,Corte + lavado,Fercho Barber
911,444,15,12,2024-06-11 12:00:00,14000.00,atendida,efectivo,Mateo Martínez Ruiz,Tinte completo,Duvan Fresh
912,508,11,16,2024-07-26 15:00:00,25000.00,atendida,transferencia,Andrea Vega Peña,Corte clasico,Sebastián Blade
913,227,5,12,2023-06-08 10:00:00,15000.00,cancelada,daviplata,Fabian Bedoya Montoya,Corte de cabello Basico,Duvan Fresh
914,497,2,31,2023-03-28 14:00:00,15000.00,atendida,transferencia,Felipe Londoño Jiménez,Corte de cabello Basico + barba,Cristian Fade
915,58,11,23,2023-03-14 10:00:00,25000.00,cancelada,transferencia,Isabella Vega Vargas,Corte clasico,Santi Premium
916,548,3,11,2023-09-16 16:00:00,8000.00,atendida,efectivo,Johana Muñoz Ramírez,Arreglo de barba,El Mono Barber
917,988,26,3,2023-08-02 15:00:00,50000.00,atendida,efectivo,Adriana López Sánchez,Masaje capilar,Juancho El Indio
918,409,24,21,2023-12-04 08:00:00,50000.00,atendida,daviplata,Claudia Parra Reyes,Corte + barba + cejas,Wilmar Style
919,747,24,29,2023-12-02 14:00:00,50000.00,atendida,nequi,Patricia Rivera Ramos,Corte + barba + cejas,El Calvo Cuts
920,520,26,31,2023-03-21 16:00:00,50000.00,atendida,nequi,Leidy Espinoza Rodríguez,Masaje capilar,Cristian Fade
921,32,13,2,2023-05-14 15:00:00,18000.00,atendida,transferencia,Hernán Henao Gómez,Corte infantil,Maicol Style
922,849,21,10,2023-10-17 14:00:00,25000.00,atendida,tarjeta,Jhon Herrera Romero,Limpieza facial,Yeferson King
923,355,13,19,2023-11-20 16:00:00,18000.00,atendida,transferencia,Monica Cruz Rodríguez,Corte infantil,Fercho Barber
924,1902,21,11,2024-03-05 16:00:00,25000.00,atendida,tarjeta,Santiago Reyes Vega,Limpieza facial,El Mono Barber
925,658,4,3,2023-05-10 16:00:00,18000.00,atendida,tarjeta,Carlos Muñoz Jiménez,Corte + lavado,Juancho El Indio
926,157,7,17,2023-03-18 10:00:00,13000.00,atendida,efectivo,Santiago Pérez Ramírez,Arreglo de barba,Kevin El Maestro
927,93,17,26,2024-09-12 11:00:00,20000.00,atendida,transferencia,Gabriela Montoya Mendoza,Barba + hidratacion,Andres El Pro
928,1320,12,16,2023-05-13 16:00:00,12000.00,atendida,transferencia,Felipe Jiménez Ospina,Corte moderno,Sebastián Blade
929,1411,21,29,2023-09-14 18:00:00,25000.00,atendida,tarjeta,Patricia Gutiérrez Ríos,Limpieza facial,El Calvo Cuts
930,657,27,31,2024-11-12 11:00:00,22000.00,cancelada,efectivo,Brayan Mendoza Henao,Tratamiento anticaida,Cristian Fade
931,923,28,16,2024-09-05 14:00:00,55000.00,cancelada,nequi,Mauricio Gómez González,Pack novio completo,Sebastián Blade
932,1904,14,13,2023-05-10 09:00:00,15000.00,atendida,nequi,Yulieth Arias Vargas,Corte + tinte,Camilo Pro
933,505,25,25,2023-05-11 11:00:00,80000.00,atendida,efectivo,Felipe Medina Vega,Corte + hidratacion,Lucho Precision
934,1718,7,31,2023-12-21 15:00:00,13000.00,atendida,transferencia,Alejandro Ruiz Ocampo,Arreglo de barba,Cristian Fade
935,1512,15,15,2024-10-01 11:00:00,14000.00,atendida,transferencia,Paola Correa Rodríguez,Tinte completo,Jhon Navajas
936,1514,13,17,2023-04-21 14:00:00,18000.00,cancelada,daviplata,Mauricio Rodríguez Medina,Corte infantil,Kevin El Maestro
937,1967,25,22,2024-01-31 15:00:00,80000.00,atendida,transferencia,Isabella Gómez Bedoya,Corte + hidratacion,Diego Fadero
938,616,21,25,2023-09-12 18:00:00,25000.00,atendida,efectivo,Monica Cárdenas Bedoya,Limpieza facial,Lucho Precision
939,740,1,24,2024-09-25 11:00:00,12000.00,atendida,daviplata,Angie Suárez Espinoza,Corte de cabello Basico,El Negro Barber
940,1325,20,5,2024-03-21 18:00:00,22000.00,atendida,daviplata,Camila Zapata Mendoza,Depilacion de cejas,El Vikingo
941,41,15,22,2023-05-13 16:00:00,14000.00,atendida,nequi,Leidy Díaz Salazar,Tinte completo,Diego Fadero
942,80,27,5,2024-09-17 09:00:00,22000.00,atendida,nequi,Hernán Guerrero Romero,Tratamiento anticaida,El Vikingo
943,1985,15,10,2023-07-06 18:00:00,14000.00,atendida,nequi,Ana Rodríguez Martínez,Tinte completo,Yeferson King
944,1546,22,5,2023-01-15 11:00:00,15000.00,atendida,tarjeta,Sofia Londoño Arias,Hidratacion capilar,El Vikingo
945,1566,18,30,2023-10-26 11:00:00,22000.00,atendida,transferencia,Natalia Morales Rivera,Afeitado clasico navaja,Pipe Navajas
946,1082,3,3,2024-09-08 09:00:00,8000.00,cancelada,daviplata,Marcela Morales Reyes,Arreglo de barba,Juancho El Indio
947,1472,3,4,2023-01-05 17:00:00,8000.00,cancelada,tarjeta,Laura Peña Henao,Arreglo de barba,Mateo Barber
948,1113,14,23,2023-06-07 08:00:00,15000.00,cancelada,transferencia,Esteban Flores Moreno,Corte + tinte,Santi Premium
949,1224,23,19,2024-03-22 10:00:00,30000.00,atendida,transferencia,Raúl Delgado Guerrero,Keratina,Fercho Barber
950,170,3,10,2023-09-29 16:00:00,8000.00,cancelada,transferencia,Isabella Gómez Gómez,Arreglo de barba,Yeferson King
951,1484,10,7,2024-11-23 16:00:00,35000.00,atendida,transferencia,Claudia Vega Cruz,Corte navaja,Pipe El Crack
952,950,7,5,2023-09-03 16:00:00,13000.00,atendida,daviplata,Sofia Torres Arias,Arreglo de barba,El Vikingo
953,1475,13,19,2024-05-27 09:00:00,18000.00,atendida,transferencia,Laura Arias Herrera,Corte infantil,Fercho Barber
954,605,18,29,2024-09-22 11:00:00,22000.00,atendida,efectivo,Santiago Morales Herrera,Afeitado clasico navaja,El Calvo Cuts
955,1237,29,17,2024-10-24 15:00:00,50000.00,atendida,tarjeta,Yesid Suárez Ospina,Coloracion fantasia,Kevin El Maestro
956,673,12,30,2023-01-11 08:00:00,12000.00,atendida,transferencia,Patricia Castro Gómez,Corte moderno,Pipe Navajas
957,418,7,7,2024-03-24 08:00:00,13000.00,cancelada,tarjeta,Felipe Reyes Zapata,Arreglo de barba,Pipe El Crack
958,460,27,26,2023-10-05 16:00:00,22000.00,atendida,nequi,Santiago García Rodríguez,Tratamiento anticaida,Andres El Pro
959,855,21,11,2023-06-27 10:00:00,25000.00,atendida,transferencia,Sofia Zapata González,Limpieza facial,El Mono Barber
960,917,29,19,2024-09-02 11:00:00,50000.00,atendida,transferencia,Deisy Moreno Vega,Coloracion fantasia,Fercho Barber
961,673,26,28,2024-08-01 12:00:00,50000.00,atendida,efectivo,Patricia Castro Gómez,Masaje capilar,Yeison Barber
962,928,23,14,2024-02-13 16:00:00,30000.00,atendida,efectivo,Steven Ortiz Peña,Keratina,El Tigre Cuts
963,1702,14,9,2024-05-02 14:00:00,15000.00,cancelada,efectivo,Ana Pérez Medina,Corte + tinte,Brayan Scissors
964,1898,12,15,2023-12-16 14:00:00,12000.00,atendida,transferencia,Hernán Rivera González,Corte moderno,Jhon Navajas
965,1738,20,10,2024-12-17 12:00:00,22000.00,atendida,daviplata,Patricia Castro Jiménez,Depilacion de cejas,Yeferson King
966,1058,18,10,2023-03-13 09:00:00,22000.00,atendida,transferencia,Paola Cárdenas Medina,Afeitado clasico navaja,Yeferson King
967,400,16,7,2024-10-12 10:00:00,8000.00,cancelada,daviplata,Catalina Ruiz Bedoya,Barba completa,Pipe El Crack
968,490,13,2,2024-10-18 11:00:00,18000.00,atendida,nequi,Johana Pérez Salazar,Corte infantil,Maicol Style
969,828,24,31,2024-10-08 18:00:00,50000.00,cancelada,daviplata,Diego Cárdenas Ruiz,Corte + barba + cejas,Cristian Fade
970,1650,18,13,2023-01-10 10:00:00,22000.00,atendida,daviplata,Paola Reyes Díaz,Afeitado clasico navaja,Camilo Pro
971,78,24,31,2023-09-20 12:00:00,50000.00,cancelada,transferencia,Angie Moreno Torres,Corte + barba + cejas,Cristian Fade
972,2006,5,19,2023-04-20 14:00:00,15000.00,cancelada,efectivo,Fernando Cárdenas Espinoza,Corte de cabello Basico,Fercho Barber
973,1217,6,10,2023-09-15 17:00:00,14000.00,atendida,tarjeta,Fernando Arias García,Corte de cabello Basico + barba,Yeferson King
974,315,10,29,2024-09-10 10:00:00,35000.00,atendida,nequi,Andrés Cruz Vega,Corte navaja,El Calvo Cuts
975,624,14,11,2023-11-17 18:00:00,15000.00,atendida,daviplata,Andrea Díaz Ocampo,Corte + tinte,El Mono Barber
976,137,2,4,2024-02-17 11:00:00,15000.00,atendida,tarjeta,Monica Espinoza Peña,Corte de cabello Basico + barba,Mateo Barber
977,777,7,17,2024-05-16 17:00:00,13000.00,atendida,tarjeta,Rodrigo Rodríguez Reyes,Arreglo de barba,Kevin El Maestro
978,1601,7,15,2023-04-28 17:00:00,13000.00,cancelada,tarjeta,Julián Sánchez Moreno,Arreglo de barba,Jhon Navajas
979,738,7,21,2024-12-27 08:00:00,13000.00,atendida,nequi,Juan Salazar Torres,Arreglo de barba,Wilmar Style
980,107,15,23,2023-08-03 17:00:00,14000.00,cancelada,transferencia,Isabella Parra Gutiérrez,Tinte completo,Santi Premium
981,85,3,14,2023-06-10 18:00:00,8000.00,cancelada,nequi,Melissa Suárez Ramírez,Arreglo de barba,El Tigre Cuts
982,441,19,17,2024-04-15 08:00:00,60000.00,atendida,transferencia,Samuel Sánchez Flores,Cejas + barba,Kevin El Maestro
983,945,26,12,2024-08-05 12:00:00,50000.00,atendida,transferencia,Fernando Medina Muñoz,Masaje capilar,Duvan Fresh
984,552,4,23,2023-07-19 14:00:00,18000.00,cancelada,nequi,Catalina Cruz Mendoza,Corte + lavado,Santi Premium
985,187,16,27,2023-09-28 12:00:00,8000.00,atendida,efectivo,Natalia Bedoya Sánchez,Barba completa,Tomas Clipper
986,858,11,8,2024-06-18 16:00:00,25000.00,cancelada,tarjeta,Sara Espinoza Vargas,Corte clasico,Tato Fade
987,1969,19,26,2023-09-25 09:00:00,60000.00,atendida,tarjeta,Jorge Flores Morales,Cejas + barba,Andres El Pro
988,1254,1,16,2024-05-20 12:00:00,12000.00,atendida,efectivo,Xiomara Pérez García,Corte de cabello Basico,Sebastián Blade
989,795,28,6,2023-03-13 12:00:00,55000.00,cancelada,transferencia,Kevin Díaz Díaz,Pack novio completo,Chelo Cuts
990,1143,5,22,2023-06-13 16:00:00,15000.00,cancelada,efectivo,Yeison Montoya Reyes,Corte de cabello Basico,Diego Fadero
991,1646,25,11,2023-04-27 11:00:00,80000.00,cancelada,daviplata,Maria Torres Ortiz,Corte + hidratacion,El Mono Barber
992,359,7,19,2023-06-07 10:00:00,13000.00,cancelada,tarjeta,Carlos Henao Zapata,Arreglo de barba,Fercho Barber
993,271,1,22,2024-09-04 12:00:00,12000.00,atendida,tarjeta,Ferney Suárez Rodríguez,Corte de cabello Basico,Diego Fadero
994,1306,8,24,2023-01-14 16:00:00,16000.00,cancelada,transferencia,Diego Mendoza Pérez,Corte + lavado,El Negro Barber
995,1244,12,8,2024-08-04 16:00:00,12000.00,atendida,daviplata,Hernán Díaz Suárez,Corte moderno,Tato Fade
996,1791,3,25,2024-02-17 17:00:00,8000.00,atendida,efectivo,Johana Cruz Ospina,Arreglo de barba,Lucho Precision
997,1319,4,29,2024-06-22 09:00:00,18000.00,atendida,efectivo,Ricardo Londoño Mendoza,Corte + lavado,El Calvo Cuts
998,967,4,9,2023-06-26 16:00:00,18000.00,atendida,tarjeta,Fabian Suárez Delgado,Corte + lavado,Brayan Scissors
999,128,5,18,2024-04-30 12:00:00,15000.00,cancelada,daviplata,Fabian Torres Guerrero,Corte de cabello Basico,Nico Estilo
1000,1986,11,18,2023-04-08 15:00:00,25000.00,atendida,transferencia,Dayana Díaz Rodríguez,Corte clasico,Nico Estilo
1001,930,22,28,2023-05-21 09:00:00,15000.00,cancelada,transferencia,Patricia Silva Delgado,Hidratacion capilar,Yeison Barber
1002,971,12,18,2024-08-10 12:00:00,12000.00,atendida,nequi,Ferney Ramos Díaz,Corte moderno,Nico Estilo
1003,1328,5,6,2023-11-15 16:00:00,15000.00,atendida,efectivo,Daniela Reyes Salazar,Corte de cabello Basico,Chelo Cuts
1004,1314,30,21,2024-01-10 08:00:00,40000.00,atendida,daviplata,Nathaly Gutiérrez Cárdenas,Corte + lavado + barba,Wilmar Style
1005,95,26,13,2023-05-31 16:00:00,50000.00,atendida,daviplata,Wilmar Torres López,Masaje capilar,Camilo Pro
1006,504,5,28,2023-06-17 09:00:00,15000.00,cancelada,transferencia,Maria Gutiérrez Peña,Corte de cabello Basico,Yeison Barber
1007,1546,2,12,2023-12-03 17:00:00,15000.00,atendida,transferencia,Sofia Londoño Arias,Corte de cabello Basico + barba,Duvan Fresh
1008,1038,18,20,2024-09-29 15:00:00,22000.00,atendida,nequi,Kevin Guerrero Parra,Afeitado clasico navaja,El Paisa Cuts
1009,346,8,10,2024-09-17 14:00:00,16000.00,atendida,transferencia,Wilmar Muñoz Suárez,Corte + lavado,Yeferson King
1010,237,29,23,2024-10-05 16:00:00,50000.00,atendida,transferencia,Diana Rivera Morales,Coloracion fantasia,Santi Premium
1011,1994,24,27,2023-11-08 10:00:00,50000.00,atendida,efectivo,Nicolás Moreno Montoya,Corte + barba + cejas,Tomas Clipper
1012,1272,3,27,2024-03-13 14:00:00,8000.00,atendida,daviplata,Andrés Peña Zapata,Arreglo de barba,Tomas Clipper
1013,1130,4,21,2023-05-05 16:00:00,18000.00,cancelada,efectivo,Lucia García Delgado,Corte + lavado,Wilmar Style
1014,356,17,15,2024-04-30 08:00:00,20000.00,atendida,nequi,Andrés Henao Díaz,Barba + hidratacion,Jhon Navajas
1015,364,17,30,2023-02-12 18:00:00,20000.00,atendida,nequi,Patricia Ortiz Díaz,Barba + hidratacion,Pipe Navajas
1016,524,17,8,2024-06-24 09:00:00,20000.00,atendida,daviplata,Ferney Parra Suárez,Barba + hidratacion,Tato Fade
1017,383,11,11,2024-02-14 15:00:00,25000.00,cancelada,nequi,Deisy Arias Cárdenas,Corte clasico,El Mono Barber
1018,2020,21,30,2023-01-20 10:00:00,25000.00,atendida,transferencia,Marcela Pérez Flores,Limpieza facial,Pipe Navajas
1019,1994,5,22,2024-06-20 11:00:00,15000.00,atendida,transferencia,Nicolás Moreno Montoya,Corte de cabello Basico,Diego Fadero
1020,1412,25,29,2023-04-09 14:00:00,80000.00,atendida,nequi,Miguel Castro Ospina,Corte + hidratacion,El Calvo Cuts
1021,750,14,14,2023-12-23 09:00:00,15000.00,atendida,daviplata,Santiago Montoya Romero,Corte + tinte,El Tigre Cuts
1022,665,1,17,2023-08-10 16:00:00,12000.00,atendida,tarjeta,Valentina Ruiz González,Corte de cabello Basico,Kevin El Maestro
1023,819,30,20,2023-10-31 14:00:00,40000.00,cancelada,transferencia,Sara Delgado Castro,Corte + lavado + barba,El Paisa Cuts
1024,1651,30,9,2024-04-28 11:00:00,40000.00,atendida,efectivo,Sara Bedoya Gutiérrez,Corte + lavado + barba,Brayan Scissors
1025,439,19,3,2024-01-15 10:00:00,60000.00,atendida,transferencia,Monica Ríos Rodríguez,Cejas + barba,Juancho El Indio
1026,787,16,31,2024-05-09 11:00:00,8000.00,atendida,efectivo,Juan Sánchez Arias,Barba completa,Cristian Fade
1027,715,11,31,2023-07-07 11:00:00,25000.00,atendida,tarjeta,Lizeth Montoya Flores,Corte clasico,Cristian Fade
1028,755,28,16,2024-06-09 08:00:00,55000.00,atendida,daviplata,Ricardo Muñoz Rivera,Pack novio completo,Sebastián Blade
1029,1161,30,2,2024-08-24 12:00:00,40000.00,atendida,efectivo,Fabian Ramírez Romero,Corte + lavado + barba,Maicol Style
1030,102,13,14,2023-01-24 16:00:00,18000.00,atendida,transferencia,Sergio López Sánchez,Corte infantil,El Tigre Cuts
1031,368,10,9,2023-02-16 17:00:00,35000.00,cancelada,efectivo,Cristian Rivera González,Corte navaja,Brayan Scissors
1032,543,12,29,2024-03-27 10:00:00,12000.00,atendida,nequi,Sebastián Ramos Ruiz,Corte moderno,El Calvo Cuts
1033,1708,7,12,2023-05-11 14:00:00,13000.00,atendida,nequi,Xiomara López Ramírez,Arreglo de barba,Duvan Fresh
1034,530,14,7,2023-07-17 08:00:00,15000.00,atendida,transferencia,Claudia González Pérez,Corte + tinte,Pipe El Crack
1035,1091,29,16,2024-07-07 15:00:00,50000.00,cancelada,efectivo,Fabian Ocampo Gutiérrez,Coloracion fantasia,Sebastián Blade
1036,1593,11,20,2024-07-05 12:00:00,25000.00,cancelada,nequi,Alejandro Guerrero Ospina,Corte clasico,El Paisa Cuts
1037,857,10,9,2023-11-28 09:00:00,35000.00,cancelada,transferencia,Wilmar Gutiérrez Medina,Corte navaja,Brayan Scissors
1038,1646,24,9,2023-07-30 15:00:00,50000.00,cancelada,tarjeta,Maria Torres Ortiz,Corte + barba + cejas,Brayan Scissors
1039,1729,8,25,2023-10-16 10:00:00,16000.00,atendida,daviplata,Santiago Suárez Delgado,Corte + lavado,Lucho Precision
1040,583,10,14,2024-10-19 14:00:00,35000.00,atendida,tarjeta,Adriana Muñoz Ospina,Corte navaja,El Tigre Cuts
1041,1879,26,30,2023-08-17 10:00:00,50000.00,atendida,daviplata,Cristian Londoño González,Masaje capilar,Pipe Navajas
1042,1191,5,25,2024-04-29 15:00:00,15000.00,atendida,tarjeta,Sebastián Muñoz Jiménez,Corte de cabello Basico,Lucho Precision
1043,1764,23,21,2024-12-31 17:00:00,30000.00,atendida,nequi,Natalia Arias Ramírez,Keratina,Wilmar Style
1044,101,22,4,2024-07-24 17:00:00,15000.00,atendida,daviplata,Ana Moreno Cárdenas,Hidratacion capilar,Mateo Barber
1045,1376,1,15,2023-03-08 16:00:00,12000.00,atendida,nequi,Raúl Martínez Zapata,Corte de cabello Basico,Jhon Navajas
1046,1111,19,7,2024-07-18 17:00:00,60000.00,atendida,tarjeta,Andrés Ortiz Londoño,Cejas + barba,Pipe El Crack
1047,466,12,23,2024-08-05 08:00:00,12000.00,atendida,efectivo,Luis Ruiz Ramírez,Corte moderno,Santi Premium
1048,125,25,29,2023-09-10 16:00:00,80000.00,atendida,daviplata,Kevin Ruiz Gómez,Corte + hidratacion,El Calvo Cuts
1049,2027,4,31,2024-11-03 16:00:00,18000.00,atendida,nequi,Fabian Silva Guerrero,Corte + lavado,Cristian Fade
1050,128,24,15,2023-07-31 11:00:00,50000.00,cancelada,transferencia,Fabian Torres Guerrero,Corte + barba + cejas,Jhon Navajas
1051,1556,9,26,2024-04-03 18:00:00,10000.00,cancelada,daviplata,Ferney Castro Sánchez,Corte degradado,Andres El Pro
1052,1814,18,29,2023-10-13 10:00:00,22000.00,atendida,nequi,Fernando Ramos Salazar,Afeitado clasico navaja,El Calvo Cuts
1053,1087,2,11,2024-08-18 15:00:00,15000.00,atendida,nequi,Andrés Martínez González,Corte de cabello Basico + barba,El Mono Barber
1054,1482,16,5,2023-02-10 09:00:00,8000.00,cancelada,daviplata,Duvan Muñoz Ortiz,Barba completa,El Vikingo
1055,1137,7,22,2024-03-30 09:00:00,13000.00,cancelada,transferencia,Yesid Londoño Jiménez,Arreglo de barba,Diego Fadero
1056,697,18,14,2024-05-27 08:00:00,22000.00,cancelada,nequi,Julián Mendoza Parra,Afeitado clasico navaja,El Tigre Cuts
1057,1322,10,5,2024-08-22 09:00:00,35000.00,atendida,nequi,Yeison Ospina Cruz,Corte navaja,El Vikingo
1058,528,22,3,2023-01-31 12:00:00,15000.00,cancelada,transferencia,Johana Morales Medina,Hidratacion capilar,Juancho El Indio
1059,358,3,12,2023-02-22 10:00:00,8000.00,atendida,daviplata,Lucia Cárdenas Flores,Arreglo de barba,Duvan Fresh
1060,514,22,22,2023-11-03 08:00:00,15000.00,atendida,nequi,Sebastián Flores Correa,Hidratacion capilar,Diego Fadero
1061,978,15,5,2024-03-02 18:00:00,14000.00,atendida,transferencia,Maria Rivera Jiménez,Tinte completo,El Vikingo
1062,592,18,24,2024-04-11 08:00:00,22000.00,atendida,tarjeta,Claudia López Gutiérrez,Afeitado clasico navaja,El Negro Barber
1063,416,14,20,2024-04-17 16:00:00,15000.00,atendida,efectivo,Lizeth Delgado Espinoza,Corte + tinte,El Paisa Cuts
1064,547,6,30,2024-02-25 08:00:00,14000.00,atendida,nequi,Diego Guerrero Reyes,Corte de cabello Basico + barba,Pipe Navajas
1065,1179,9,26,2024-01-04 09:00:00,10000.00,atendida,nequi,Claudia Flores Pérez,Corte degradado,Andres El Pro
1066,1887,3,15,2023-02-04 16:00:00,8000.00,atendida,efectivo,Patricia Ruiz Henao,Arreglo de barba,Jhon Navajas
1067,1365,13,30,2024-07-16 11:00:00,18000.00,atendida,transferencia,Deisy Morales Rodríguez,Corte infantil,Pipe Navajas
1068,1151,4,18,2024-09-08 18:00:00,18000.00,atendida,daviplata,Carlos Morales González,Corte + lavado,Nico Estilo
1069,737,16,14,2024-05-28 10:00:00,8000.00,cancelada,transferencia,Leidy Gutiérrez Herrera,Barba completa,El Tigre Cuts
1070,615,4,21,2023-06-03 14:00:00,18000.00,cancelada,nequi,Paola Bedoya Henao,Corte + lavado,Wilmar Style
1071,156,1,14,2024-08-02 08:00:00,12000.00,atendida,transferencia,Mariana Martínez Ortiz,Corte de cabello Basico,El Tigre Cuts
1072,72,18,4,2024-11-05 15:00:00,22000.00,cancelada,efectivo,Ricardo Espinoza Henao,Afeitado clasico navaja,Mateo Barber
1073,1420,18,24,2024-10-13 12:00:00,22000.00,atendida,nequi,Maria Ospina Salazar,Afeitado clasico navaja,El Negro Barber
1074,217,20,10,2023-06-23 12:00:00,22000.00,atendida,daviplata,Valentina Henao Ruiz,Depilacion de cejas,Yeferson King
1075,293,4,16,2023-11-27 08:00:00,18000.00,cancelada,transferencia,Rodrigo Delgado Pérez,Corte + lavado,Sebastián Blade
1076,329,29,2,2023-05-07 15:00:00,50000.00,atendida,transferencia,Juan Morales Rodríguez,Coloracion fantasia,Maicol Style
1077,1455,25,28,2023-08-06 17:00:00,80000.00,atendida,transferencia,Xiomara Romero González,Corte + hidratacion,Yeison Barber
1078,1658,3,31,2023-06-11 10:00:00,8000.00,cancelada,tarjeta,Mariana García Zapata,Arreglo de barba,Cristian Fade
1079,235,22,21,2023-03-12 10:00:00,15000.00,cancelada,efectivo,Dayana Cárdenas Martínez,Hidratacion capilar,Wilmar Style
1080,1465,19,24,2023-06-21 16:00:00,60000.00,atendida,transferencia,Sebastián Cruz Zapata,Cejas + barba,El Negro Barber
1081,919,5,28,2024-01-14 11:00:00,15000.00,atendida,daviplata,Leidy Montoya Ríos,Corte de cabello Basico,Yeison Barber
1082,67,24,19,2023-11-24 09:00:00,50000.00,atendida,tarjeta,Johana Espinoza Jiménez,Corte + barba + cejas,Fercho Barber
1083,1823,27,8,2023-01-04 15:00:00,22000.00,atendida,tarjeta,Xiomara Ramírez López,Tratamiento anticaida,Tato Fade
1084,757,6,30,2023-12-01 14:00:00,14000.00,atendida,daviplata,Brayan Ramírez Vargas,Corte de cabello Basico + barba,Pipe Navajas
1085,143,20,27,2023-05-13 10:00:00,22000.00,cancelada,daviplata,Johana Henao Pérez,Depilacion de cejas,Tomas Clipper
1086,763,5,6,2024-01-06 14:00:00,15000.00,atendida,daviplata,Laura Rojas Medina,Corte de cabello Basico,Chelo Cuts
1087,1677,15,18,2024-05-29 12:00:00,14000.00,atendida,tarjeta,Cristian Rodríguez Castro,Tinte completo,Nico Estilo
1088,1024,5,11,2023-03-03 08:00:00,15000.00,atendida,nequi,Leidy Silva García,Corte de cabello Basico,El Mono Barber
1089,1161,4,14,2024-02-28 16:00:00,18000.00,atendida,daviplata,Fabian Ramírez Romero,Corte + lavado,El Tigre Cuts
1090,1679,13,25,2024-05-18 11:00:00,18000.00,atendida,transferencia,Yeison Mendoza Delgado,Corte infantil,Lucho Precision
1091,626,3,25,2024-06-21 10:00:00,8000.00,atendida,efectivo,Maria Silva García,Arreglo de barba,Lucho Precision
1092,1561,4,13,2024-10-08 15:00:00,18000.00,atendida,tarjeta,Santiago Correa Ospina,Corte + lavado,Camilo Pro
1093,1968,18,22,2023-10-20 08:00:00,22000.00,atendida,nequi,Wilmar Ruiz Rojas,Afeitado clasico navaja,Diego Fadero
1094,254,18,12,2023-11-04 15:00:00,22000.00,cancelada,transferencia,Gabriela Espinoza Torres,Afeitado clasico navaja,Duvan Fresh
1095,1560,17,30,2023-03-17 16:00:00,20000.00,cancelada,daviplata,Jorge Peña Correa,Barba + hidratacion,Pipe Navajas
1096,1586,20,30,2024-05-09 15:00:00,22000.00,atendida,efectivo,Andrés Vargas Sánchez,Depilacion de cejas,Pipe Navajas
1097,1302,15,3,2023-06-08 14:00:00,14000.00,atendida,efectivo,Natalia Vega Rojas,Tinte completo,Juancho El Indio
1098,859,2,11,2024-06-22 18:00:00,15000.00,atendida,nequi,Deisy Castro Bedoya,Corte de cabello Basico + barba,El Mono Barber
1099,1876,17,28,2023-02-27 09:00:00,20000.00,atendida,nequi,Marcela Vega García,Barba + hidratacion,Yeison Barber
1100,757,16,30,2023-02-24 10:00:00,8000.00,atendida,transferencia,Brayan Ramírez Vargas,Barba completa,Pipe Navajas
1101,393,11,14,2024-12-31 15:00:00,25000.00,cancelada,transferencia,Melissa Castro Pérez,Corte clasico,El Tigre Cuts
1102,1788,27,25,2023-12-07 11:00:00,22000.00,atendida,daviplata,Mateo Jiménez Parra,Tratamiento anticaida,Lucho Precision
1103,1709,29,4,2024-03-26 10:00:00,50000.00,atendida,nequi,Cristian Ortiz Martínez,Coloracion fantasia,Mateo Barber
1104,1235,15,12,2023-11-29 09:00:00,14000.00,atendida,transferencia,Laura Sánchez Romero,Tinte completo,Duvan Fresh
1105,106,28,31,2023-12-24 18:00:00,55000.00,atendida,tarjeta,Hernán Londoño Zapata,Pack novio completo,Cristian Fade
1106,289,23,27,2024-04-05 12:00:00,30000.00,cancelada,tarjeta,Wilmar Mendoza Ríos,Keratina,Tomas Clipper
1107,128,17,14,2024-01-24 16:00:00,20000.00,atendida,nequi,Fabian Torres Guerrero,Barba + hidratacion,El Tigre Cuts
1108,1981,26,17,2023-06-20 14:00:00,50000.00,atendida,transferencia,Brayan Morales Cruz,Masaje capilar,Kevin El Maestro
1109,989,11,29,2024-05-11 10:00:00,25000.00,atendida,tarjeta,Kevin Muñoz Espinoza,Corte clasico,El Calvo Cuts
1110,1225,23,8,2023-02-28 17:00:00,30000.00,atendida,transferencia,Sergio Rodríguez Ruiz,Keratina,Tato Fade
1111,2004,18,18,2024-10-13 18:00:00,22000.00,atendida,transferencia,Steven Bedoya Suárez,Afeitado clasico navaja,Nico Estilo
1112,594,9,19,2023-04-25 18:00:00,10000.00,atendida,nequi,Johana Mendoza Bedoya,Corte degradado,Fercho Barber
1113,1772,11,3,2023-01-11 15:00:00,25000.00,atendida,nequi,Ricardo Silva Henao,Corte clasico,Juancho El Indio
1114,2021,3,18,2024-01-18 08:00:00,8000.00,atendida,transferencia,Valentina Ruiz Ospina,Arreglo de barba,Nico Estilo
1115,1832,16,3,2023-12-01 15:00:00,8000.00,atendida,daviplata,Lucia Ramos Jiménez,Barba completa,Juancho El Indio
1116,1805,13,25,2023-10-20 18:00:00,18000.00,atendida,efectivo,Sebastián Ríos Rivera,Corte infantil,Lucho Precision
1117,403,9,23,2023-10-02 15:00:00,10000.00,atendida,tarjeta,Steven Ocampo Guerrero,Corte degradado,Santi Premium
1118,1599,28,26,2023-05-27 08:00:00,55000.00,atendida,nequi,Esteban Ramírez Ramírez,Pack novio completo,Andres El Pro
1119,443,14,5,2024-01-08 12:00:00,15000.00,atendida,nequi,Hernán Muñoz Vargas,Corte + tinte,El Vikingo
1120,1421,21,2,2023-06-07 08:00:00,25000.00,cancelada,nequi,Felipe Ospina Vargas,Limpieza facial,Maicol Style
1121,141,29,27,2024-08-01 16:00:00,50000.00,cancelada,efectivo,Brayan Romero Romero,Coloracion fantasia,Tomas Clipper
1122,1055,8,29,2024-08-06 10:00:00,16000.00,atendida,daviplata,Carlos Delgado Gutiérrez,Corte + lavado,El Calvo Cuts
1123,1100,9,12,2024-05-28 14:00:00,10000.00,atendida,daviplata,Maria González Castro,Corte degradado,Duvan Fresh
1124,1479,23,31,2023-07-21 11:00:00,30000.00,atendida,efectivo,Carolina Peña Peña,Keratina,Cristian Fade
1125,442,19,3,2024-12-31 16:00:00,60000.00,atendida,efectivo,Lucia Castro Herrera,Cejas + barba,Juancho El Indio
1126,1877,29,22,2024-04-22 17:00:00,50000.00,atendida,nequi,Juan Ríos Suárez,Coloracion fantasia,Diego Fadero
1127,479,2,12,2023-09-28 12:00:00,15000.00,atendida,efectivo,Jorge Ríos Sánchez,Corte de cabello Basico + barba,Duvan Fresh
1128,95,15,4,2023-01-30 14:00:00,14000.00,cancelada,transferencia,Wilmar Torres López,Tinte completo,Mateo Barber
1129,959,16,13,2023-01-09 17:00:00,8000.00,cancelada,efectivo,Wilmar Flores Reyes,Barba completa,Camilo Pro
1130,883,19,24,2023-02-16 11:00:00,60000.00,atendida,nequi,Patricia Henao Martínez,Cejas + barba,El Negro Barber
1131,314,3,8,2023-11-29 18:00:00,8000.00,atendida,nequi,Valentina González Ríos,Arreglo de barba,Tato Fade
1132,1381,11,5,2024-10-03 16:00:00,25000.00,atendida,transferencia,Mauricio Salazar Peña,Corte clasico,El Vikingo
1133,1622,8,16,2024-11-26 09:00:00,16000.00,atendida,nequi,Diana Ruiz Ortiz,Corte + lavado,Sebastián Blade
1134,1070,8,4,2024-01-13 09:00:00,16000.00,cancelada,transferencia,David Ocampo Gutiérrez,Corte + lavado,Mateo Barber
1135,1829,3,19,2023-12-10 17:00:00,8000.00,atendida,nequi,Fabian Montoya Morales,Arreglo de barba,Fercho Barber
1136,1116,26,29,2023-04-09 12:00:00,50000.00,atendida,daviplata,Sergio Delgado Henao,Masaje capilar,El Calvo Cuts
1137,394,29,29,2024-04-17 11:00:00,50000.00,cancelada,transferencia,Andrea Ríos Vega,Coloracion fantasia,El Calvo Cuts
1138,1439,3,25,2024-01-08 11:00:00,8000.00,atendida,nequi,Cristian Correa Ocampo,Arreglo de barba,Lucho Precision
1139,631,16,25,2024-06-07 17:00:00,8000.00,atendida,nequi,Patricia Rojas Suárez,Barba completa,Lucho Precision
1140,1069,2,29,2023-08-30 16:00:00,15000.00,cancelada,daviplata,Miguel Flores Londoño,Corte de cabello Basico + barba,El Calvo Cuts
1141,1599,4,23,2024-10-13 14:00:00,18000.00,atendida,transferencia,Esteban Ramírez Ramírez,Corte + lavado,Santi Premium
1142,674,13,12,2024-07-21 17:00:00,18000.00,atendida,tarjeta,Melissa Muñoz Parra,Corte infantil,Duvan Fresh
1143,959,13,3,2023-10-09 14:00:00,18000.00,cancelada,efectivo,Wilmar Flores Reyes,Corte infantil,Juancho El Indio
1144,644,19,15,2023-06-26 16:00:00,60000.00,atendida,nequi,Diana Delgado Suárez,Cejas + barba,Jhon Navajas
1145,1715,2,26,2023-10-13 10:00:00,15000.00,atendida,tarjeta,Xiomara Ocampo Cárdenas,Corte de cabello Basico + barba,Andres El Pro
1146,568,2,13,2023-08-19 15:00:00,15000.00,atendida,efectivo,Cristian Reyes Rivera,Corte de cabello Basico + barba,Camilo Pro
1147,1050,7,7,2023-11-13 18:00:00,13000.00,cancelada,tarjeta,Leidy Silva Medina,Arreglo de barba,Pipe El Crack
1148,563,18,30,2023-10-18 15:00:00,22000.00,atendida,tarjeta,Rodrigo Delgado Romero,Afeitado clasico navaja,Pipe Navajas
1149,1162,30,14,2024-08-26 15:00:00,40000.00,atendida,nequi,Jhon Espinoza Rojas,Corte + lavado + barba,El Tigre Cuts
1150,818,22,27,2024-08-14 14:00:00,15000.00,atendida,efectivo,Laura Vega Rojas,Hidratacion capilar,Tomas Clipper
1151,1375,26,12,2023-10-23 09:00:00,50000.00,atendida,transferencia,Yeison Montoya Muñoz,Masaje capilar,Duvan Fresh
1152,1851,19,11,2023-10-14 14:00:00,60000.00,cancelada,transferencia,Duvan Rodríguez Reyes,Cejas + barba,El Mono Barber
1153,782,18,18,2023-03-05 15:00:00,22000.00,cancelada,efectivo,Ana Delgado Moreno,Afeitado clasico navaja,Nico Estilo
1154,786,30,29,2023-11-17 08:00:00,40000.00,atendida,efectivo,Leidy Flores Cruz,Corte + lavado + barba,El Calvo Cuts
1155,1861,10,16,2023-03-22 09:00:00,35000.00,atendida,efectivo,Fernando Rojas Parra,Corte navaja,Sebastián Blade
1156,1378,10,16,2024-11-06 14:00:00,35000.00,atendida,nequi,Monica Morales Correa,Corte navaja,Sebastián Blade
1157,997,15,5,2023-01-03 14:00:00,14000.00,atendida,transferencia,Rodrigo Ríos Moreno,Tinte completo,El Vikingo
1158,1071,27,2,2023-04-03 12:00:00,22000.00,atendida,daviplata,Natalia Ocampo Rodríguez,Tratamiento anticaida,Maicol Style
1159,695,27,9,2024-07-19 11:00:00,22000.00,atendida,nequi,Oscar Vargas Ospina,Tratamiento anticaida,Brayan Scissors
1160,519,16,12,2024-02-12 08:00:00,8000.00,atendida,daviplata,Jhon Rivera Romero,Barba completa,Duvan Fresh
1161,1032,7,23,2023-06-13 17:00:00,13000.00,atendida,nequi,Camila Ríos Martínez,Arreglo de barba,Santi Premium
1162,1001,3,8,2024-04-15 15:00:00,8000.00,atendida,transferencia,Jorge Ospina Díaz,Arreglo de barba,Tato Fade
1163,1685,1,10,2023-07-13 16:00:00,12000.00,atendida,nequi,Ferney González Muñoz,Corte de cabello Basico,Yeferson King
1164,393,19,5,2023-12-28 17:00:00,60000.00,cancelada,tarjeta,Melissa Castro Pérez,Cejas + barba,El Vikingo
1165,554,6,12,2024-07-05 18:00:00,14000.00,atendida,nequi,Sebastián Muñoz Romero,Corte de cabello Basico + barba,Duvan Fresh
1166,479,8,25,2023-12-22 09:00:00,16000.00,atendida,transferencia,Jorge Ríos Sánchez,Corte + lavado,Lucho Precision
1167,1557,1,18,2024-07-21 09:00:00,12000.00,atendida,daviplata,Sofia Vargas López,Corte de cabello Basico,Nico Estilo
1168,637,1,6,2023-09-21 14:00:00,12000.00,atendida,daviplata,Luis Díaz Parra,Corte de cabello Basico,Chelo Cuts
1169,616,3,21,2023-09-07 12:00:00,8000.00,atendida,tarjeta,Monica Cárdenas Bedoya,Arreglo de barba,Wilmar Style
1170,1926,1,31,2024-08-21 10:00:00,12000.00,cancelada,tarjeta,Andrés Ruiz Ruiz,Corte de cabello Basico,Cristian Fade
1171,916,29,18,2024-12-23 12:00:00,50000.00,atendida,daviplata,Daniela Castro Romero,Coloracion fantasia,Nico Estilo
1172,758,1,22,2024-02-23 17:00:00,12000.00,atendida,transferencia,Diana Parra Correa,Corte de cabello Basico,Diego Fadero
1173,1854,29,18,2024-07-19 14:00:00,50000.00,atendida,transferencia,Marcela Martínez Silva,Coloracion fantasia,Nico Estilo
1174,76,2,15,2024-04-17 15:00:00,15000.00,cancelada,efectivo,Valentina Ríos Gutiérrez,Corte de cabello Basico + barba,Jhon Navajas
1175,1107,29,29,2023-03-11 17:00:00,50000.00,atendida,nequi,Sara Ramírez Herrera,Coloracion fantasia,El Calvo Cuts
1176,1871,4,16,2024-03-09 08:00:00,18000.00,atendida,tarjeta,Maria García Montoya,Corte + lavado,Sebastián Blade
1177,115,4,30,2024-03-01 09:00:00,18000.00,cancelada,efectivo,Johana Martínez Vega,Corte + lavado,Pipe Navajas
1178,212,7,19,2023-12-10 12:00:00,13000.00,atendida,efectivo,Felipe Peña Henao,Arreglo de barba,Fercho Barber
1179,1274,8,7,2023-02-16 15:00:00,16000.00,atendida,daviplata,Sebastián Ortiz Ríos,Corte + lavado,Pipe El Crack
1180,1316,22,5,2023-04-10 15:00:00,15000.00,atendida,nequi,Monica Muñoz Ocampo,Hidratacion capilar,El Vikingo
1181,1273,4,2,2024-03-17 16:00:00,18000.00,atendida,transferencia,Monica Silva Correa,Corte + lavado,Maicol Style
1182,1150,19,23,2024-11-18 15:00:00,60000.00,atendida,daviplata,Raúl Bedoya Rodríguez,Cejas + barba,Santi Premium
1183,970,30,28,2024-05-22 11:00:00,40000.00,atendida,tarjeta,Paula Medina Ocampo,Corte + lavado + barba,Yeison Barber
1184,1806,8,9,2024-09-13 14:00:00,16000.00,cancelada,efectivo,Catalina Castro Díaz,Corte + lavado,Brayan Scissors
1185,1696,22,29,2023-05-06 16:00:00,15000.00,cancelada,daviplata,Sofia Herrera González,Hidratacion capilar,El Calvo Cuts
1186,500,17,20,2024-12-27 18:00:00,20000.00,atendida,tarjeta,Sergio Henao Cruz,Barba + hidratacion,El Paisa Cuts
1187,602,5,3,2023-12-27 10:00:00,15000.00,atendida,efectivo,Daniela Ospina Londoño,Corte de cabello Basico,Juancho El Indio
1188,337,19,13,2024-12-15 09:00:00,60000.00,atendida,nequi,Marcela Morales Vega,Cejas + barba,Camilo Pro
1189,1949,28,7,2023-06-17 15:00:00,55000.00,cancelada,nequi,Jhon Silva García,Pack novio completo,Pipe El Crack
1190,1734,18,30,2023-07-05 14:00:00,22000.00,atendida,transferencia,Kevin Ospina Guerrero,Afeitado clasico navaja,Pipe Navajas
1191,648,6,14,2023-06-02 08:00:00,14000.00,atendida,efectivo,Kevin Jiménez Peña,Corte de cabello Basico + barba,El Tigre Cuts
1192,1950,6,9,2024-05-17 08:00:00,14000.00,atendida,transferencia,Luis García Peña,Corte de cabello Basico + barba,Brayan Scissors
1193,347,4,18,2023-01-20 12:00:00,18000.00,atendida,tarjeta,Paola Torres Reyes,Corte + lavado,Nico Estilo
1194,842,6,31,2024-03-05 11:00:00,14000.00,atendida,daviplata,Claudia Ocampo Londoño,Corte de cabello Basico + barba,Cristian Fade
1195,338,18,18,2023-09-02 17:00:00,22000.00,atendida,transferencia,Paola Pérez Ocampo,Afeitado clasico navaja,Nico Estilo
1196,1029,17,14,2023-03-14 14:00:00,20000.00,atendida,daviplata,Diego Muñoz Flores,Barba + hidratacion,El Tigre Cuts
1197,709,8,31,2023-01-15 11:00:00,16000.00,atendida,tarjeta,Sebastián Moreno López,Corte + lavado,Cristian Fade
1198,467,10,9,2023-07-10 15:00:00,35000.00,cancelada,transferencia,Lizeth Suárez Jiménez,Corte navaja,Brayan Scissors
1199,1831,14,28,2023-03-22 08:00:00,15000.00,cancelada,transferencia,Fabian Cárdenas Ospina,Corte + tinte,Yeison Barber
1200,454,8,13,2024-07-22 16:00:00,16000.00,atendida,transferencia,Mauricio Espinoza Delgado,Corte + lavado,Camilo Pro
1201,1456,5,4,2023-09-02 08:00:00,15000.00,cancelada,transferencia,Samuel Espinoza Parra,Corte de cabello Basico,Mateo Barber
1202,308,7,28,2024-06-12 15:00:00,13000.00,cancelada,efectivo,Xiomara Salazar Ramos,Arreglo de barba,Yeison Barber
1203,884,18,21,2024-02-06 10:00:00,22000.00,atendida,daviplata,Sara Mendoza Ramírez,Afeitado clasico navaja,Wilmar Style
1204,1074,3,21,2024-09-09 15:00:00,8000.00,cancelada,tarjeta,Santiago Arias Guerrero,Arreglo de barba,Wilmar Style
1205,580,22,6,2023-03-02 17:00:00,15000.00,atendida,tarjeta,Luis Morales Jiménez,Hidratacion capilar,Chelo Cuts
1206,693,26,25,2023-10-09 08:00:00,50000.00,atendida,daviplata,Laura Ríos Gómez,Masaje capilar,Lucho Precision
1207,1827,7,16,2024-07-12 11:00:00,13000.00,atendida,nequi,Brayan Peña Rodríguez,Arreglo de barba,Sebastián Blade
1208,1321,13,13,2023-12-26 14:00:00,18000.00,atendida,transferencia,Melissa Henao Londoño,Corte infantil,Camilo Pro
1209,951,10,28,2023-10-26 16:00:00,35000.00,atendida,transferencia,Johana Morales Londoño,Corte navaja,Yeison Barber
1210,1003,7,21,2023-01-12 08:00:00,13000.00,atendida,transferencia,Maria Parra Castro,Arreglo de barba,Wilmar Style
1211,298,19,31,2024-12-19 10:00:00,60000.00,atendida,efectivo,Mauricio Martínez Espinoza,Cejas + barba,Cristian Fade
1212,908,28,5,2024-07-22 10:00:00,55000.00,cancelada,tarjeta,Sergio Ruiz Correa,Pack novio completo,El Vikingo
1213,1503,18,16,2024-01-01 11:00:00,22000.00,atendida,transferencia,Carolina Ortiz Cruz,Afeitado clasico navaja,Sebastián Blade
1214,765,13,27,2024-04-22 16:00:00,18000.00,atendida,efectivo,Diego Vargas Rodríguez,Corte infantil,Tomas Clipper
1215,970,29,11,2023-09-05 14:00:00,50000.00,atendida,efectivo,Paula Medina Ocampo,Coloracion fantasia,El Mono Barber
1216,1975,1,10,2024-03-28 18:00:00,12000.00,atendida,tarjeta,David Guerrero Guerrero,Corte de cabello Basico,Yeferson King
1217,817,19,11,2024-02-14 16:00:00,60000.00,atendida,transferencia,Raúl Peña García,Cejas + barba,El Mono Barber
1218,1847,19,3,2024-03-23 11:00:00,60000.00,cancelada,transferencia,Jhon Suárez Romero,Cejas + barba,Juancho El Indio
1219,771,3,3,2023-12-07 10:00:00,8000.00,atendida,transferencia,Patricia Mendoza Peña,Arreglo de barba,Juancho El Indio
1220,1081,21,31,2024-07-27 18:00:00,25000.00,atendida,efectivo,Xiomara Delgado Pérez,Limpieza facial,Cristian Fade
1221,1662,9,25,2024-05-26 12:00:00,10000.00,atendida,transferencia,Steven Sánchez Correa,Corte degradado,Lucho Precision
1222,1644,27,5,2023-11-07 10:00:00,22000.00,atendida,tarjeta,Felipe Vargas Reyes,Tratamiento anticaida,El Vikingo
1223,183,18,28,2024-03-24 14:00:00,22000.00,atendida,daviplata,Miguel Herrera Ríos,Afeitado clasico navaja,Yeison Barber
1224,1901,24,2,2023-10-02 09:00:00,50000.00,atendida,daviplata,Alejandro Silva Medina,Corte + barba + cejas,Maicol Style
1225,1008,25,28,2024-07-18 18:00:00,80000.00,atendida,transferencia,Catalina Montoya Herrera,Corte + hidratacion,Yeison Barber
1226,379,26,27,2024-08-20 09:00:00,50000.00,cancelada,efectivo,Yulieth Montoya Gutiérrez,Masaje capilar,Tomas Clipper
1227,1992,25,14,2023-10-24 08:00:00,80000.00,cancelada,transferencia,Jorge Rojas Espinoza,Corte + hidratacion,El Tigre Cuts
1228,565,18,18,2023-11-19 17:00:00,22000.00,cancelada,daviplata,Monica Peña García,Afeitado clasico navaja,Nico Estilo
1229,1441,5,31,2024-05-28 10:00:00,15000.00,atendida,tarjeta,Sergio Martínez Ramos,Corte de cabello Basico,Cristian Fade
1230,1922,1,29,2023-02-09 14:00:00,12000.00,cancelada,tarjeta,Duvan González Ramos,Corte de cabello Basico,El Calvo Cuts
1231,952,15,6,2023-01-07 14:00:00,14000.00,atendida,daviplata,Daniela Cruz Herrera,Tinte completo,Chelo Cuts
1232,125,11,21,2024-05-29 16:00:00,25000.00,atendida,transferencia,Kevin Ruiz Gómez,Corte clasico,Wilmar Style
1233,1324,14,21,2024-09-27 09:00:00,15000.00,cancelada,daviplata,Maria Ruiz Ocampo,Corte + tinte,Wilmar Style
1234,1534,26,3,2023-10-23 17:00:00,50000.00,atendida,daviplata,Fernando Romero Torres,Masaje capilar,Juancho El Indio
1235,1291,2,3,2023-02-24 09:00:00,15000.00,atendida,nequi,Natalia Mendoza Herrera,Corte de cabello Basico + barba,Juancho El Indio
1236,1009,10,10,2023-06-07 17:00:00,35000.00,atendida,tarjeta,Wilmar Correa Parra,Corte navaja,Yeferson King
1237,1791,17,18,2024-10-18 12:00:00,20000.00,atendida,daviplata,Johana Cruz Ospina,Barba + hidratacion,Nico Estilo
1238,471,5,7,2024-07-10 12:00:00,15000.00,atendida,nequi,Isabella Mendoza Rodríguez,Corte de cabello Basico,Pipe El Crack
1239,1270,14,15,2024-12-18 15:00:00,15000.00,atendida,tarjeta,Paula Flores Jiménez,Corte + tinte,Jhon Navajas
1240,82,11,25,2024-11-09 12:00:00,25000.00,cancelada,daviplata,Mauricio Silva Bedoya,Corte clasico,Lucho Precision
1241,42,13,2,2023-01-09 11:00:00,18000.00,atendida,nequi,Sebastián López Cruz,Corte infantil,Maicol Style
1242,1962,28,9,2024-09-29 16:00:00,55000.00,atendida,tarjeta,Diego Ospina Torres,Pack novio completo,Brayan Scissors
1243,633,12,23,2023-02-03 17:00:00,12000.00,atendida,transferencia,Samuel Ruiz González,Corte moderno,Santi Premium
1244,1925,24,26,2024-08-27 11:00:00,50000.00,atendida,transferencia,Jhon Martínez Vargas,Corte + barba + cejas,Andres El Pro
1245,1338,18,20,2024-12-24 12:00:00,22000.00,atendida,efectivo,Fabian Parra Ocampo,Afeitado clasico navaja,El Paisa Cuts
1246,193,18,2,2024-04-19 09:00:00,22000.00,atendida,transferencia,Sara Montoya Delgado,Afeitado clasico navaja,Maicol Style
1247,1823,6,7,2023-03-14 14:00:00,14000.00,atendida,tarjeta,Xiomara Ramírez López,Corte de cabello Basico + barba,Pipe El Crack
1248,774,24,3,2024-03-02 16:00:00,50000.00,atendida,daviplata,Kevin Muñoz Sánchez,Corte + barba + cejas,Juancho El Indio
1249,1696,29,9,2024-06-18 17:00:00,50000.00,atendida,efectivo,Sofia Herrera González,Coloracion fantasia,Brayan Scissors
1250,80,22,16,2023-04-12 17:00:00,15000.00,cancelada,daviplata,Hernán Guerrero Romero,Hidratacion capilar,Sebastián Blade
1251,957,30,24,2023-11-03 08:00:00,40000.00,cancelada,daviplata,Adriana Londoño Ramírez,Corte + lavado + barba,El Negro Barber
1252,211,11,8,2023-04-07 17:00:00,25000.00,cancelada,transferencia,Miguel Guerrero Arias,Corte clasico,Tato Fade
1253,1164,17,26,2024-03-15 16:00:00,20000.00,atendida,nequi,Deisy Herrera Ruiz,Barba + hidratacion,Andres El Pro
1254,1642,9,28,2023-11-13 08:00:00,10000.00,atendida,tarjeta,Yulieth Ríos Ramírez,Corte degradado,Yeison Barber
1255,1608,12,17,2024-10-09 12:00:00,12000.00,atendida,tarjeta,Cristian Ruiz Torres,Corte moderno,Kevin El Maestro
1256,1112,26,22,2024-04-30 10:00:00,50000.00,cancelada,nequi,Samuel Moreno Flores,Masaje capilar,Diego Fadero
1257,1482,27,7,2024-12-16 17:00:00,22000.00,cancelada,efectivo,Duvan Muñoz Ortiz,Tratamiento anticaida,Pipe El Crack
1258,210,28,12,2024-01-08 08:00:00,55000.00,atendida,transferencia,Ferney Arias Cruz,Pack novio completo,Duvan Fresh
1259,1050,18,13,2024-01-24 12:00:00,22000.00,atendida,daviplata,Leidy Silva Medina,Afeitado clasico navaja,Camilo Pro
1260,1058,23,2,2023-10-05 15:00:00,30000.00,atendida,daviplata,Paola Cárdenas Medina,Keratina,Maicol Style
1261,318,26,12,2024-12-23 16:00:00,50000.00,atendida,daviplata,Adriana Bedoya Ruiz,Masaje capilar,Duvan Fresh
1262,1136,28,26,2024-03-13 12:00:00,55000.00,cancelada,nequi,Angie Díaz Peña,Pack novio completo,Andres El Pro
1263,668,12,6,2023-01-20 10:00:00,12000.00,atendida,transferencia,Mateo Guerrero Romero,Corte moderno,Chelo Cuts
1264,936,27,16,2024-06-27 08:00:00,22000.00,atendida,tarjeta,Mateo Rojas Zapata,Tratamiento anticaida,Sebastián Blade
1265,42,17,8,2023-12-26 17:00:00,20000.00,atendida,daviplata,Sebastián López Cruz,Barba + hidratacion,Tato Fade
1266,767,21,30,2023-07-19 14:00:00,25000.00,atendida,nequi,Alejandro Cruz Cruz,Limpieza facial,Pipe Navajas
1267,208,10,7,2024-08-11 10:00:00,35000.00,atendida,daviplata,Cristian Cruz Cárdenas,Corte navaja,Pipe El Crack
1268,418,6,8,2023-03-26 16:00:00,14000.00,atendida,transferencia,Felipe Reyes Zapata,Corte de cabello Basico + barba,Tato Fade
1269,1019,27,14,2023-08-27 11:00:00,22000.00,cancelada,daviplata,Santiago Parra Moreno,Tratamiento anticaida,El Tigre Cuts
1270,844,10,22,2023-06-07 18:00:00,35000.00,atendida,efectivo,Yesid Torres Arias,Corte navaja,Diego Fadero
1271,1610,18,7,2023-01-16 10:00:00,22000.00,atendida,daviplata,Sofia Montoya García,Afeitado clasico navaja,Pipe El Crack
1272,1251,7,26,2024-11-03 10:00:00,13000.00,cancelada,transferencia,Maria Pérez Arias,Arreglo de barba,Andres El Pro
1273,138,12,12,2023-02-07 15:00:00,12000.00,cancelada,daviplata,Yesid Medina Peña,Corte moderno,Duvan Fresh
1274,338,5,4,2023-06-05 17:00:00,15000.00,atendida,efectivo,Paola Pérez Ocampo,Corte de cabello Basico,Mateo Barber
1275,140,27,28,2023-12-07 14:00:00,22000.00,atendida,transferencia,Lizeth Rojas Peña,Tratamiento anticaida,Yeison Barber
1276,596,10,4,2024-06-07 14:00:00,35000.00,atendida,efectivo,Sara Espinoza Romero,Corte navaja,Mateo Barber
1277,644,18,6,2023-01-02 17:00:00,22000.00,cancelada,transferencia,Diana Delgado Suárez,Afeitado clasico navaja,Chelo Cuts
1278,532,15,31,2023-02-01 14:00:00,14000.00,atendida,daviplata,Felipe Espinoza Zapata,Tinte completo,Cristian Fade
1279,811,7,12,2023-04-20 14:00:00,13000.00,atendida,nequi,Melissa Cruz Romero,Arreglo de barba,Duvan Fresh
1280,1662,24,19,2023-08-04 14:00:00,50000.00,atendida,transferencia,Steven Sánchez Correa,Corte + barba + cejas,Fercho Barber
1281,593,17,7,2023-06-13 17:00:00,20000.00,cancelada,nequi,Yeison Díaz Díaz,Barba + hidratacion,Pipe El Crack
1282,807,22,29,2024-06-16 09:00:00,15000.00,cancelada,efectivo,Steven Rodríguez Reyes,Hidratacion capilar,El Calvo Cuts
1283,1314,30,4,2023-10-13 12:00:00,40000.00,atendida,daviplata,Nathaly Gutiérrez Cárdenas,Corte + lavado + barba,Mateo Barber
1284,1466,18,8,2024-10-05 17:00:00,22000.00,cancelada,efectivo,Cristian Cárdenas Rojas,Afeitado clasico navaja,Tato Fade
1285,868,23,8,2024-10-28 09:00:00,30000.00,atendida,nequi,Marcela Ríos Vega,Keratina,Tato Fade
1286,960,30,2,2023-04-20 10:00:00,40000.00,atendida,daviplata,Alejandro Ruiz Montoya,Corte + lavado + barba,Maicol Style
1287,1814,17,4,2024-04-06 18:00:00,20000.00,atendida,transferencia,Fernando Ramos Salazar,Barba + hidratacion,Mateo Barber
1288,1499,1,30,2023-02-04 16:00:00,12000.00,cancelada,nequi,Maria Romero Ramos,Corte de cabello Basico,Pipe Navajas
1289,1884,1,18,2023-08-11 10:00:00,12000.00,atendida,transferencia,Samuel Delgado Ruiz,Corte de cabello Basico,Nico Estilo
1290,1181,18,24,2023-09-06 11:00:00,22000.00,cancelada,nequi,Paola Gutiérrez Vargas,Afeitado clasico navaja,El Negro Barber
1291,438,12,25,2023-09-04 10:00:00,12000.00,cancelada,efectivo,Ferney Rodríguez González,Corte moderno,Lucho Precision
1292,439,30,11,2023-08-09 15:00:00,40000.00,atendida,daviplata,Monica Ríos Rodríguez,Corte + lavado + barba,El Mono Barber
1293,891,23,9,2024-01-06 09:00:00,30000.00,atendida,transferencia,Wilmar Reyes Ramírez,Keratina,Brayan Scissors
1294,461,30,31,2023-02-14 16:00:00,40000.00,cancelada,efectivo,Xiomara Pérez Montoya,Corte + lavado + barba,Cristian Fade
1295,1138,15,6,2024-03-04 14:00:00,14000.00,atendida,efectivo,Jhon Espinoza Ruiz,Tinte completo,Chelo Cuts
1296,691,9,4,2024-09-02 15:00:00,10000.00,atendida,daviplata,Ana Romero Medina,Corte degradado,Mateo Barber
1297,1211,9,20,2024-09-22 12:00:00,10000.00,atendida,efectivo,Laura Reyes Peña,Corte degradado,El Paisa Cuts
1298,993,17,25,2024-11-26 10:00:00,20000.00,cancelada,efectivo,Santiago Torres Jiménez,Barba + hidratacion,Lucho Precision
1299,2021,9,24,2024-07-14 12:00:00,10000.00,cancelada,efectivo,Valentina Ruiz Ospina,Corte degradado,El Negro Barber
1300,570,5,12,2024-07-01 18:00:00,15000.00,atendida,nequi,Samuel Ospina Rojas,Corte de cabello Basico,Duvan Fresh
1301,461,3,5,2023-12-09 17:00:00,8000.00,atendida,daviplata,Xiomara Pérez Montoya,Arreglo de barba,El Vikingo
1302,1649,15,24,2024-06-15 09:00:00,14000.00,atendida,daviplata,Brayan Morales García,Tinte completo,El Negro Barber
1303,145,7,30,2024-05-02 10:00:00,13000.00,cancelada,efectivo,Juan Romero Moreno,Arreglo de barba,Pipe Navajas
1304,594,28,27,2023-10-11 16:00:00,55000.00,atendida,daviplata,Johana Mendoza Bedoya,Pack novio completo,Tomas Clipper
1305,1205,6,27,2024-02-04 15:00:00,14000.00,cancelada,transferencia,Ferney Sánchez Arias,Corte de cabello Basico + barba,Tomas Clipper
1306,637,14,20,2023-07-05 08:00:00,15000.00,cancelada,daviplata,Luis Díaz Parra,Corte + tinte,El Paisa Cuts
1307,1189,29,14,2023-03-24 18:00:00,50000.00,atendida,tarjeta,Laura Ramírez Cruz,Coloracion fantasia,El Tigre Cuts
1308,1861,8,17,2024-11-14 14:00:00,16000.00,atendida,efectivo,Fernando Rojas Parra,Corte + lavado,Kevin El Maestro
1309,1024,20,6,2024-08-27 14:00:00,22000.00,cancelada,nequi,Leidy Silva García,Depilacion de cejas,Chelo Cuts
1310,1785,22,18,2024-06-06 09:00:00,15000.00,cancelada,transferencia,Raúl Cárdenas Cruz,Hidratacion capilar,Nico Estilo
1311,1940,13,27,2023-04-27 18:00:00,18000.00,atendida,tarjeta,Oscar Reyes Martínez,Corte infantil,Tomas Clipper
1312,1809,6,9,2023-06-28 11:00:00,14000.00,cancelada,efectivo,Camila Martínez Rodríguez,Corte de cabello Basico + barba,Brayan Scissors
1313,251,11,11,2024-10-14 16:00:00,25000.00,atendida,nequi,Ricardo Henao Flores,Corte clasico,El Mono Barber
1314,486,26,17,2023-07-24 08:00:00,50000.00,atendida,transferencia,Monica Arias Gutiérrez,Masaje capilar,Kevin El Maestro
1315,87,29,21,2023-06-25 17:00:00,50000.00,cancelada,nequi,Carlos García Ocampo,Coloracion fantasia,Wilmar Style
1316,805,26,22,2023-09-03 10:00:00,50000.00,cancelada,nequi,Monica Rodríguez Peña,Masaje capilar,Diego Fadero
1317,834,21,27,2024-05-15 10:00:00,25000.00,atendida,nequi,Mateo García Torres,Limpieza facial,Tomas Clipper
1318,461,18,30,2024-10-02 09:00:00,22000.00,atendida,nequi,Xiomara Pérez Montoya,Afeitado clasico navaja,Pipe Navajas
1319,1603,25,18,2023-09-18 14:00:00,80000.00,atendida,nequi,Duvan Rodríguez Ríos,Corte + hidratacion,Nico Estilo
1320,882,2,3,2024-03-09 11:00:00,15000.00,atendida,efectivo,Gabriela Reyes Medina,Corte de cabello Basico + barba,Juancho El Indio
1321,702,20,9,2023-12-10 14:00:00,22000.00,cancelada,daviplata,Melissa Cruz Correa,Depilacion de cejas,Brayan Scissors
1322,1702,24,4,2024-07-08 14:00:00,50000.00,atendida,tarjeta,Ana Pérez Medina,Corte + barba + cejas,Mateo Barber
1323,1058,21,31,2023-03-17 17:00:00,25000.00,atendida,efectivo,Paola Cárdenas Medina,Limpieza facial,Cristian Fade
1324,1423,20,19,2024-10-24 08:00:00,22000.00,atendida,nequi,Adriana Herrera Rodríguez,Depilacion de cejas,Fercho Barber
1325,288,8,31,2024-02-02 10:00:00,16000.00,cancelada,nequi,Sofia Gómez Castro,Corte + lavado,Cristian Fade
1326,240,17,14,2024-12-22 08:00:00,20000.00,atendida,transferencia,Cristian Moreno Cruz,Barba + hidratacion,El Tigre Cuts
1327,1441,17,4,2023-06-20 16:00:00,20000.00,atendida,tarjeta,Sergio Martínez Ramos,Barba + hidratacion,Mateo Barber
1328,548,3,6,2023-02-04 16:00:00,8000.00,cancelada,tarjeta,Johana Muñoz Ramírez,Arreglo de barba,Chelo Cuts
1329,1784,29,19,2023-10-12 10:00:00,50000.00,atendida,daviplata,Paula Ospina Salazar,Coloracion fantasia,Fercho Barber
1330,910,13,17,2023-11-26 09:00:00,18000.00,atendida,tarjeta,Johana Díaz Flores,Corte infantil,Kevin El Maestro
1331,1978,6,19,2023-09-17 16:00:00,14000.00,atendida,transferencia,Isabella Medina Guerrero,Corte de cabello Basico + barba,Fercho Barber
1332,399,30,23,2023-04-19 15:00:00,40000.00,atendida,efectivo,Sergio Torres Flores,Corte + lavado + barba,Santi Premium
1333,1839,29,6,2023-07-19 17:00:00,50000.00,atendida,daviplata,Leidy Henao Ospina,Coloracion fantasia,Chelo Cuts
1334,132,9,12,2024-10-19 10:00:00,10000.00,atendida,tarjeta,Camila Herrera Parra,Corte degradado,Duvan Fresh
1335,638,26,9,2023-03-11 12:00:00,50000.00,cancelada,nequi,Jorge Pérez Ríos,Masaje capilar,Brayan Scissors
1336,1155,19,26,2024-03-16 15:00:00,60000.00,atendida,tarjeta,Wilmar Flores Ospina,Cejas + barba,Andres El Pro
1337,1991,9,10,2023-01-03 18:00:00,10000.00,atendida,nequi,Dayana Flores Ospina,Corte degradado,Yeferson King
1338,2002,1,30,2023-03-05 16:00:00,12000.00,atendida,transferencia,Isabella Ríos Guerrero,Corte de cabello Basico,Pipe Navajas
1339,455,19,21,2023-10-01 17:00:00,60000.00,atendida,efectivo,Rodrigo Arias Martínez,Cejas + barba,Wilmar Style
1340,85,5,16,2024-11-22 14:00:00,15000.00,atendida,daviplata,Melissa Suárez Ramírez,Corte de cabello Basico,Sebastián Blade
1341,545,26,5,2024-04-03 14:00:00,50000.00,atendida,nequi,Natalia Martínez Rojas,Masaje capilar,El Vikingo
1342,1518,1,15,2023-04-11 16:00:00,12000.00,atendida,transferencia,Xiomara Romero Romero,Corte de cabello Basico,Jhon Navajas
1343,1435,11,31,2023-07-12 15:00:00,25000.00,atendida,daviplata,Nicolás Ríos Cárdenas,Corte clasico,Cristian Fade
1344,1795,27,22,2024-11-13 09:00:00,22000.00,atendida,transferencia,Fernando Martínez Martínez,Tratamiento anticaida,Diego Fadero
1345,189,10,25,2023-12-08 14:00:00,35000.00,cancelada,nequi,Ferney Bedoya Correa,Corte navaja,Lucho Precision
1346,1579,2,16,2024-11-25 12:00:00,15000.00,atendida,nequi,Diana Castro Díaz,Corte de cabello Basico + barba,Sebastián Blade
1347,1836,25,24,2023-07-10 09:00:00,80000.00,atendida,efectivo,Nicolás Suárez Arias,Corte + hidratacion,El Negro Barber
1348,391,21,2,2023-03-28 15:00:00,25000.00,cancelada,tarjeta,Nathaly Ortiz Parra,Limpieza facial,Maicol Style
1349,286,30,15,2023-05-17 18:00:00,40000.00,atendida,transferencia,Monica Parra Salazar,Corte + lavado + barba,Jhon Navajas
1350,863,13,3,2023-03-23 10:00:00,18000.00,atendida,daviplata,Yesid Peña Bedoya,Corte infantil,Juancho El Indio
1351,1321,22,3,2024-06-29 12:00:00,15000.00,atendida,tarjeta,Melissa Henao Londoño,Hidratacion capilar,Juancho El Indio
1352,1827,4,19,2024-10-23 15:00:00,18000.00,atendida,nequi,Brayan Peña Rodríguez,Corte + lavado,Fercho Barber
1353,1915,5,14,2023-02-11 08:00:00,15000.00,cancelada,efectivo,Paula Moreno Arias,Corte de cabello Basico,El Tigre Cuts
1354,1367,30,2,2023-12-03 17:00:00,40000.00,atendida,transferencia,Dayana Cruz Sánchez,Corte + lavado + barba,Maicol Style
1355,1521,29,16,2024-02-08 15:00:00,50000.00,atendida,efectivo,Paula Bedoya Moreno,Coloracion fantasia,Sebastián Blade
1356,295,27,28,2023-01-13 17:00:00,22000.00,atendida,daviplata,Sebastián Jiménez Suárez,Tratamiento anticaida,Yeison Barber
1357,476,29,13,2024-11-11 14:00:00,50000.00,atendida,tarjeta,Mariana Ortiz Mendoza,Coloracion fantasia,Camilo Pro
1358,1281,6,4,2024-04-28 10:00:00,14000.00,atendida,nequi,Leidy Díaz Zapata,Corte de cabello Basico + barba,Mateo Barber
1359,627,22,19,2024-11-12 12:00:00,15000.00,cancelada,transferencia,Carlos Rivera Morales,Hidratacion capilar,Fercho Barber
1360,681,22,15,2024-03-14 08:00:00,15000.00,atendida,nequi,Camila Flores Morales,Hidratacion capilar,Jhon Navajas
1361,1544,3,24,2023-12-01 17:00:00,8000.00,atendida,efectivo,Fabian Ortiz Silva,Arreglo de barba,El Negro Barber
1362,1285,3,4,2024-09-26 12:00:00,8000.00,atendida,daviplata,Leidy Romero Castro,Arreglo de barba,Mateo Barber
1363,1012,28,11,2023-07-22 08:00:00,55000.00,atendida,daviplata,Laura Díaz Suárez,Pack novio completo,El Mono Barber
1364,646,5,15,2023-05-11 18:00:00,15000.00,atendida,daviplata,Johana Rodríguez Correa,Corte de cabello Basico,Jhon Navajas
1365,643,2,12,2024-04-17 15:00:00,15000.00,cancelada,efectivo,Gabriela García Rivera,Corte de cabello Basico + barba,Duvan Fresh
1366,269,25,8,2024-04-26 18:00:00,80000.00,atendida,transferencia,Yulieth Ospina López,Corte + hidratacion,Tato Fade
1367,844,14,25,2024-02-29 18:00:00,15000.00,atendida,daviplata,Yesid Torres Arias,Corte + tinte,Lucho Precision
1368,1067,20,31,2024-10-29 11:00:00,22000.00,atendida,transferencia,Sebastián Gómez Suárez,Depilacion de cejas,Cristian Fade
1369,908,13,12,2023-05-09 17:00:00,18000.00,atendida,efectivo,Sergio Ruiz Correa,Corte infantil,Duvan Fresh
1370,750,24,24,2024-01-12 12:00:00,50000.00,atendida,tarjeta,Santiago Montoya Romero,Corte + barba + cejas,El Negro Barber
1371,1399,17,15,2024-10-25 15:00:00,20000.00,cancelada,daviplata,Nicolás Ríos Ramos,Barba + hidratacion,Jhon Navajas
1372,320,4,28,2023-12-17 09:00:00,18000.00,atendida,tarjeta,Nicolás Sánchez Romero,Corte + lavado,Yeison Barber
1373,472,29,18,2023-02-11 18:00:00,50000.00,atendida,transferencia,Johana Ruiz García,Coloracion fantasia,Nico Estilo
1374,861,17,11,2024-08-04 15:00:00,20000.00,atendida,nequi,Samuel Ramírez Flores,Barba + hidratacion,El Mono Barber
1375,1252,28,24,2023-04-08 17:00:00,55000.00,cancelada,daviplata,Angie Guerrero Medina,Pack novio completo,El Negro Barber
1376,1070,23,24,2023-11-12 18:00:00,30000.00,atendida,daviplata,David Ocampo Gutiérrez,Keratina,El Negro Barber
1377,285,20,31,2023-11-21 18:00:00,22000.00,atendida,transferencia,Paola Ocampo Vargas,Depilacion de cejas,Cristian Fade
1378,1085,17,15,2024-05-18 15:00:00,20000.00,atendida,nequi,Sofia Gómez Cárdenas,Barba + hidratacion,Jhon Navajas
1379,522,8,17,2024-02-08 17:00:00,16000.00,cancelada,efectivo,Ferney Muñoz Torres,Corte + lavado,Kevin El Maestro
1380,1487,24,18,2023-11-23 14:00:00,50000.00,atendida,efectivo,Yeison Delgado Martínez,Corte + barba + cejas,Nico Estilo
1381,690,4,30,2023-01-17 08:00:00,18000.00,atendida,transferencia,Mariana García Reyes,Corte + lavado,Pipe Navajas
1382,1451,13,16,2024-05-21 14:00:00,18000.00,atendida,transferencia,Paola Ríos Ruiz,Corte infantil,Sebastián Blade
1383,630,25,14,2023-08-01 17:00:00,80000.00,atendida,efectivo,Laura Montoya Correa,Corte + hidratacion,El Tigre Cuts
1384,271,7,10,2024-11-13 16:00:00,13000.00,cancelada,daviplata,Ferney Suárez Rodríguez,Arreglo de barba,Yeferson King
1385,634,17,8,2024-10-19 16:00:00,20000.00,atendida,nequi,Ferney Gutiérrez Arias,Barba + hidratacion,Tato Fade
1386,375,18,11,2023-09-01 15:00:00,22000.00,atendida,daviplata,Camila Ortiz Vargas,Afeitado clasico navaja,El Mono Barber
1387,1856,28,16,2024-11-08 08:00:00,55000.00,cancelada,tarjeta,Johana Arias Bedoya,Pack novio completo,Sebastián Blade
1388,514,26,6,2023-10-20 12:00:00,50000.00,atendida,tarjeta,Sebastián Flores Correa,Masaje capilar,Chelo Cuts
1389,1932,6,17,2023-12-27 09:00:00,14000.00,cancelada,efectivo,Paula Henao Moreno,Corte de cabello Basico + barba,Kevin El Maestro
1390,1696,12,13,2023-02-12 09:00:00,12000.00,cancelada,efectivo,Sofia Herrera González,Corte moderno,Camilo Pro
1391,304,26,29,2024-03-17 08:00:00,50000.00,atendida,daviplata,Santiago Rodríguez Morales,Masaje capilar,El Calvo Cuts
1392,561,30,27,2024-08-24 16:00:00,40000.00,atendida,efectivo,Julián Espinoza Rivera,Corte + lavado + barba,Tomas Clipper
1393,1010,30,9,2024-03-25 08:00:00,40000.00,atendida,tarjeta,Jhon Pérez Ramos,Corte + lavado + barba,Brayan Scissors
1394,590,1,4,2024-11-17 17:00:00,12000.00,cancelada,efectivo,Duvan Muñoz Ramírez,Corte de cabello Basico,Mateo Barber
1395,1487,17,15,2023-10-17 14:00:00,20000.00,atendida,nequi,Yeison Delgado Martínez,Barba + hidratacion,Jhon Navajas
1396,811,5,27,2023-02-28 08:00:00,15000.00,atendida,efectivo,Melissa Cruz Romero,Corte de cabello Basico,Tomas Clipper
1397,937,10,13,2024-06-10 17:00:00,35000.00,atendida,tarjeta,Gabriela Correa Delgado,Corte navaja,Camilo Pro
1398,937,29,14,2024-05-04 10:00:00,50000.00,atendida,tarjeta,Gabriela Correa Delgado,Coloracion fantasia,El Tigre Cuts
1399,304,18,4,2023-02-27 18:00:00,22000.00,atendida,transferencia,Santiago Rodríguez Morales,Afeitado clasico navaja,Mateo Barber
1400,1929,19,24,2023-02-28 16:00:00,60000.00,atendida,nequi,Jorge Suárez Medina,Cejas + barba,El Negro Barber
1401,185,26,5,2024-03-05 08:00:00,50000.00,atendida,daviplata,Paola Moreno Correa,Masaje capilar,El Vikingo
1402,1598,8,10,2024-03-04 08:00:00,16000.00,atendida,daviplata,Claudia Henao López,Corte + lavado,Yeferson King
1403,1278,22,17,2023-09-13 12:00:00,15000.00,atendida,efectivo,Claudia Pérez Zapata,Hidratacion capilar,Kevin El Maestro
1404,1673,8,22,2024-09-07 10:00:00,16000.00,atendida,nequi,Oscar Ramírez Herrera,Corte + lavado,Diego Fadero
1405,689,20,18,2023-06-13 15:00:00,22000.00,atendida,efectivo,Laura Montoya Henao,Depilacion de cejas,Nico Estilo
1406,1694,20,19,2024-08-04 18:00:00,22000.00,atendida,daviplata,Natalia Martínez Ospina,Depilacion de cejas,Fercho Barber
1407,1004,22,6,2023-09-11 16:00:00,15000.00,atendida,tarjeta,Wilmar Ramos Rivera,Hidratacion capilar,Chelo Cuts
1408,1076,16,2,2023-06-01 16:00:00,8000.00,atendida,efectivo,Fabian Ospina Muñoz,Barba completa,Maicol Style
1409,901,8,24,2023-01-27 11:00:00,16000.00,cancelada,transferencia,Monica Vega Rojas,Corte + lavado,El Negro Barber
1410,1436,7,26,2024-09-11 16:00:00,13000.00,cancelada,efectivo,Sofia Ortiz Ramos,Arreglo de barba,Andres El Pro
1411,1634,26,8,2023-01-29 14:00:00,50000.00,cancelada,tarjeta,Catalina Flores Zapata,Masaje capilar,Tato Fade
1412,587,9,19,2024-03-07 11:00:00,10000.00,atendida,nequi,Natalia Ortiz Pérez,Corte degradado,Fercho Barber
1413,444,8,30,2024-10-29 15:00:00,16000.00,atendida,nequi,Mateo Martínez Ruiz,Corte + lavado,Pipe Navajas
1414,1712,18,13,2024-08-06 12:00:00,22000.00,atendida,daviplata,Gabriela Vega Silva,Afeitado clasico navaja,Camilo Pro
1415,1353,26,10,2023-01-10 12:00:00,50000.00,cancelada,efectivo,Marcela Ramírez Martínez,Masaje capilar,Yeferson King
1416,865,25,16,2023-08-26 14:00:00,80000.00,atendida,transferencia,Mariana Moreno Martínez,Corte + hidratacion,Sebastián Blade
1417,1003,1,2,2023-05-20 10:00:00,12000.00,atendida,tarjeta,Maria Parra Castro,Corte de cabello Basico,Maicol Style
1418,1970,7,19,2023-11-24 08:00:00,13000.00,atendida,efectivo,Cristian González Pérez,Arreglo de barba,Fercho Barber
1419,310,21,8,2024-06-23 15:00:00,25000.00,atendida,efectivo,Jorge Cruz Delgado,Limpieza facial,Tato Fade
1420,589,24,5,2023-03-14 18:00:00,50000.00,cancelada,tarjeta,Brayan Cruz Suárez,Corte + barba + cejas,El Vikingo
1421,577,4,9,2024-01-04 15:00:00,18000.00,atendida,nequi,Sara Sánchez Delgado,Corte + lavado,Brayan Scissors
1422,523,28,12,2024-04-15 16:00:00,55000.00,atendida,tarjeta,Johana Cruz Medina,Pack novio completo,Duvan Fresh
1423,1118,18,15,2024-12-21 17:00:00,22000.00,atendida,nequi,Carolina Gutiérrez Morales,Afeitado clasico navaja,Jhon Navajas
1424,79,23,2,2024-11-17 10:00:00,30000.00,atendida,tarjeta,Marcela Pérez Jiménez,Keratina,Maicol Style
1425,821,14,22,2024-04-22 11:00:00,15000.00,cancelada,daviplata,Julián Flores Guerrero,Corte + tinte,Diego Fadero
1426,917,4,31,2024-11-19 09:00:00,18000.00,atendida,transferencia,Deisy Moreno Vega,Corte + lavado,Cristian Fade
1427,1343,6,17,2024-01-02 11:00:00,14000.00,cancelada,transferencia,Raúl Rojas Torres,Corte de cabello Basico + barba,Kevin El Maestro
1428,1473,9,4,2023-02-13 09:00:00,10000.00,atendida,transferencia,Steven Rivera Parra,Corte degradado,Mateo Barber
1429,1662,7,20,2023-08-20 17:00:00,13000.00,atendida,daviplata,Steven Sánchez Correa,Arreglo de barba,El Paisa Cuts
1430,1403,13,23,2024-08-23 18:00:00,18000.00,atendida,efectivo,Monica Gómez Bedoya,Corte infantil,Santi Premium
1431,672,19,4,2024-03-17 14:00:00,60000.00,atendida,tarjeta,Catalina Guerrero Espinoza,Cejas + barba,Mateo Barber
1432,1240,3,8,2024-07-10 10:00:00,8000.00,atendida,nequi,Mateo Suárez Vargas,Arreglo de barba,Tato Fade
1433,1481,14,26,2023-08-17 11:00:00,15000.00,cancelada,daviplata,Nicolás Rodríguez Flores,Corte + tinte,Andres El Pro
1434,276,20,23,2023-07-06 17:00:00,22000.00,cancelada,tarjeta,Jhon Delgado Pérez,Depilacion de cejas,Santi Premium
1435,1892,23,5,2024-03-01 17:00:00,30000.00,cancelada,nequi,Natalia Martínez Reyes,Keratina,El Vikingo
1436,1693,18,28,2024-11-23 18:00:00,22000.00,cancelada,efectivo,Angie González Pérez,Afeitado clasico navaja,Yeison Barber
1437,1525,26,28,2024-12-24 14:00:00,50000.00,atendida,nequi,Isabella Gómez Bedoya,Masaje capilar,Yeison Barber
1438,1930,6,13,2023-12-19 08:00:00,14000.00,cancelada,daviplata,Alejandro Martínez Espinoza,Corte de cabello Basico + barba,Camilo Pro
1439,1702,21,17,2023-08-04 17:00:00,25000.00,atendida,daviplata,Ana Pérez Medina,Limpieza facial,Kevin El Maestro
1440,1677,13,17,2023-09-10 14:00:00,18000.00,atendida,nequi,Cristian Rodríguez Castro,Corte infantil,Kevin El Maestro
1441,1495,25,22,2024-11-27 10:00:00,80000.00,cancelada,efectivo,Lizeth Henao Cárdenas,Corte + hidratacion,Diego Fadero
1442,64,3,26,2023-01-22 16:00:00,8000.00,atendida,tarjeta,Brayan Silva González,Arreglo de barba,Andres El Pro
1443,605,20,18,2023-09-01 14:00:00,22000.00,atendida,nequi,Santiago Morales Herrera,Depilacion de cejas,Nico Estilo
1444,308,13,30,2023-04-08 11:00:00,18000.00,cancelada,efectivo,Xiomara Salazar Ramos,Corte infantil,Pipe Navajas
1445,1251,26,18,2023-04-25 12:00:00,50000.00,atendida,nequi,Maria Pérez Arias,Masaje capilar,Nico Estilo
1446,1830,27,4,2023-08-10 08:00:00,22000.00,atendida,tarjeta,Rodrigo Silva Rivera,Tratamiento anticaida,Mateo Barber
1447,1252,26,26,2023-10-03 09:00:00,50000.00,cancelada,nequi,Angie Guerrero Medina,Masaje capilar,Andres El Pro
1448,819,1,5,2024-02-12 11:00:00,12000.00,cancelada,nequi,Sara Delgado Castro,Corte de cabello Basico,El Vikingo
1449,555,18,3,2023-08-31 14:00:00,22000.00,atendida,nequi,Juan Bedoya Montoya,Afeitado clasico navaja,Juancho El Indio
1450,188,18,6,2024-02-10 15:00:00,22000.00,atendida,efectivo,Nathaly Ríos Rivera,Afeitado clasico navaja,Chelo Cuts
1451,1179,16,12,2023-09-29 18:00:00,8000.00,atendida,tarjeta,Claudia Flores Pérez,Barba completa,Duvan Fresh
1452,1638,29,5,2023-02-21 18:00:00,50000.00,atendida,nequi,Fernando Delgado Gómez,Coloracion fantasia,El Vikingo
1453,1338,9,15,2024-04-06 11:00:00,10000.00,atendida,tarjeta,Fabian Parra Ocampo,Corte degradado,Jhon Navajas
1454,1435,14,19,2024-04-21 10:00:00,15000.00,atendida,tarjeta,Nicolás Ríos Cárdenas,Corte + tinte,Fercho Barber
1455,899,4,3,2024-11-08 08:00:00,18000.00,atendida,nequi,Valentina Delgado Flores,Corte + lavado,Juancho El Indio
1456,597,23,13,2023-06-19 10:00:00,30000.00,atendida,tarjeta,David Pérez Pérez,Keratina,Camilo Pro
1457,1336,20,27,2024-08-22 09:00:00,22000.00,atendida,tarjeta,Nathaly Medina Parra,Depilacion de cejas,Tomas Clipper
1458,778,11,20,2023-12-03 17:00:00,25000.00,cancelada,efectivo,Sara Ramírez Cruz,Corte clasico,El Paisa Cuts
1459,1564,26,13,2023-05-26 12:00:00,50000.00,cancelada,daviplata,Andrea López Ramos,Masaje capilar,Camilo Pro
1460,38,8,21,2024-05-02 12:00:00,16000.00,atendida,nequi,Dayana Guerrero Suárez,Corte + lavado,Wilmar Style
1461,1188,4,21,2023-10-15 12:00:00,18000.00,cancelada,daviplata,Sebastián Rivera Salazar,Corte + lavado,Wilmar Style
1462,1616,9,21,2024-11-30 18:00:00,10000.00,atendida,transferencia,Angie Castro Gómez,Corte degradado,Wilmar Style
1463,679,29,26,2024-08-27 14:00:00,50000.00,atendida,daviplata,Dayana Díaz Romero,Coloracion fantasia,Andres El Pro
1464,814,25,29,2024-05-28 17:00:00,80000.00,atendida,tarjeta,Samuel Jiménez Ocampo,Corte + hidratacion,El Calvo Cuts
1465,1026,15,15,2023-02-28 08:00:00,14000.00,atendida,nequi,Sara Suárez Torres,Tinte completo,Jhon Navajas
1466,101,17,26,2024-05-14 10:00:00,20000.00,atendida,daviplata,Ana Moreno Cárdenas,Barba + hidratacion,Andres El Pro
1467,1506,28,16,2023-07-02 16:00:00,55000.00,cancelada,nequi,Mauricio Muñoz Parra,Pack novio completo,Sebastián Blade
1468,507,20,19,2023-07-22 15:00:00,22000.00,atendida,tarjeta,Alejandro Arias Moreno,Depilacion de cejas,Fercho Barber
1469,1107,10,10,2023-09-14 14:00:00,35000.00,atendida,nequi,Sara Ramírez Herrera,Corte navaja,Yeferson King
1470,1672,8,7,2023-12-12 08:00:00,16000.00,atendida,efectivo,Carlos Correa García,Corte + lavado,Pipe El Crack
1471,1631,24,22,2024-08-31 12:00:00,50000.00,atendida,efectivo,Raúl Gutiérrez Montoya,Corte + barba + cejas,Diego Fadero
1472,1317,24,13,2024-03-22 17:00:00,50000.00,atendida,efectivo,Yesid Rodríguez Espinoza,Corte + barba + cejas,Camilo Pro
1473,1243,30,19,2023-11-08 15:00:00,40000.00,atendida,daviplata,Fernando Gutiérrez Martínez,Corte + lavado + barba,Fercho Barber
1474,714,2,19,2024-06-25 10:00:00,15000.00,atendida,efectivo,Fabian Vargas Zapata,Corte de cabello Basico + barba,Fercho Barber
1475,1261,7,28,2023-02-22 14:00:00,13000.00,cancelada,nequi,Oscar Reyes Díaz,Arreglo de barba,Yeison Barber
1476,1618,12,8,2024-08-21 08:00:00,12000.00,atendida,daviplata,Johana Flores Delgado,Corte moderno,Tato Fade
1477,1860,12,27,2023-01-15 14:00:00,12000.00,atendida,daviplata,Nicolás Salazar Silva,Corte moderno,Tomas Clipper
1478,1594,14,2,2023-07-28 09:00:00,15000.00,atendida,efectivo,Angie Ramos Castro,Corte + tinte,Maicol Style
1479,1252,18,24,2024-01-15 16:00:00,22000.00,cancelada,daviplata,Angie Guerrero Medina,Afeitado clasico navaja,El Negro Barber
1480,1444,28,8,2023-04-03 09:00:00,55000.00,atendida,nequi,Gabriela Castro Moreno,Pack novio completo,Tato Fade
1481,119,12,27,2023-06-06 12:00:00,12000.00,cancelada,daviplata,Ricardo Correa Jiménez,Corte moderno,Tomas Clipper
1482,669,5,18,2024-07-06 08:00:00,15000.00,atendida,nequi,Sara Martínez Zapata,Corte de cabello Basico,Nico Estilo
1483,300,12,26,2024-09-15 14:00:00,12000.00,atendida,transferencia,Julián Salazar Guerrero,Corte moderno,Andres El Pro
1484,859,17,2,2023-07-28 11:00:00,20000.00,atendida,efectivo,Deisy Castro Bedoya,Barba + hidratacion,Maicol Style
1485,237,14,28,2023-06-03 18:00:00,15000.00,atendida,efectivo,Diana Rivera Morales,Corte + tinte,Yeison Barber
1486,1650,24,13,2023-02-01 08:00:00,50000.00,atendida,daviplata,Paola Reyes Díaz,Corte + barba + cejas,Camilo Pro
1487,1794,12,11,2024-03-21 10:00:00,12000.00,atendida,daviplata,Jorge Zapata Díaz,Corte moderno,El Mono Barber
1488,1624,17,17,2023-02-11 16:00:00,20000.00,cancelada,nequi,Jorge Cárdenas Gutiérrez,Barba + hidratacion,Kevin El Maestro
1489,490,3,13,2024-12-03 15:00:00,8000.00,atendida,nequi,Johana Pérez Salazar,Arreglo de barba,Camilo Pro
1490,192,1,30,2023-09-09 09:00:00,12000.00,atendida,tarjeta,Ana Arias Medina,Corte de cabello Basico,Pipe Navajas
1491,187,26,25,2024-12-19 09:00:00,50000.00,atendida,daviplata,Natalia Bedoya Sánchez,Masaje capilar,Lucho Precision
1492,125,29,24,2024-10-28 08:00:00,50000.00,atendida,tarjeta,Kevin Ruiz Gómez,Coloracion fantasia,El Negro Barber
1493,1134,23,20,2024-11-16 10:00:00,30000.00,atendida,daviplata,Camila Vega Pérez,Keratina,El Paisa Cuts
1494,60,15,28,2024-08-28 12:00:00,14000.00,atendida,tarjeta,Duvan Díaz Vega,Tinte completo,Yeison Barber
1495,1557,25,2,2024-01-12 12:00:00,80000.00,cancelada,tarjeta,Sofia Vargas López,Corte + hidratacion,Maicol Style
1496,1346,5,7,2024-02-26 15:00:00,15000.00,atendida,tarjeta,Gabriela Ríos Jiménez,Corte de cabello Basico,Pipe El Crack
1497,771,25,4,2024-03-26 17:00:00,80000.00,atendida,nequi,Patricia Mendoza Peña,Corte + hidratacion,Mateo Barber
1498,576,2,31,2023-09-09 18:00:00,15000.00,cancelada,efectivo,Paola García Montoya,Corte de cabello Basico + barba,Cristian Fade
1499,1380,3,30,2024-12-21 09:00:00,8000.00,cancelada,transferencia,Camila Rodríguez Medina,Arreglo de barba,Pipe Navajas
1500,1017,25,12,2024-03-25 14:00:00,80000.00,atendida,efectivo,Deisy Arias Ocampo,Corte + hidratacion,Duvan Fresh
1501,1955,23,14,2024-01-28 17:00:00,30000.00,atendida,tarjeta,Lizeth Zapata Rodríguez,Keratina,El Tigre Cuts
1502,1066,1,24,2023-05-20 10:00:00,12000.00,atendida,nequi,Mauricio Rojas Henao,Corte de cabello Basico,El Negro Barber
1503,1648,3,17,2023-03-26 18:00:00,8000.00,cancelada,nequi,Oscar Ospina Medina,Arreglo de barba,Kevin El Maestro
1504,545,26,28,2023-08-25 11:00:00,50000.00,cancelada,transferencia,Natalia Martínez Rojas,Masaje capilar,Yeison Barber
1505,1995,20,24,2024-12-17 11:00:00,22000.00,atendida,transferencia,Wilmar Herrera Flores,Depilacion de cejas,El Negro Barber
1506,1557,5,30,2024-06-14 14:00:00,15000.00,atendida,efectivo,Sofia Vargas López,Corte de cabello Basico,Pipe Navajas
1507,1046,15,15,2023-05-22 10:00:00,14000.00,atendida,nequi,Felipe García Rivera,Tinte completo,Jhon Navajas
1508,1087,25,30,2023-05-26 11:00:00,80000.00,atendida,efectivo,Andrés Martínez González,Corte + hidratacion,Pipe Navajas
1509,1012,20,5,2023-11-24 08:00:00,22000.00,atendida,daviplata,Laura Díaz Suárez,Depilacion de cejas,El Vikingo
1510,1377,23,6,2023-05-23 15:00:00,30000.00,cancelada,transferencia,Claudia Ospina Vargas,Keratina,Chelo Cuts
1511,1484,27,23,2023-05-02 08:00:00,22000.00,atendida,transferencia,Claudia Vega Cruz,Tratamiento anticaida,Santi Premium
1512,92,13,30,2024-12-09 12:00:00,18000.00,cancelada,daviplata,Felipe García Montoya,Corte infantil,Pipe Navajas
1513,313,1,4,2023-09-04 14:00:00,12000.00,atendida,nequi,Esteban Zapata Delgado,Corte de cabello Basico,Mateo Barber
1514,59,28,7,2023-07-08 09:00:00,55000.00,atendida,efectivo,Raúl Ramos Suárez,Pack novio completo,Pipe El Crack
1515,826,2,8,2024-06-19 15:00:00,15000.00,atendida,tarjeta,Ricardo Gutiérrez Cárdenas,Corte de cabello Basico + barba,Tato Fade
1516,1298,24,14,2023-01-29 12:00:00,50000.00,atendida,nequi,Brayan Ruiz Ospina,Corte + barba + cejas,El Tigre Cuts
1517,1063,18,26,2024-04-29 12:00:00,22000.00,atendida,transferencia,Maria Vargas González,Afeitado clasico navaja,Andres El Pro
1518,1647,11,10,2023-09-19 14:00:00,25000.00,cancelada,transferencia,Hernán Bedoya Bedoya,Corte clasico,Yeferson King
1519,608,29,8,2023-04-06 09:00:00,50000.00,atendida,nequi,Brayan Ruiz Díaz,Coloracion fantasia,Tato Fade
1520,203,28,9,2024-11-06 10:00:00,55000.00,atendida,tarjeta,Valentina Rodríguez Ramos,Pack novio completo,Brayan Scissors
1521,259,22,17,2024-07-17 08:00:00,15000.00,atendida,tarjeta,Ricardo Ocampo García,Hidratacion capilar,Kevin El Maestro
1522,1483,26,14,2024-12-12 08:00:00,50000.00,atendida,daviplata,Deisy Ocampo Castro,Masaje capilar,El Tigre Cuts
1523,1684,13,5,2023-06-23 14:00:00,18000.00,cancelada,daviplata,Nathaly Cárdenas Morales,Corte infantil,El Vikingo
1524,1847,12,24,2024-06-24 11:00:00,12000.00,atendida,nequi,Jhon Suárez Romero,Corte moderno,El Negro Barber
1525,1476,8,14,2023-06-04 09:00:00,16000.00,cancelada,daviplata,Patricia Jiménez Flores,Corte + lavado,El Tigre Cuts
1526,701,22,20,2023-07-20 16:00:00,15000.00,atendida,transferencia,Alejandro Ruiz Díaz,Hidratacion capilar,El Paisa Cuts
1527,1362,9,30,2024-02-09 12:00:00,10000.00,atendida,transferencia,Jorge Reyes Arias,Corte degradado,Pipe Navajas
1528,1580,29,24,2023-01-12 17:00:00,50000.00,cancelada,tarjeta,Johana Ocampo Díaz,Coloracion fantasia,El Negro Barber
1529,1109,22,13,2024-07-09 10:00:00,15000.00,atendida,daviplata,Camila Bedoya Parra,Hidratacion capilar,Camilo Pro
1530,703,25,27,2024-11-08 17:00:00,80000.00,cancelada,nequi,Fabian Rojas Ortiz,Corte + hidratacion,Tomas Clipper
1531,1697,8,9,2023-08-24 08:00:00,16000.00,atendida,efectivo,Sara Vargas Ocampo,Corte + lavado,Brayan Scissors
1532,587,6,31,2023-12-31 17:00:00,14000.00,cancelada,efectivo,Natalia Ortiz Pérez,Corte de cabello Basico + barba,Cristian Fade
1533,286,26,21,2023-10-21 08:00:00,50000.00,cancelada,tarjeta,Monica Parra Salazar,Masaje capilar,Wilmar Style
1534,1541,13,16,2023-06-13 14:00:00,18000.00,atendida,tarjeta,Duvan González Muñoz,Corte infantil,Sebastián Blade
1535,1244,6,11,2023-07-10 09:00:00,14000.00,atendida,transferencia,Hernán Díaz Suárez,Corte de cabello Basico + barba,El Mono Barber
1536,719,16,25,2023-06-20 11:00:00,8000.00,atendida,nequi,Ricardo Zapata Cruz,Barba completa,Lucho Precision
1537,103,19,24,2024-01-05 11:00:00,60000.00,atendida,tarjeta,Mauricio Sánchez Rodríguez,Cejas + barba,El Negro Barber
1538,1758,21,31,2023-10-17 15:00:00,25000.00,cancelada,transferencia,Mariana Flores Parra,Limpieza facial,Cristian Fade
1539,813,2,12,2023-08-31 08:00:00,15000.00,cancelada,efectivo,Wilmar Rivera Muñoz,Corte de cabello Basico + barba,Duvan Fresh
1540,1240,22,19,2024-12-29 11:00:00,15000.00,atendida,tarjeta,Mateo Suárez Vargas,Hidratacion capilar,Fercho Barber
1541,1801,17,19,2023-06-25 18:00:00,20000.00,atendida,daviplata,Cristian López Torres,Barba + hidratacion,Fercho Barber
1542,527,6,30,2023-05-26 12:00:00,14000.00,cancelada,tarjeta,Rodrigo Mendoza Rivera,Corte de cabello Basico + barba,Pipe Navajas
1543,847,18,21,2024-12-01 11:00:00,22000.00,atendida,efectivo,Felipe García Pérez,Afeitado clasico navaja,Wilmar Style
1544,1593,21,4,2023-11-14 16:00:00,25000.00,atendida,daviplata,Alejandro Guerrero Ospina,Limpieza facial,Mateo Barber
1545,1527,26,31,2024-06-01 09:00:00,50000.00,atendida,tarjeta,Jhon Ramos Castro,Masaje capilar,Cristian Fade
1546,1756,8,28,2023-11-30 17:00:00,16000.00,atendida,tarjeta,Adriana Delgado Reyes,Corte + lavado,Yeison Barber
1547,548,3,20,2023-07-10 14:00:00,8000.00,cancelada,nequi,Johana Muñoz Ramírez,Arreglo de barba,El Paisa Cuts
1548,637,6,17,2023-11-01 11:00:00,14000.00,atendida,tarjeta,Luis Díaz Parra,Corte de cabello Basico + barba,Kevin El Maestro
1549,48,23,22,2024-02-07 08:00:00,30000.00,atendida,nequi,Diana García Cruz,Keratina,Diego Fadero
1550,839,19,13,2023-03-10 15:00:00,60000.00,cancelada,nequi,Rodrigo Castro Ortiz,Cejas + barba,Camilo Pro
1551,1441,28,28,2024-03-18 18:00:00,55000.00,atendida,daviplata,Sergio Martínez Ramos,Pack novio completo,Yeison Barber
1552,1834,9,3,2023-01-09 08:00:00,10000.00,cancelada,daviplata,Samuel Pérez González,Corte degradado,Juancho El Indio
1553,1939,7,8,2023-11-11 12:00:00,13000.00,atendida,tarjeta,Sofia Cárdenas Herrera,Arreglo de barba,Tato Fade
1554,1003,8,22,2024-08-20 12:00:00,16000.00,cancelada,nequi,Maria Parra Castro,Corte + lavado,Diego Fadero
1555,58,15,3,2023-09-19 11:00:00,14000.00,cancelada,transferencia,Isabella Vega Vargas,Tinte completo,Juancho El Indio
1556,1172,16,3,2023-06-06 17:00:00,8000.00,cancelada,transferencia,Brayan Londoño Muñoz,Barba completa,Juancho El Indio
1557,518,1,23,2023-11-24 10:00:00,12000.00,atendida,efectivo,Raúl Rojas Arias,Corte de cabello Basico,Santi Premium
1558,395,19,22,2023-10-27 14:00:00,60000.00,atendida,daviplata,Esteban Londoño Rojas,Cejas + barba,Diego Fadero
1559,558,16,21,2024-03-08 08:00:00,8000.00,atendida,tarjeta,Leidy Castro Parra,Barba completa,Wilmar Style
1560,216,10,17,2024-04-08 17:00:00,35000.00,cancelada,efectivo,Natalia Jiménez Ruiz,Corte navaja,Kevin El Maestro
1561,1526,21,4,2023-07-07 09:00:00,25000.00,cancelada,transferencia,Duvan López Bedoya,Limpieza facial,Mateo Barber
1562,1114,19,13,2024-02-03 08:00:00,60000.00,atendida,daviplata,Duvan Mendoza Delgado,Cejas + barba,Camilo Pro
1563,1592,9,27,2023-09-13 10:00:00,10000.00,atendida,nequi,Sofia Zapata Ramírez,Corte degradado,Tomas Clipper
1564,1305,4,23,2023-08-30 11:00:00,18000.00,atendida,efectivo,Felipe Cárdenas Montoya,Corte + lavado,Santi Premium
1565,1186,21,25,2023-09-17 08:00:00,25000.00,atendida,daviplata,Carlos Jiménez Ríos,Limpieza facial,Lucho Precision
1566,731,17,28,2024-12-04 14:00:00,20000.00,cancelada,tarjeta,Luis Peña Jiménez,Barba + hidratacion,Yeison Barber
1567,388,2,13,2023-03-11 11:00:00,15000.00,atendida,daviplata,Mariana Moreno Morales,Corte de cabello Basico + barba,Camilo Pro
1568,346,18,22,2024-10-27 08:00:00,22000.00,atendida,efectivo,Wilmar Muñoz Suárez,Afeitado clasico navaja,Diego Fadero
1569,497,26,21,2023-08-01 10:00:00,50000.00,cancelada,daviplata,Felipe Londoño Jiménez,Masaje capilar,Wilmar Style
1570,654,3,28,2023-06-09 15:00:00,8000.00,cancelada,efectivo,Sebastián Suárez Ocampo,Arreglo de barba,Yeison Barber
1571,878,23,25,2024-12-01 12:00:00,30000.00,atendida,nequi,Alejandro Vargas Reyes,Keratina,Lucho Precision
1572,1191,17,5,2024-01-03 10:00:00,20000.00,cancelada,nequi,Sebastián Muñoz Jiménez,Barba + hidratacion,El Vikingo
1573,376,10,23,2024-02-19 10:00:00,35000.00,atendida,daviplata,Santiago Rojas Herrera,Corte navaja,Santi Premium
1574,978,23,25,2023-09-21 16:00:00,30000.00,atendida,nequi,Maria Rivera Jiménez,Keratina,Lucho Precision
1575,1341,11,13,2024-08-14 12:00:00,25000.00,cancelada,daviplata,Raúl Pérez Pérez,Corte clasico,Camilo Pro
1576,1889,1,18,2023-02-19 14:00:00,12000.00,atendida,transferencia,Andrés Romero Medina,Corte de cabello Basico,Nico Estilo
1577,131,3,6,2024-03-16 10:00:00,8000.00,cancelada,efectivo,Felipe Medina Pérez,Arreglo de barba,Chelo Cuts
1578,1060,7,15,2024-12-26 18:00:00,13000.00,cancelada,daviplata,Felipe Martínez López,Arreglo de barba,Jhon Navajas
1579,368,1,22,2024-07-07 15:00:00,12000.00,atendida,tarjeta,Cristian Rivera González,Corte de cabello Basico,Diego Fadero
1580,1833,30,13,2023-01-24 17:00:00,40000.00,atendida,tarjeta,Raúl Rojas Ospina,Corte + lavado + barba,Camilo Pro
1581,1256,5,3,2024-05-06 10:00:00,15000.00,atendida,nequi,Carolina Romero Rojas,Corte de cabello Basico,Juancho El Indio
1582,826,13,3,2023-08-12 11:00:00,18000.00,atendida,efectivo,Ricardo Gutiérrez Cárdenas,Corte infantil,Juancho El Indio
1583,1368,5,7,2024-07-29 16:00:00,15000.00,cancelada,nequi,Oscar Londoño Vega,Corte de cabello Basico,Pipe El Crack
1584,937,19,15,2023-02-09 15:00:00,60000.00,atendida,transferencia,Gabriela Correa Delgado,Cejas + barba,Jhon Navajas
1585,1370,19,24,2023-04-02 12:00:00,60000.00,atendida,nequi,Andrés Espinoza Zapata,Cejas + barba,El Negro Barber
1586,1297,9,18,2024-09-19 14:00:00,10000.00,atendida,tarjeta,Monica Zapata Romero,Corte degradado,Nico Estilo
1587,780,9,19,2024-01-08 17:00:00,10000.00,atendida,daviplata,Luis Vargas Bedoya,Corte degradado,Fercho Barber
1588,625,26,3,2023-07-11 17:00:00,50000.00,atendida,efectivo,Mariana Delgado Henao,Masaje capilar,Juancho El Indio
1589,1322,5,28,2024-08-05 17:00:00,15000.00,cancelada,nequi,Yeison Ospina Cruz,Corte de cabello Basico,Yeison Barber
1590,817,16,30,2024-07-10 16:00:00,8000.00,cancelada,efectivo,Raúl Peña García,Barba completa,Pipe Navajas
1591,1022,7,13,2023-09-17 18:00:00,13000.00,cancelada,nequi,Leidy Flores Silva,Arreglo de barba,Camilo Pro
1592,1373,28,14,2023-08-06 15:00:00,55000.00,cancelada,efectivo,Diana Silva Medina,Pack novio completo,El Tigre Cuts
1593,1321,26,3,2024-07-06 08:00:00,50000.00,atendida,daviplata,Melissa Henao Londoño,Masaje capilar,Juancho El Indio
1594,536,28,18,2023-05-28 11:00:00,55000.00,cancelada,nequi,Santiago Ramírez Mendoza,Pack novio completo,Nico Estilo
1595,1435,26,21,2024-12-21 08:00:00,50000.00,atendida,efectivo,Nicolás Ríos Cárdenas,Masaje capilar,Wilmar Style
1596,1200,18,5,2023-08-27 15:00:00,22000.00,atendida,tarjeta,Laura Correa Castro,Afeitado clasico navaja,El Vikingo
1597,699,8,10,2024-03-11 09:00:00,16000.00,atendida,tarjeta,David Guerrero Ríos,Corte + lavado,Yeferson King
1598,1638,8,9,2023-05-01 11:00:00,16000.00,cancelada,nequi,Fernando Delgado Gómez,Corte + lavado,Brayan Scissors
1599,1484,18,16,2023-02-21 12:00:00,22000.00,atendida,daviplata,Claudia Vega Cruz,Afeitado clasico navaja,Sebastián Blade
1600,725,9,10,2023-12-02 17:00:00,10000.00,atendida,tarjeta,Camila Montoya Mendoza,Corte degradado,Yeferson King
1601,751,6,25,2023-04-22 18:00:00,14000.00,atendida,efectivo,Deisy Bedoya Medina,Corte de cabello Basico + barba,Lucho Precision
1602,1595,21,6,2023-06-28 10:00:00,25000.00,atendida,daviplata,Andrea Morales Peña,Limpieza facial,Chelo Cuts
1603,446,21,6,2024-06-06 14:00:00,25000.00,atendida,transferencia,Ricardo Moreno Romero,Limpieza facial,Chelo Cuts
1604,1492,22,16,2023-09-03 09:00:00,15000.00,cancelada,daviplata,Yeison García Ortiz,Hidratacion capilar,Sebastián Blade
1605,334,20,22,2023-03-17 12:00:00,22000.00,atendida,transferencia,Lizeth Parra Rivera,Depilacion de cejas,Diego Fadero
1606,1694,21,28,2023-02-26 18:00:00,25000.00,cancelada,tarjeta,Natalia Martínez Ospina,Limpieza facial,Yeison Barber
1607,190,22,6,2023-05-24 12:00:00,15000.00,atendida,efectivo,Nicolás López Espinoza,Hidratacion capilar,Chelo Cuts
1608,1364,7,26,2024-01-01 08:00:00,13000.00,atendida,transferencia,Marcela Ortiz Medina,Arreglo de barba,Andres El Pro
1609,1475,25,30,2023-05-23 11:00:00,80000.00,cancelada,nequi,Laura Arias Herrera,Corte + hidratacion,Pipe Navajas
1610,227,14,26,2023-01-01 17:00:00,15000.00,cancelada,efectivo,Fabian Bedoya Montoya,Corte + tinte,Andres El Pro
1611,660,6,25,2023-01-12 18:00:00,14000.00,atendida,nequi,Ferney Morales Vega,Corte de cabello Basico + barba,Lucho Precision
1612,1392,25,7,2023-08-09 11:00:00,80000.00,atendida,transferencia,Fabian Delgado Ortiz,Corte + hidratacion,Pipe El Crack
1613,1389,16,11,2023-08-10 14:00:00,8000.00,atendida,nequi,Laura Ortiz Díaz,Barba completa,El Mono Barber
1614,602,9,28,2023-02-22 16:00:00,10000.00,atendida,nequi,Daniela Ospina Londoño,Corte degradado,Yeison Barber
1615,324,4,30,2023-08-12 15:00:00,18000.00,atendida,daviplata,Nathaly Sánchez Bedoya,Corte + lavado,Pipe Navajas
1616,1441,12,19,2024-06-10 16:00:00,12000.00,cancelada,tarjeta,Sergio Martínez Ramos,Corte moderno,Fercho Barber
1617,1756,20,31,2024-09-29 15:00:00,22000.00,cancelada,tarjeta,Adriana Delgado Reyes,Depilacion de cejas,Cristian Fade
1618,1109,16,2,2024-09-23 11:00:00,8000.00,atendida,transferencia,Camila Bedoya Parra,Barba completa,Maicol Style
1619,851,26,30,2023-08-03 16:00:00,50000.00,atendida,nequi,Jhon Zapata Ríos,Masaje capilar,Pipe Navajas
1620,380,12,21,2023-10-24 12:00:00,12000.00,atendida,efectivo,Lizeth Reyes Ruiz,Corte moderno,Wilmar Style
1621,1098,20,31,2024-10-24 16:00:00,22000.00,atendida,efectivo,Jhon Correa Cárdenas,Depilacion de cejas,Cristian Fade
1622,1958,20,9,2023-06-26 15:00:00,22000.00,atendida,transferencia,Isabella Díaz Ramírez,Depilacion de cejas,Brayan Scissors
1623,1319,29,22,2023-07-18 16:00:00,50000.00,atendida,nequi,Ricardo Londoño Mendoza,Coloracion fantasia,Diego Fadero
1624,574,14,31,2024-03-08 10:00:00,15000.00,cancelada,efectivo,Fernando Díaz Rodríguez,Corte + tinte,Cristian Fade
1625,1591,24,13,2023-04-23 12:00:00,50000.00,atendida,tarjeta,Duvan Parra Cruz,Corte + barba + cejas,Camilo Pro
1626,900,16,14,2023-03-09 15:00:00,8000.00,cancelada,transferencia,Samuel Espinoza Rojas,Barba completa,El Tigre Cuts
1627,1898,24,22,2024-06-01 18:00:00,50000.00,atendida,daviplata,Hernán Rivera González,Corte + barba + cejas,Diego Fadero
1628,673,6,17,2024-12-28 16:00:00,14000.00,atendida,transferencia,Patricia Castro Gómez,Corte de cabello Basico + barba,Kevin El Maestro
1629,627,11,30,2023-11-16 17:00:00,25000.00,atendida,tarjeta,Carlos Rivera Morales,Corte clasico,Pipe Navajas
1630,1269,13,17,2023-11-15 16:00:00,18000.00,atendida,efectivo,Xiomara Bedoya Ruiz,Corte infantil,Kevin El Maestro
1631,409,4,6,2024-02-20 17:00:00,18000.00,atendida,daviplata,Claudia Parra Reyes,Corte + lavado,Chelo Cuts
1632,403,29,28,2024-02-17 18:00:00,50000.00,atendida,nequi,Steven Ocampo Guerrero,Coloracion fantasia,Yeison Barber
1633,1513,6,18,2024-12-07 08:00:00,14000.00,atendida,efectivo,Alejandro Mendoza Ríos,Corte de cabello Basico + barba,Nico Estilo
1634,1426,23,25,2023-11-14 09:00:00,30000.00,cancelada,transferencia,Luis Salazar Ríos,Keratina,Lucho Precision
1635,161,7,27,2023-04-16 14:00:00,13000.00,cancelada,daviplata,Nicolás Rivera Gómez,Arreglo de barba,Tomas Clipper
1636,467,2,21,2023-01-21 18:00:00,15000.00,atendida,efectivo,Lizeth Suárez Jiménez,Corte de cabello Basico + barba,Wilmar Style
1637,1513,27,29,2023-10-21 12:00:00,22000.00,atendida,tarjeta,Alejandro Mendoza Ríos,Tratamiento anticaida,El Calvo Cuts
1638,655,13,2,2024-02-10 12:00:00,18000.00,atendida,tarjeta,Santiago Torres Jiménez,Corte infantil,Maicol Style
1639,1855,30,12,2023-06-29 10:00:00,40000.00,atendida,nequi,Isabella Moreno Pérez,Corte + lavado + barba,Duvan Fresh
1640,408,8,31,2023-01-18 17:00:00,16000.00,atendida,daviplata,Wilmar Parra Castro,Corte + lavado,Cristian Fade
1641,1640,7,16,2024-01-12 12:00:00,13000.00,atendida,tarjeta,Monica Herrera Peña,Arreglo de barba,Sebastián Blade
1642,1106,23,20,2024-05-13 10:00:00,30000.00,cancelada,nequi,Wilmar Ramírez Mendoza,Keratina,El Paisa Cuts
1643,1171,15,16,2023-10-15 15:00:00,14000.00,cancelada,nequi,Alejandro Zapata Suárez,Tinte completo,Sebastián Blade
1644,171,8,18,2023-02-25 12:00:00,16000.00,cancelada,efectivo,Fernando Suárez Arias,Corte + lavado,Nico Estilo
1645,573,24,13,2023-06-22 12:00:00,50000.00,atendida,tarjeta,Deisy Guerrero Ruiz,Corte + barba + cejas,Camilo Pro
1646,1807,9,2,2024-08-25 16:00:00,10000.00,atendida,nequi,Hernán Correa Arias,Corte degradado,Maicol Style
1647,548,24,5,2023-06-04 17:00:00,50000.00,cancelada,tarjeta,Johana Muñoz Ramírez,Corte + barba + cejas,El Vikingo
1648,1002,27,2,2024-10-19 14:00:00,22000.00,atendida,tarjeta,Miguel Arias Arias,Tratamiento anticaida,Maicol Style
1649,584,16,28,2024-02-29 08:00:00,8000.00,atendida,nequi,Diego Salazar Ramos,Barba completa,Yeison Barber
1650,1171,24,26,2023-04-28 10:00:00,50000.00,atendida,daviplata,Alejandro Zapata Suárez,Corte + barba + cejas,Andres El Pro
1651,163,23,23,2023-10-01 15:00:00,30000.00,cancelada,efectivo,Santiago Jiménez Cruz,Keratina,Santi Premium
1652,287,4,21,2023-12-05 12:00:00,18000.00,atendida,daviplata,Maria Morales Herrera,Corte + lavado,Wilmar Style
1653,1454,27,8,2023-04-04 09:00:00,22000.00,cancelada,transferencia,Miguel López Suárez,Tratamiento anticaida,Tato Fade
1654,66,20,19,2024-05-13 17:00:00,22000.00,atendida,nequi,Angie Flores Muñoz,Depilacion de cejas,Fercho Barber
1655,358,28,15,2023-06-24 11:00:00,55000.00,cancelada,transferencia,Lucia Cárdenas Flores,Pack novio completo,Jhon Navajas
1656,114,12,3,2023-01-11 18:00:00,12000.00,cancelada,transferencia,Mauricio Bedoya Montoya,Corte moderno,Juancho El Indio
1657,1210,20,16,2023-01-06 09:00:00,22000.00,cancelada,transferencia,Hernán Muñoz Henao,Depilacion de cejas,Sebastián Blade
1658,2015,7,4,2024-01-17 18:00:00,13000.00,atendida,transferencia,Natalia Suárez Mendoza,Arreglo de barba,Mateo Barber
1659,1625,20,13,2024-09-29 08:00:00,22000.00,atendida,nequi,Diego Ospina Herrera,Depilacion de cejas,Camilo Pro
1660,173,8,22,2023-02-07 14:00:00,16000.00,atendida,tarjeta,Duvan Gómez Ruiz,Corte + lavado,Diego Fadero
1661,848,29,8,2023-01-31 17:00:00,50000.00,atendida,transferencia,Santiago Rodríguez Gutiérrez,Coloracion fantasia,Tato Fade
1662,337,20,26,2024-01-23 18:00:00,22000.00,atendida,tarjeta,Marcela Morales Vega,Depilacion de cejas,Andres El Pro
1663,1379,20,21,2024-04-07 14:00:00,22000.00,atendida,tarjeta,Hernán Mendoza Peña,Depilacion de cejas,Wilmar Style
1664,208,1,16,2023-01-15 11:00:00,12000.00,cancelada,efectivo,Cristian Cruz Cárdenas,Corte de cabello Basico,Sebastián Blade
1665,1912,18,27,2023-10-22 10:00:00,22000.00,atendida,efectivo,Claudia Mendoza Vega,Afeitado clasico navaja,Tomas Clipper
1666,1566,15,5,2024-06-25 09:00:00,14000.00,cancelada,transferencia,Natalia Morales Rivera,Tinte completo,El Vikingo
1667,265,22,7,2024-03-07 08:00:00,15000.00,cancelada,nequi,Jorge Reyes Londoño,Hidratacion capilar,Pipe El Crack
1668,1597,12,31,2023-11-17 09:00:00,12000.00,cancelada,daviplata,Luis Guerrero Morales,Corte moderno,Cristian Fade
1669,955,14,27,2023-12-12 14:00:00,15000.00,atendida,nequi,Deisy Reyes Ortiz,Corte + tinte,Tomas Clipper
1670,812,7,11,2023-03-18 15:00:00,13000.00,atendida,tarjeta,David Vargas Ramos,Arreglo de barba,El Mono Barber
1671,643,6,22,2024-09-10 10:00:00,14000.00,cancelada,tarjeta,Gabriela García Rivera,Corte de cabello Basico + barba,Diego Fadero
1672,289,18,26,2024-11-10 15:00:00,22000.00,cancelada,tarjeta,Wilmar Mendoza Ríos,Afeitado clasico navaja,Andres El Pro
1673,694,20,16,2023-01-06 12:00:00,22000.00,atendida,nequi,Isabella Montoya Ríos,Depilacion de cejas,Sebastián Blade
1674,1580,18,11,2023-05-17 18:00:00,22000.00,cancelada,tarjeta,Johana Ocampo Díaz,Afeitado clasico navaja,El Mono Barber
1675,874,6,22,2024-01-18 12:00:00,14000.00,atendida,daviplata,Carolina Delgado Montoya,Corte de cabello Basico + barba,Diego Fadero
1676,1260,23,7,2023-11-01 17:00:00,30000.00,atendida,transferencia,Diego Montoya Morales,Keratina,Pipe El Crack
1677,604,27,18,2023-09-14 12:00:00,22000.00,cancelada,tarjeta,Cristian Henao Martínez,Tratamiento anticaida,Nico Estilo
1678,321,23,9,2023-01-29 08:00:00,30000.00,atendida,tarjeta,Andrés Rivera Salazar,Keratina,Brayan Scissors
1679,966,11,9,2023-01-19 12:00:00,25000.00,cancelada,transferencia,Carolina Cruz Correa,Corte clasico,Brayan Scissors
1680,138,13,10,2023-08-12 09:00:00,18000.00,atendida,efectivo,Yesid Medina Peña,Corte infantil,Yeferson King
1681,1346,14,30,2023-12-02 14:00:00,15000.00,atendida,transferencia,Gabriela Ríos Jiménez,Corte + tinte,Pipe Navajas
1682,513,8,13,2024-06-30 08:00:00,16000.00,cancelada,efectivo,Natalia Flores Guerrero,Corte + lavado,Camilo Pro
1683,57,2,28,2023-01-24 12:00:00,15000.00,cancelada,daviplata,Diego Peña Ramos,Corte de cabello Basico + barba,Yeison Barber
1684,415,14,28,2024-07-30 11:00:00,15000.00,atendida,transferencia,Johana Peña Henao,Corte + tinte,Yeison Barber
1685,1274,9,3,2023-09-26 08:00:00,10000.00,atendida,efectivo,Sebastián Ortiz Ríos,Corte degradado,Juancho El Indio
1686,1431,12,11,2023-08-03 17:00:00,12000.00,cancelada,nequi,Julián Morales Zapata,Corte moderno,El Mono Barber
1687,1606,21,22,2023-05-08 11:00:00,25000.00,cancelada,nequi,Raúl Cárdenas Guerrero,Limpieza facial,Diego Fadero
1688,556,13,27,2024-09-29 17:00:00,18000.00,atendida,tarjeta,Alejandro Castro Pérez,Corte infantil,Tomas Clipper
1689,1040,19,12,2023-01-10 11:00:00,60000.00,atendida,tarjeta,Miguel Medina López,Cejas + barba,Duvan Fresh
1690,1104,12,15,2023-08-27 18:00:00,12000.00,atendida,daviplata,Alejandro López Ospina,Corte moderno,Jhon Navajas
1691,980,29,31,2024-07-02 12:00:00,50000.00,cancelada,daviplata,Monica Medina Suárez,Coloracion fantasia,Cristian Fade
1692,1177,26,25,2024-12-27 16:00:00,50000.00,atendida,transferencia,Gabriela Silva Ortiz,Masaje capilar,Lucho Precision
1693,254,4,31,2024-06-03 10:00:00,18000.00,cancelada,efectivo,Gabriela Espinoza Torres,Corte + lavado,Cristian Fade
1694,1936,9,9,2024-03-18 18:00:00,10000.00,atendida,nequi,Luis Gutiérrez Jiménez,Corte degradado,Brayan Scissors
1695,1978,19,13,2023-09-27 08:00:00,60000.00,cancelada,daviplata,Isabella Medina Guerrero,Cejas + barba,Camilo Pro
1696,1712,3,8,2024-08-14 09:00:00,8000.00,cancelada,transferencia,Gabriela Vega Silva,Arreglo de barba,Tato Fade
1697,1999,28,31,2023-09-03 10:00:00,55000.00,atendida,daviplata,Monica Zapata Rodríguez,Pack novio completo,Cristian Fade
1698,268,23,7,2023-09-17 17:00:00,30000.00,atendida,tarjeta,Catalina Herrera Rojas,Keratina,Pipe El Crack
1699,947,17,5,2023-10-21 10:00:00,20000.00,atendida,daviplata,Yulieth Rivera Cárdenas,Barba + hidratacion,El Vikingo
1700,980,11,7,2023-03-18 11:00:00,25000.00,atendida,efectivo,Monica Medina Suárez,Corte clasico,Pipe El Crack
1701,564,24,6,2023-05-15 08:00:00,50000.00,atendida,tarjeta,Fernando Ocampo Suárez,Corte + barba + cejas,Chelo Cuts
1702,74,11,30,2024-09-04 09:00:00,25000.00,cancelada,tarjeta,Carlos Rivera Cárdenas,Corte clasico,Pipe Navajas
1703,1792,3,9,2024-05-16 16:00:00,8000.00,atendida,transferencia,Paula Parra Jiménez,Arreglo de barba,Brayan Scissors
1704,240,1,11,2023-09-23 11:00:00,12000.00,atendida,efectivo,Cristian Moreno Cruz,Corte de cabello Basico,El Mono Barber
1705,1093,14,29,2023-05-03 08:00:00,15000.00,atendida,tarjeta,Marcela Rivera Díaz,Corte + tinte,El Calvo Cuts
1706,243,11,7,2023-08-03 12:00:00,25000.00,atendida,tarjeta,Carlos Reyes Ramírez,Corte clasico,Pipe El Crack
1707,1614,22,23,2024-03-07 09:00:00,15000.00,atendida,tarjeta,Xiomara Ramos Correa,Hidratacion capilar,Santi Premium
1708,1827,11,3,2024-07-21 18:00:00,25000.00,atendida,nequi,Brayan Peña Rodríguez,Corte clasico,Juancho El Indio
1709,1124,24,11,2023-02-16 17:00:00,50000.00,cancelada,tarjeta,Kevin Mendoza Londoño,Corte + barba + cejas,El Mono Barber
1710,1281,19,26,2024-01-29 14:00:00,60000.00,atendida,transferencia,Leidy Díaz Zapata,Cejas + barba,Andres El Pro
1711,348,1,27,2023-03-01 09:00:00,12000.00,cancelada,transferencia,Brayan Parra Suárez,Corte de cabello Basico,Tomas Clipper
1712,623,27,21,2023-03-13 15:00:00,22000.00,atendida,nequi,Patricia Ruiz González,Tratamiento anticaida,Wilmar Style
1713,1343,4,13,2024-12-23 12:00:00,18000.00,atendida,daviplata,Raúl Rojas Torres,Corte + lavado,Camilo Pro
1714,426,16,9,2023-12-13 16:00:00,8000.00,cancelada,daviplata,Deisy Espinoza Pérez,Barba completa,Brayan Scissors
1715,1481,11,5,2023-12-01 12:00:00,25000.00,atendida,daviplata,Nicolás Rodríguez Flores,Corte clasico,El Vikingo
1716,1463,9,14,2023-10-29 15:00:00,10000.00,atendida,efectivo,Felipe Herrera Rivera,Corte degradado,El Tigre Cuts
1717,954,27,11,2023-12-30 09:00:00,22000.00,atendida,tarjeta,Camila López Gómez,Tratamiento anticaida,El Mono Barber
1718,1287,16,11,2023-11-05 18:00:00,8000.00,cancelada,daviplata,Mauricio Ruiz Silva,Barba completa,El Mono Barber
1719,1005,1,14,2023-08-13 12:00:00,12000.00,atendida,tarjeta,Julián Zapata Pérez,Corte de cabello Basico,El Tigre Cuts
1720,32,6,26,2024-06-12 17:00:00,14000.00,cancelada,tarjeta,Hernán Henao Gómez,Corte de cabello Basico + barba,Andres El Pro
1721,1527,7,23,2024-06-23 09:00:00,13000.00,atendida,nequi,Jhon Ramos Castro,Arreglo de barba,Santi Premium
1722,137,18,20,2023-07-06 09:00:00,22000.00,cancelada,efectivo,Monica Espinoza Peña,Afeitado clasico navaja,El Paisa Cuts
1723,1382,19,25,2023-12-11 18:00:00,60000.00,atendida,tarjeta,Melissa Moreno Henao,Cejas + barba,Lucho Precision
1724,768,16,27,2023-09-01 08:00:00,8000.00,atendida,daviplata,Felipe Parra Ospina,Barba completa,Tomas Clipper
1725,1450,25,28,2023-06-08 16:00:00,80000.00,atendida,tarjeta,Deisy Ortiz Arias,Corte + hidratacion,Yeison Barber
1726,1799,16,16,2023-12-23 14:00:00,8000.00,atendida,transferencia,Felipe Ortiz Ocampo,Barba completa,Sebastián Blade
1727,712,5,30,2024-11-23 12:00:00,15000.00,atendida,efectivo,Felipe Rodríguez Rodríguez,Corte de cabello Basico,Pipe Navajas
1728,992,8,8,2023-11-14 08:00:00,16000.00,atendida,efectivo,Sofia Bedoya Reyes,Corte + lavado,Tato Fade
1729,1805,8,3,2024-07-07 09:00:00,16000.00,cancelada,tarjeta,Sebastián Ríos Rivera,Corte + lavado,Juancho El Indio
1730,981,21,4,2023-08-19 08:00:00,25000.00,cancelada,transferencia,Catalina Ruiz Castro,Limpieza facial,Mateo Barber
1731,1712,8,27,2024-05-20 12:00:00,16000.00,atendida,efectivo,Gabriela Vega Silva,Corte + lavado,Tomas Clipper
1732,1769,25,26,2024-05-02 08:00:00,80000.00,atendida,transferencia,Mauricio Moreno Castro,Corte + hidratacion,Andres El Pro
1733,1449,29,24,2023-09-29 18:00:00,50000.00,cancelada,tarjeta,Diana Arias Ospina,Coloracion fantasia,El Negro Barber
1734,1175,18,21,2024-11-11 09:00:00,22000.00,cancelada,efectivo,Mateo López Ocampo,Afeitado clasico navaja,Wilmar Style
1735,271,29,4,2023-11-15 09:00:00,50000.00,atendida,daviplata,Ferney Suárez Rodríguez,Coloracion fantasia,Mateo Barber
1736,1639,11,17,2023-04-17 08:00:00,25000.00,atendida,tarjeta,Nicolás Montoya Reyes,Corte clasico,Kevin El Maestro
1737,1996,8,20,2024-04-28 11:00:00,16000.00,atendida,transferencia,Yulieth Ramos Martínez,Corte + lavado,El Paisa Cuts
1738,1177,23,25,2023-09-21 15:00:00,30000.00,atendida,transferencia,Gabriela Silva Ortiz,Keratina,Lucho Precision
1739,138,18,3,2023-07-17 10:00:00,22000.00,atendida,tarjeta,Yesid Medina Peña,Afeitado clasico navaja,Juancho El Indio
1740,631,26,27,2023-01-11 12:00:00,50000.00,cancelada,tarjeta,Patricia Rojas Suárez,Masaje capilar,Tomas Clipper
1741,1551,2,8,2024-10-16 16:00:00,15000.00,atendida,efectivo,Raúl Torres Ospina,Corte de cabello Basico + barba,Tato Fade
1742,797,5,10,2023-12-03 15:00:00,15000.00,atendida,tarjeta,Kevin Bedoya Reyes,Corte de cabello Basico,Yeferson King
1743,157,19,13,2024-06-04 17:00:00,60000.00,cancelada,tarjeta,Santiago Pérez Ramírez,Cejas + barba,Camilo Pro
1744,675,13,13,2023-04-03 17:00:00,18000.00,atendida,tarjeta,Brayan Flores Zapata,Corte infantil,Camilo Pro
1745,945,9,22,2024-12-06 10:00:00,10000.00,atendida,tarjeta,Fernando Medina Muñoz,Corte degradado,Diego Fadero
1746,363,20,11,2024-06-05 11:00:00,22000.00,atendida,daviplata,Jhon Londoño Delgado,Depilacion de cejas,El Mono Barber
1747,607,8,14,2023-09-13 12:00:00,16000.00,atendida,efectivo,Jhon Mendoza Vega,Corte + lavado,El Tigre Cuts
1748,144,7,27,2024-11-21 11:00:00,13000.00,atendida,transferencia,Esteban Muñoz Gutiérrez,Arreglo de barba,Tomas Clipper
1749,1270,28,6,2024-06-27 18:00:00,55000.00,cancelada,nequi,Paula Flores Jiménez,Pack novio completo,Chelo Cuts
1750,1600,23,16,2024-10-03 18:00:00,30000.00,atendida,transferencia,Dayana Silva Cárdenas,Keratina,Sebastián Blade
1751,793,5,21,2023-10-05 08:00:00,15000.00,atendida,transferencia,Cristian Sánchez Martínez,Corte de cabello Basico,Wilmar Style
1752,1739,7,31,2024-11-28 10:00:00,13000.00,atendida,tarjeta,Lizeth Ramos Moreno,Arreglo de barba,Cristian Fade
1753,1218,29,30,2024-07-07 10:00:00,50000.00,atendida,transferencia,Sergio Bedoya Delgado,Coloracion fantasia,Pipe Navajas
1754,676,13,31,2023-10-19 09:00:00,18000.00,cancelada,efectivo,Carlos Salazar Gutiérrez,Corte infantil,Cristian Fade
1755,770,2,16,2024-05-16 18:00:00,15000.00,atendida,daviplata,Sara Medina Flores,Corte de cabello Basico + barba,Sebastián Blade
1756,1664,16,6,2023-12-19 16:00:00,8000.00,atendida,daviplata,Nathaly Ramos Rojas,Barba completa,Chelo Cuts
1757,1676,3,28,2024-09-13 11:00:00,8000.00,atendida,tarjeta,Gabriela Torres Rivera,Arreglo de barba,Yeison Barber
1758,1616,21,19,2023-12-19 09:00:00,25000.00,atendida,daviplata,Angie Castro Gómez,Limpieza facial,Fercho Barber
1759,830,24,21,2024-07-28 10:00:00,50000.00,atendida,nequi,Maria Montoya Rojas,Corte + barba + cejas,Wilmar Style
1760,1006,3,5,2024-07-19 16:00:00,8000.00,atendida,daviplata,Marcela Muñoz Morales,Arreglo de barba,El Vikingo
1761,604,29,28,2024-12-28 15:00:00,50000.00,cancelada,transferencia,Cristian Henao Martínez,Coloracion fantasia,Yeison Barber
1762,1186,17,31,2023-04-16 12:00:00,20000.00,cancelada,efectivo,Carlos Jiménez Ríos,Barba + hidratacion,Cristian Fade
1763,1589,9,16,2023-09-19 09:00:00,10000.00,atendida,efectivo,Juan Ramos Morales,Corte degradado,Sebastián Blade
1764,846,16,13,2023-07-14 08:00:00,8000.00,atendida,daviplata,Juan Peña Díaz,Barba completa,Camilo Pro
1765,1106,15,28,2023-07-26 12:00:00,14000.00,atendida,efectivo,Wilmar Ramírez Mendoza,Tinte completo,Yeison Barber
1766,901,8,28,2023-08-24 08:00:00,16000.00,atendida,tarjeta,Monica Vega Rojas,Corte + lavado,Yeison Barber
1767,1001,15,20,2023-07-26 09:00:00,14000.00,atendida,tarjeta,Jorge Ospina Díaz,Tinte completo,El Paisa Cuts
1768,1874,2,18,2023-06-05 11:00:00,15000.00,cancelada,daviplata,Maria Cruz Guerrero,Corte de cabello Basico + barba,Nico Estilo
1769,1455,28,7,2024-09-06 14:00:00,55000.00,atendida,daviplata,Xiomara Romero González,Pack novio completo,Pipe El Crack
1770,1099,19,22,2023-12-06 12:00:00,60000.00,atendida,efectivo,Johana Gómez Pérez,Cejas + barba,Diego Fadero
1771,1809,18,8,2023-03-15 17:00:00,22000.00,cancelada,transferencia,Camila Martínez Rodríguez,Afeitado clasico navaja,Tato Fade
1772,435,27,2,2024-12-21 15:00:00,22000.00,cancelada,daviplata,Juan Silva Espinoza,Tratamiento anticaida,Maicol Style
1773,638,6,27,2024-07-25 16:00:00,14000.00,atendida,daviplata,Jorge Pérez Ríos,Corte de cabello Basico + barba,Tomas Clipper
1774,1370,22,28,2024-09-27 15:00:00,15000.00,atendida,tarjeta,Andrés Espinoza Zapata,Hidratacion capilar,Yeison Barber
1775,673,14,9,2023-07-26 14:00:00,15000.00,atendida,tarjeta,Patricia Castro Gómez,Corte + tinte,Brayan Scissors
1776,500,2,15,2023-11-21 15:00:00,15000.00,atendida,daviplata,Sergio Henao Cruz,Corte de cabello Basico + barba,Jhon Navajas
1777,1829,24,4,2024-08-23 09:00:00,50000.00,atendida,tarjeta,Fabian Montoya Morales,Corte + barba + cejas,Mateo Barber
1778,69,28,13,2024-03-31 09:00:00,55000.00,atendida,transferencia,Johana Guerrero Zapata,Pack novio completo,Camilo Pro
1779,1083,9,30,2024-01-22 15:00:00,10000.00,atendida,nequi,Mauricio Rojas Reyes,Corte degradado,Pipe Navajas
1780,1231,17,16,2023-04-20 15:00:00,20000.00,cancelada,daviplata,Daniela Gómez Zapata,Barba + hidratacion,Sebastián Blade
1781,1029,28,5,2023-09-04 08:00:00,55000.00,atendida,tarjeta,Diego Muñoz Flores,Pack novio completo,El Vikingo
1782,1533,4,14,2024-03-11 15:00:00,18000.00,cancelada,nequi,Daniela Ramos Vega,Corte + lavado,El Tigre Cuts
1783,1442,21,29,2024-02-17 08:00:00,25000.00,cancelada,efectivo,Paula Herrera Romero,Limpieza facial,El Calvo Cuts
1784,712,14,27,2023-03-29 17:00:00,15000.00,atendida,daviplata,Felipe Rodríguez Rodríguez,Corte + tinte,Tomas Clipper
1785,1554,11,15,2023-09-16 18:00:00,25000.00,atendida,transferencia,Adriana Romero Londoño,Corte clasico,Jhon Navajas
1786,1170,19,29,2024-02-11 17:00:00,60000.00,cancelada,nequi,Paola Mendoza Ospina,Cejas + barba,El Calvo Cuts
1787,301,22,23,2023-04-01 16:00:00,15000.00,cancelada,transferencia,Steven Ríos Ramírez,Hidratacion capilar,Santi Premium
1788,1950,9,20,2024-05-24 14:00:00,10000.00,atendida,efectivo,Luis García Peña,Corte degradado,El Paisa Cuts
1789,1222,4,26,2024-02-16 14:00:00,18000.00,cancelada,efectivo,Santiago Henao Muñoz,Corte + lavado,Andres El Pro
1790,1711,7,26,2024-08-28 14:00:00,13000.00,cancelada,efectivo,Santiago Londoño Martínez,Arreglo de barba,Andres El Pro
1791,350,10,5,2024-10-02 10:00:00,35000.00,atendida,daviplata,Julián Londoño Rodríguez,Corte navaja,El Vikingo
1792,1941,29,6,2024-01-19 15:00:00,50000.00,cancelada,efectivo,Esteban Montoya Arias,Coloracion fantasia,Chelo Cuts
1793,1521,25,13,2024-06-13 10:00:00,80000.00,atendida,nequi,Paula Bedoya Moreno,Corte + hidratacion,Camilo Pro
1794,1851,2,31,2024-09-07 10:00:00,15000.00,cancelada,transferencia,Duvan Rodríguez Reyes,Corte de cabello Basico + barba,Cristian Fade
1795,1500,22,13,2023-12-25 10:00:00,15000.00,cancelada,daviplata,Mariana Londoño Henao,Hidratacion capilar,Camilo Pro
1796,509,13,15,2024-07-16 10:00:00,18000.00,atendida,transferencia,Oscar Delgado Gutiérrez,Corte infantil,Jhon Navajas
1797,735,21,9,2023-03-31 14:00:00,25000.00,atendida,efectivo,Marcela Ramos Ocampo,Limpieza facial,Brayan Scissors
1798,327,24,19,2023-08-21 15:00:00,50000.00,cancelada,efectivo,Juan Ramírez Vargas,Corte + barba + cejas,Fercho Barber
1799,228,8,11,2024-09-05 12:00:00,16000.00,atendida,efectivo,Ricardo Correa Martínez,Corte + lavado,El Mono Barber
1800,66,26,25,2024-02-17 09:00:00,50000.00,cancelada,efectivo,Angie Flores Muñoz,Masaje capilar,Lucho Precision
1801,1174,15,19,2023-08-19 11:00:00,14000.00,atendida,daviplata,Diego Gutiérrez Guerrero,Tinte completo,Fercho Barber
1802,1754,25,14,2023-01-15 18:00:00,80000.00,cancelada,transferencia,Mariana Ocampo García,Corte + hidratacion,El Tigre Cuts
1803,1063,12,3,2023-02-25 08:00:00,12000.00,atendida,nequi,Maria Vargas González,Corte moderno,Juancho El Indio
1804,918,30,18,2024-11-28 10:00:00,40000.00,atendida,tarjeta,Miguel Parra Díaz,Corte + lavado + barba,Nico Estilo
1805,1695,23,12,2023-09-21 17:00:00,30000.00,atendida,daviplata,Marcela Medina Flores,Keratina,Duvan Fresh
1806,990,28,26,2023-07-12 09:00:00,55000.00,cancelada,nequi,Diana Parra Bedoya,Pack novio completo,Andres El Pro
1807,1723,19,21,2024-09-04 18:00:00,60000.00,atendida,tarjeta,Sergio Peña Arias,Cejas + barba,Wilmar Style
1808,119,18,2,2023-11-04 17:00:00,22000.00,atendida,transferencia,Ricardo Correa Jiménez,Afeitado clasico navaja,Maicol Style
1809,1509,27,30,2024-12-26 09:00:00,22000.00,atendida,tarjeta,Jorge Reyes Vega,Tratamiento anticaida,Pipe Navajas
1810,1724,10,8,2024-09-02 11:00:00,35000.00,atendida,daviplata,Melissa Guerrero Martínez,Corte navaja,Tato Fade
1811,1176,1,11,2024-09-29 11:00:00,12000.00,atendida,nequi,Lizeth Pérez Arias,Corte de cabello Basico,El Mono Barber
1812,1841,26,10,2023-11-24 09:00:00,50000.00,atendida,nequi,Andrea Bedoya Ríos,Masaje capilar,Yeferson King
1813,1006,21,11,2024-05-05 18:00:00,25000.00,atendida,tarjeta,Marcela Muñoz Morales,Limpieza facial,El Mono Barber
1814,1587,25,6,2023-03-12 08:00:00,80000.00,atendida,daviplata,Lucia Ortiz Ríos,Corte + hidratacion,Chelo Cuts
1815,488,30,24,2024-01-20 10:00:00,40000.00,atendida,nequi,Camila Castro Ortiz,Corte + lavado + barba,El Negro Barber
1816,51,11,26,2023-05-16 15:00:00,25000.00,atendida,transferencia,Yulieth Delgado Arias,Corte clasico,Andres El Pro
1817,379,6,17,2023-11-30 16:00:00,14000.00,atendida,efectivo,Yulieth Montoya Gutiérrez,Corte de cabello Basico + barba,Kevin El Maestro
1818,1668,16,4,2024-05-30 08:00:00,8000.00,cancelada,daviplata,Daniela Ocampo Espinoza,Barba completa,Mateo Barber
1819,1374,17,23,2023-03-25 18:00:00,20000.00,atendida,transferencia,Wilmar Reyes Arias,Barba + hidratacion,Santi Premium
1820,984,24,15,2023-05-04 10:00:00,50000.00,atendida,nequi,Dayana González Delgado,Corte + barba + cejas,Jhon Navajas
1821,1011,8,20,2024-01-10 10:00:00,16000.00,atendida,daviplata,Jhon Muñoz Arias,Corte + lavado,El Paisa Cuts
1822,1739,9,10,2023-12-05 11:00:00,10000.00,atendida,daviplata,Lizeth Ramos Moreno,Corte degradado,Yeferson King
1823,564,10,25,2023-04-17 15:00:00,35000.00,atendida,efectivo,Fernando Ocampo Suárez,Corte navaja,Lucho Precision
1824,424,28,7,2024-05-03 15:00:00,55000.00,cancelada,efectivo,Maria Rojas Ramírez,Pack novio completo,Pipe El Crack
1825,890,11,7,2023-08-21 17:00:00,25000.00,atendida,tarjeta,Julián Rivera Ramos,Corte clasico,Pipe El Crack
1826,794,7,12,2023-07-24 16:00:00,13000.00,atendida,nequi,Angie Pérez Morales,Arreglo de barba,Duvan Fresh
1827,1698,20,15,2023-03-24 09:00:00,22000.00,atendida,efectivo,Jhon Guerrero Medina,Depilacion de cejas,Jhon Navajas
1828,1480,6,11,2024-03-23 16:00:00,14000.00,atendida,tarjeta,Andrés Ramos Arias,Corte de cabello Basico + barba,El Mono Barber
1829,108,14,23,2023-11-25 12:00:00,15000.00,atendida,nequi,Miguel González Morales,Corte + tinte,Santi Premium
1830,928,8,25,2024-12-11 09:00:00,16000.00,atendida,transferencia,Steven Ortiz Peña,Corte + lavado,Lucho Precision
1831,1159,23,22,2023-10-31 15:00:00,30000.00,cancelada,transferencia,Marcela Castro González,Keratina,Diego Fadero
1832,516,19,13,2023-04-17 15:00:00,60000.00,atendida,efectivo,Yeison Castro Moreno,Cejas + barba,Camilo Pro
1833,800,16,30,2024-10-04 08:00:00,8000.00,cancelada,efectivo,Lizeth Medina Ortiz,Barba completa,Pipe Navajas
1834,1754,17,17,2024-04-13 15:00:00,20000.00,atendida,nequi,Mariana Ocampo García,Barba + hidratacion,Kevin El Maestro
1835,1303,5,19,2023-11-01 08:00:00,15000.00,cancelada,efectivo,Monica Peña Martínez,Corte de cabello Basico,Fercho Barber
1836,284,27,3,2023-05-14 18:00:00,22000.00,atendida,tarjeta,Paola Martínez Moreno,Tratamiento anticaida,Juancho El Indio
1837,798,10,8,2023-05-25 09:00:00,35000.00,cancelada,nequi,Alejandro Silva González,Corte navaja,Tato Fade
1838,1238,19,28,2024-11-08 09:00:00,60000.00,atendida,tarjeta,Kevin Guerrero Martínez,Cejas + barba,Yeison Barber
1839,1704,20,21,2023-04-03 14:00:00,22000.00,atendida,nequi,Diana Ríos Zapata,Depilacion de cejas,Wilmar Style
1840,1581,29,20,2023-06-18 16:00:00,50000.00,atendida,transferencia,Sebastián Díaz Henao,Coloracion fantasia,El Paisa Cuts
1841,902,27,29,2024-12-14 17:00:00,22000.00,atendida,tarjeta,Carolina Gutiérrez Ruiz,Tratamiento anticaida,El Calvo Cuts
1842,1801,12,24,2024-01-06 18:00:00,12000.00,atendida,nequi,Cristian López Torres,Corte moderno,El Negro Barber
1843,1373,18,25,2023-06-01 08:00:00,22000.00,atendida,transferencia,Diana Silva Medina,Afeitado clasico navaja,Lucho Precision
1844,763,27,5,2023-02-10 18:00:00,22000.00,atendida,nequi,Laura Rojas Medina,Tratamiento anticaida,El Vikingo
1845,466,11,15,2024-02-25 16:00:00,25000.00,atendida,transferencia,Luis Ruiz Ramírez,Corte clasico,Jhon Navajas
1846,418,11,21,2024-01-01 09:00:00,25000.00,atendida,nequi,Felipe Reyes Zapata,Corte clasico,Wilmar Style
1847,628,24,18,2023-01-13 14:00:00,50000.00,atendida,nequi,Maria Romero Ospina,Corte + barba + cejas,Nico Estilo
1848,321,7,23,2023-05-26 16:00:00,13000.00,cancelada,daviplata,Andrés Rivera Salazar,Arreglo de barba,Santi Premium
1849,1188,26,16,2023-03-09 08:00:00,50000.00,atendida,transferencia,Sebastián Rivera Salazar,Masaje capilar,Sebastián Blade
1850,202,22,7,2024-07-10 11:00:00,15000.00,cancelada,tarjeta,Luis Ospina Martínez,Hidratacion capilar,Pipe El Crack
1851,511,30,18,2023-03-18 16:00:00,40000.00,atendida,nequi,Yesid Herrera Rodríguez,Corte + lavado + barba,Nico Estilo
1852,1859,11,4,2024-04-29 09:00:00,25000.00,atendida,nequi,Esteban Suárez Martínez,Corte clasico,Mateo Barber
1853,1833,14,31,2024-09-13 10:00:00,15000.00,atendida,daviplata,Raúl Rojas Ospina,Corte + tinte,Cristian Fade
1854,1055,8,24,2024-04-05 10:00:00,16000.00,cancelada,nequi,Carlos Delgado Gutiérrez,Corte + lavado,El Negro Barber
1855,674,18,13,2024-08-29 08:00:00,22000.00,atendida,efectivo,Melissa Muñoz Parra,Afeitado clasico navaja,Camilo Pro
1856,1266,4,17,2024-09-25 10:00:00,18000.00,atendida,daviplata,Adriana Ramírez Guerrero,Corte + lavado,Kevin El Maestro
1857,148,1,6,2024-05-23 17:00:00,12000.00,atendida,tarjeta,Cristian Ospina Díaz,Corte de cabello Basico,Chelo Cuts
1858,1066,15,19,2023-04-09 14:00:00,14000.00,cancelada,daviplata,Mauricio Rojas Henao,Tinte completo,Fercho Barber
1859,1038,14,31,2023-03-29 16:00:00,15000.00,atendida,daviplata,Kevin Guerrero Parra,Corte + tinte,Cristian Fade
1860,1282,25,15,2024-07-05 09:00:00,80000.00,cancelada,nequi,Wilmar Gómez Cruz,Corte + hidratacion,Jhon Navajas
1861,1076,11,15,2023-11-04 11:00:00,25000.00,atendida,efectivo,Fabian Ospina Muñoz,Corte clasico,Jhon Navajas
1862,718,18,30,2024-05-01 17:00:00,22000.00,atendida,tarjeta,Brayan Medina Vega,Afeitado clasico navaja,Pipe Navajas
1863,691,28,29,2024-05-04 11:00:00,55000.00,atendida,transferencia,Ana Romero Medina,Pack novio completo,El Calvo Cuts
1864,246,2,6,2023-03-15 08:00:00,15000.00,atendida,transferencia,Diana Parra Arias,Corte de cabello Basico + barba,Chelo Cuts
1865,1894,7,3,2024-04-02 09:00:00,13000.00,cancelada,tarjeta,Valentina Flores Jiménez,Arreglo de barba,Juancho El Indio
1866,1900,13,25,2024-01-28 09:00:00,18000.00,atendida,nequi,Lucia Moreno Gómez,Corte infantil,Lucho Precision
1867,550,18,21,2023-10-10 09:00:00,22000.00,cancelada,nequi,Sofia Correa Montoya,Afeitado clasico navaja,Wilmar Style
1868,484,3,31,2023-08-17 12:00:00,8000.00,atendida,daviplata,Sergio Pérez Reyes,Arreglo de barba,Cristian Fade
1869,1640,29,30,2024-01-04 18:00:00,50000.00,cancelada,efectivo,Monica Herrera Peña,Coloracion fantasia,Pipe Navajas
1870,1317,19,20,2023-07-16 09:00:00,60000.00,atendida,daviplata,Yesid Rodríguez Espinoza,Cejas + barba,El Paisa Cuts
1871,1361,19,22,2023-12-23 14:00:00,60000.00,cancelada,daviplata,Laura Muñoz González,Cejas + barba,Diego Fadero
1872,426,6,11,2024-08-03 12:00:00,14000.00,cancelada,daviplata,Deisy Espinoza Pérez,Corte de cabello Basico + barba,El Mono Barber
1873,1943,18,10,2023-06-02 14:00:00,22000.00,cancelada,daviplata,Carlos Ríos Ortiz,Afeitado clasico navaja,Yeferson King
1874,221,24,28,2023-01-06 12:00:00,50000.00,cancelada,efectivo,Oscar Sánchez Romero,Corte + barba + cejas,Yeison Barber
1875,1942,13,30,2023-02-19 08:00:00,18000.00,atendida,efectivo,Nathaly Ramos García,Corte infantil,Pipe Navajas
1876,343,15,18,2024-06-23 10:00:00,14000.00,atendida,tarjeta,Sebastián Ruiz Espinoza,Tinte completo,Nico Estilo
1877,1231,19,18,2024-01-06 11:00:00,60000.00,atendida,nequi,Daniela Gómez Zapata,Cejas + barba,Nico Estilo
1878,971,9,24,2023-09-15 12:00:00,10000.00,atendida,daviplata,Ferney Ramos Díaz,Corte degradado,El Negro Barber
1879,940,11,11,2023-09-07 12:00:00,25000.00,atendida,efectivo,Carlos Zapata Rivera,Corte clasico,El Mono Barber
1880,149,4,10,2024-06-27 14:00:00,18000.00,atendida,transferencia,Mariana Vega Gómez,Corte + lavado,Yeferson King
1881,1833,12,25,2024-03-26 09:00:00,12000.00,cancelada,nequi,Raúl Rojas Ospina,Corte moderno,Lucho Precision
1882,1496,20,11,2024-10-31 09:00:00,22000.00,cancelada,daviplata,Claudia Martínez Rivera,Depilacion de cejas,El Mono Barber
1883,835,30,26,2023-08-31 18:00:00,40000.00,cancelada,efectivo,Isabella Espinoza Sánchez,Corte + lavado + barba,Andres El Pro
1884,62,19,16,2023-01-09 17:00:00,60000.00,atendida,nequi,Angie Rivera Vargas,Cejas + barba,Sebastián Blade
1885,46,18,29,2024-06-01 15:00:00,22000.00,atendida,transferencia,Lucia Rodríguez Silva,Afeitado clasico navaja,El Calvo Cuts
1886,236,3,31,2024-04-16 10:00:00,8000.00,atendida,transferencia,Fernando González Ocampo,Arreglo de barba,Cristian Fade
1887,1115,18,9,2023-10-14 09:00:00,22000.00,atendida,tarjeta,Monica Cruz Ortiz,Afeitado clasico navaja,Brayan Scissors
1888,490,20,9,2024-10-02 16:00:00,22000.00,atendida,nequi,Johana Pérez Salazar,Depilacion de cejas,Brayan Scissors
1889,1392,1,2,2024-09-14 18:00:00,12000.00,atendida,transferencia,Fabian Delgado Ortiz,Corte de cabello Basico,Maicol Style
1890,1001,17,15,2023-06-28 08:00:00,20000.00,atendida,nequi,Jorge Ospina Díaz,Barba + hidratacion,Jhon Navajas
1891,1213,12,4,2024-10-05 14:00:00,12000.00,atendida,nequi,Patricia Díaz Torres,Corte moderno,Mateo Barber
1892,1400,8,11,2024-01-13 10:00:00,16000.00,atendida,tarjeta,Diana Muñoz Cárdenas,Corte + lavado,El Mono Barber
1893,1208,15,25,2024-04-20 17:00:00,14000.00,cancelada,tarjeta,Sebastián Parra Guerrero,Tinte completo,Lucho Precision
1894,680,30,18,2024-08-28 15:00:00,40000.00,atendida,daviplata,Esteban Gómez Martínez,Corte + lavado + barba,Nico Estilo
1895,1162,7,14,2024-11-11 15:00:00,13000.00,atendida,transferencia,Jhon Espinoza Rojas,Arreglo de barba,El Tigre Cuts
1896,641,29,28,2023-05-12 15:00:00,50000.00,atendida,efectivo,Miguel Cárdenas García,Coloracion fantasia,Yeison Barber
1897,1229,1,4,2023-02-14 12:00:00,12000.00,cancelada,tarjeta,Andrea Romero Ramírez,Corte de cabello Basico,Mateo Barber
1898,627,8,8,2024-02-04 10:00:00,16000.00,atendida,transferencia,Carlos Rivera Morales,Corte + lavado,Tato Fade
1899,1966,25,30,2024-07-14 11:00:00,80000.00,atendida,tarjeta,Fernando Ocampo Ocampo,Corte + hidratacion,Pipe Navajas
1900,547,22,5,2023-09-03 11:00:00,15000.00,atendida,nequi,Diego Guerrero Reyes,Hidratacion capilar,El Vikingo
1901,260,28,17,2023-10-20 15:00:00,55000.00,atendida,efectivo,Marcela Martínez Zapata,Pack novio completo,Kevin El Maestro
1902,777,30,10,2023-09-10 18:00:00,40000.00,cancelada,daviplata,Rodrigo Rodríguez Reyes,Corte + lavado + barba,Yeferson King
1903,1524,26,4,2023-05-12 09:00:00,50000.00,atendida,daviplata,Dayana Montoya Guerrero,Masaje capilar,Mateo Barber
1904,1060,24,29,2023-12-02 12:00:00,50000.00,atendida,tarjeta,Felipe Martínez López,Corte + barba + cejas,El Calvo Cuts
1905,1430,29,30,2023-07-15 08:00:00,50000.00,cancelada,transferencia,Mariana Ruiz Delgado,Coloracion fantasia,Pipe Navajas
1906,1892,29,17,2023-11-08 09:00:00,50000.00,atendida,nequi,Natalia Martínez Reyes,Coloracion fantasia,Kevin El Maestro
1907,67,25,31,2024-01-16 18:00:00,80000.00,atendida,nequi,Johana Espinoza Jiménez,Corte + hidratacion,Cristian Fade
1908,292,10,2,2024-12-23 14:00:00,35000.00,atendida,tarjeta,Mariana Arias Herrera,Corte navaja,Maicol Style
1909,791,17,3,2024-12-23 10:00:00,20000.00,cancelada,daviplata,Fabian Guerrero Medina,Barba + hidratacion,Juancho El Indio
1910,1838,13,12,2023-11-08 14:00:00,18000.00,atendida,daviplata,Oscar Henao García,Corte infantil,Duvan Fresh
1911,1872,16,2,2024-05-18 09:00:00,8000.00,atendida,tarjeta,Miguel Rojas Rojas,Barba completa,Maicol Style
1912,354,30,26,2023-11-06 17:00:00,40000.00,atendida,tarjeta,Diana Zapata Gómez,Corte + lavado + barba,Andres El Pro
1913,1851,1,5,2024-08-17 12:00:00,12000.00,cancelada,efectivo,Duvan Rodríguez Reyes,Corte de cabello Basico,El Vikingo
1914,275,20,13,2023-01-25 17:00:00,22000.00,atendida,efectivo,Ana Torres Henao,Depilacion de cejas,Camilo Pro
1915,985,28,4,2024-01-19 09:00:00,55000.00,atendida,daviplata,Fabian Ruiz Parra,Pack novio completo,Mateo Barber
1916,1658,16,14,2023-12-11 08:00:00,8000.00,cancelada,tarjeta,Mariana García Zapata,Barba completa,El Tigre Cuts
1917,1713,10,9,2024-12-25 18:00:00,35000.00,cancelada,efectivo,Jhon Peña Ríos,Corte navaja,Brayan Scissors
1918,1589,25,20,2024-03-30 08:00:00,80000.00,atendida,nequi,Juan Ramos Morales,Corte + hidratacion,El Paisa Cuts
1919,164,23,12,2024-01-28 11:00:00,30000.00,cancelada,daviplata,Diego Guerrero Pérez,Keratina,Duvan Fresh
1920,247,5,17,2023-05-03 17:00:00,15000.00,atendida,transferencia,Mateo Guerrero Londoño,Corte de cabello Basico,Kevin El Maestro
1921,1701,29,22,2023-03-29 16:00:00,50000.00,atendida,nequi,Yesid Reyes Sánchez,Coloracion fantasia,Diego Fadero
1922,298,8,21,2024-01-28 09:00:00,16000.00,cancelada,tarjeta,Mauricio Martínez Espinoza,Corte + lavado,Wilmar Style
1923,191,17,17,2023-01-16 12:00:00,20000.00,atendida,efectivo,Monica Zapata Gutiérrez,Barba + hidratacion,Kevin El Maestro
1924,1050,27,5,2024-02-20 08:00:00,22000.00,atendida,transferencia,Leidy Silva Medina,Tratamiento anticaida,El Vikingo
1925,1634,15,21,2024-10-02 14:00:00,14000.00,atendida,tarjeta,Catalina Flores Zapata,Tinte completo,Wilmar Style
1926,537,24,11,2023-06-15 16:00:00,50000.00,atendida,daviplata,Jhon Cruz López,Corte + barba + cejas,El Mono Barber
1927,1060,18,5,2023-03-21 10:00:00,22000.00,atendida,tarjeta,Felipe Martínez López,Afeitado clasico navaja,El Vikingo
1928,1095,1,2,2024-11-13 10:00:00,12000.00,atendida,tarjeta,Lizeth Reyes Rodríguez,Corte de cabello Basico,Maicol Style
1929,795,16,7,2023-05-08 17:00:00,8000.00,cancelada,tarjeta,Kevin Díaz Díaz,Barba completa,Pipe El Crack
1930,1390,16,16,2023-10-19 12:00:00,8000.00,atendida,tarjeta,Daniela Cárdenas García,Barba completa,Sebastián Blade
1931,1705,16,12,2023-10-13 12:00:00,8000.00,atendida,nequi,Mauricio Flores García,Barba completa,Duvan Fresh
1932,1482,5,30,2023-12-18 11:00:00,15000.00,atendida,nequi,Duvan Muñoz Ortiz,Corte de cabello Basico,Pipe Navajas
1933,1004,24,24,2023-07-28 17:00:00,50000.00,atendida,daviplata,Wilmar Ramos Rivera,Corte + barba + cejas,El Negro Barber
1934,643,30,5,2024-12-24 08:00:00,40000.00,cancelada,transferencia,Gabriela García Rivera,Corte + lavado + barba,El Vikingo
1935,339,18,31,2024-05-23 16:00:00,22000.00,cancelada,tarjeta,Nicolás Henao Arias,Afeitado clasico navaja,Cristian Fade
1936,1575,27,27,2023-06-24 08:00:00,22000.00,atendida,tarjeta,Carolina García Jiménez,Tratamiento anticaida,Tomas Clipper
1937,165,15,26,2024-07-23 08:00:00,14000.00,atendida,tarjeta,David Londoño Cárdenas,Tinte completo,Andres El Pro
1938,199,24,4,2023-10-02 17:00:00,50000.00,atendida,daviplata,Lizeth Ortiz Muñoz,Corte + barba + cejas,Mateo Barber
1939,1444,29,25,2023-10-05 17:00:00,50000.00,atendida,transferencia,Gabriela Castro Moreno,Coloracion fantasia,Lucho Precision
1940,168,21,10,2023-02-09 14:00:00,25000.00,atendida,transferencia,Miguel Suárez Ospina,Limpieza facial,Yeferson King
1941,686,14,5,2023-06-04 08:00:00,15000.00,atendida,daviplata,Hernán Rodríguez Espinoza,Corte + tinte,El Vikingo
1942,1672,18,2,2024-06-11 14:00:00,22000.00,atendida,nequi,Carlos Correa García,Afeitado clasico navaja,Maicol Style
1943,1222,12,18,2023-05-16 10:00:00,12000.00,atendida,tarjeta,Santiago Henao Muñoz,Corte moderno,Nico Estilo
1944,284,23,28,2023-10-24 12:00:00,30000.00,atendida,transferencia,Paola Martínez Moreno,Keratina,Yeison Barber
1945,1408,28,10,2023-04-17 18:00:00,55000.00,atendida,transferencia,Jhon Gómez Ramos,Pack novio completo,Yeferson King
1946,1980,21,26,2023-08-29 09:00:00,25000.00,atendida,daviplata,Wilmar López Ortiz,Limpieza facial,Andres El Pro
1947,245,8,4,2024-08-25 11:00:00,16000.00,atendida,efectivo,Nathaly Sánchez Flores,Corte + lavado,Mateo Barber
1948,521,19,20,2024-10-10 09:00:00,60000.00,atendida,transferencia,Yesid Ramos Ramírez,Cejas + barba,El Paisa Cuts
1949,240,20,30,2024-01-16 16:00:00,22000.00,atendida,nequi,Cristian Moreno Cruz,Depilacion de cejas,Pipe Navajas
1950,1165,10,18,2024-09-11 14:00:00,35000.00,cancelada,nequi,Deisy Ramos Suárez,Corte navaja,Nico Estilo
1951,1551,23,25,2023-01-19 16:00:00,30000.00,cancelada,daviplata,Raúl Torres Ospina,Keratina,Lucho Precision
1952,1411,11,22,2023-01-06 15:00:00,25000.00,atendida,efectivo,Patricia Gutiérrez Ríos,Corte clasico,Diego Fadero
1953,728,17,8,2024-11-10 16:00:00,20000.00,atendida,efectivo,Adriana Martínez Rivera,Barba + hidratacion,Tato Fade
1954,684,24,29,2024-07-16 12:00:00,50000.00,atendida,nequi,Steven Peña Parra,Corte + barba + cejas,El Calvo Cuts
1955,1291,22,8,2024-07-21 08:00:00,15000.00,atendida,tarjeta,Natalia Mendoza Herrera,Hidratacion capilar,Tato Fade
1956,375,27,8,2024-05-19 10:00:00,22000.00,atendida,tarjeta,Camila Ortiz Vargas,Tratamiento anticaida,Tato Fade
1957,1664,9,28,2023-04-09 08:00:00,10000.00,atendida,daviplata,Nathaly Ramos Rojas,Corte degradado,Yeison Barber
1958,434,15,8,2024-03-06 10:00:00,14000.00,atendida,tarjeta,Lizeth Montoya Ocampo,Tinte completo,Tato Fade
1959,244,3,12,2024-10-16 18:00:00,8000.00,atendida,nequi,Alejandro Medina Martínez,Arreglo de barba,Duvan Fresh
1960,1969,27,17,2024-08-14 12:00:00,22000.00,cancelada,nequi,Jorge Flores Morales,Tratamiento anticaida,Kevin El Maestro
1961,771,30,5,2024-11-03 10:00:00,40000.00,atendida,efectivo,Patricia Mendoza Peña,Corte + lavado + barba,El Vikingo
1962,1831,17,8,2023-09-01 15:00:00,20000.00,cancelada,efectivo,Fabian Cárdenas Ospina,Barba + hidratacion,Tato Fade
1963,1364,25,13,2024-04-14 16:00:00,80000.00,cancelada,efectivo,Marcela Ortiz Medina,Corte + hidratacion,Camilo Pro
1964,546,17,10,2023-03-31 17:00:00,20000.00,atendida,nequi,Sofia García Parra,Barba + hidratacion,Yeferson King
1965,775,29,6,2023-02-22 09:00:00,50000.00,atendida,nequi,Maria Mendoza Ramírez,Coloracion fantasia,Chelo Cuts
1966,51,29,25,2023-07-26 14:00:00,50000.00,cancelada,nequi,Yulieth Delgado Arias,Coloracion fantasia,Lucho Precision
1967,1706,19,5,2024-04-02 16:00:00,60000.00,atendida,daviplata,Dayana Mendoza Ocampo,Cejas + barba,El Vikingo
1968,499,14,8,2023-05-13 17:00:00,15000.00,cancelada,tarjeta,Hernán Gómez Cárdenas,Corte + tinte,Tato Fade
1969,205,21,24,2023-06-07 18:00:00,25000.00,atendida,daviplata,Fabian Pérez Jiménez,Limpieza facial,El Negro Barber
1970,1772,20,8,2024-02-26 14:00:00,22000.00,atendida,efectivo,Ricardo Silva Henao,Depilacion de cejas,Tato Fade
1971,347,12,4,2024-11-07 10:00:00,12000.00,atendida,tarjeta,Paola Torres Reyes,Corte moderno,Mateo Barber
1972,1837,1,9,2023-08-11 08:00:00,12000.00,atendida,tarjeta,Catalina López Ramírez,Corte de cabello Basico,Brayan Scissors
1973,852,11,22,2024-06-24 08:00:00,25000.00,atendida,daviplata,Ana Medina Delgado,Corte clasico,Diego Fadero
1974,562,19,26,2023-07-30 08:00:00,60000.00,cancelada,daviplata,Andrea Parra Pérez,Cejas + barba,Andres El Pro
1975,2010,5,20,2024-04-11 17:00:00,15000.00,atendida,efectivo,Ana Moreno Vega,Corte de cabello Basico,El Paisa Cuts
1976,2023,1,22,2023-12-18 16:00:00,12000.00,atendida,efectivo,Natalia Medina Rodríguez,Corte de cabello Basico,Diego Fadero
1977,1211,22,10,2023-03-29 09:00:00,15000.00,cancelada,efectivo,Laura Reyes Peña,Hidratacion capilar,Yeferson King
1978,1074,7,23,2023-08-31 17:00:00,13000.00,atendida,transferencia,Santiago Arias Guerrero,Arreglo de barba,Santi Premium
1979,898,16,5,2023-12-05 14:00:00,8000.00,atendida,tarjeta,Oscar Correa Ramos,Barba completa,El Vikingo
1980,584,18,30,2023-08-02 18:00:00,22000.00,cancelada,tarjeta,Diego Salazar Ramos,Afeitado clasico navaja,Pipe Navajas
1981,1450,9,12,2023-05-19 11:00:00,10000.00,atendida,transferencia,Deisy Ortiz Arias,Corte degradado,Duvan Fresh
1982,1854,3,10,2023-11-19 15:00:00,8000.00,atendida,tarjeta,Marcela Martínez Silva,Arreglo de barba,Yeferson King
1983,1678,8,22,2024-01-17 17:00:00,16000.00,atendida,transferencia,Brayan Silva Díaz,Corte + lavado,Diego Fadero
1984,246,9,4,2023-06-06 15:00:00,10000.00,cancelada,transferencia,Diana Parra Arias,Corte degradado,Mateo Barber
1985,244,26,2,2023-02-07 09:00:00,50000.00,atendida,nequi,Alejandro Medina Martínez,Masaje capilar,Maicol Style
1986,955,13,17,2024-12-30 18:00:00,18000.00,cancelada,transferencia,Deisy Reyes Ortiz,Corte infantil,Kevin El Maestro
1987,363,19,5,2023-04-14 18:00:00,60000.00,atendida,transferencia,Jhon Londoño Delgado,Cejas + barba,El Vikingo
1988,1134,10,4,2024-05-26 12:00:00,35000.00,atendida,daviplata,Camila Vega Pérez,Corte navaja,Mateo Barber
1989,746,27,16,2024-09-12 17:00:00,22000.00,cancelada,nequi,Laura Silva Medina,Tratamiento anticaida,Sebastián Blade
1990,1427,15,20,2023-09-04 16:00:00,14000.00,atendida,transferencia,Sergio Montoya Ramos,Tinte completo,El Paisa Cuts
1991,287,19,24,2024-02-13 08:00:00,60000.00,atendida,transferencia,Maria Morales Herrera,Cejas + barba,El Negro Barber
1992,956,1,28,2023-04-23 12:00:00,12000.00,cancelada,tarjeta,Wilmar Rivera Torres,Corte de cabello Basico,Yeison Barber
1993,856,12,23,2023-01-31 12:00:00,12000.00,atendida,tarjeta,Felipe Moreno Romero,Corte moderno,Santi Premium
1994,971,12,27,2024-07-20 18:00:00,12000.00,atendida,nequi,Ferney Ramos Díaz,Corte moderno,Tomas Clipper
1995,1524,6,27,2024-09-11 14:00:00,14000.00,atendida,nequi,Dayana Montoya Guerrero,Corte de cabello Basico + barba,Tomas Clipper
1996,1011,20,25,2024-03-31 15:00:00,22000.00,atendida,daviplata,Jhon Muñoz Arias,Depilacion de cejas,Lucho Precision
1997,1534,7,20,2024-07-12 14:00:00,13000.00,atendida,transferencia,Fernando Romero Torres,Arreglo de barba,El Paisa Cuts
1998,1424,23,6,2023-09-05 14:00:00,30000.00,atendida,efectivo,Wilmar Salazar González,Keratina,Chelo Cuts
1999,336,30,17,2023-04-23 10:00:00,40000.00,atendida,transferencia,Nathaly Medina Vega,Corte + lavado + barba,Kevin El Maestro
2000,999,6,17,2024-03-12 16:00:00,14000.00,atendida,transferencia,Cristian Ocampo Reyes,Corte de cabello Basico + barba,Kevin El Maestro
2001,990,24,31,2023-06-11 08:00:00,50000.00,atendida,efectivo,Diana Parra Bedoya,Corte + barba + cejas,Cristian Fade
2002,159,28,21,2024-03-13 15:00:00,55000.00,atendida,nequi,Yeison Guerrero Ruiz,Pack novio completo,Wilmar Style
2003,1856,7,22,2024-04-03 18:00:00,13000.00,atendida,tarjeta,Johana Arias Bedoya,Arreglo de barba,Diego Fadero
2004,101,26,22,2023-05-04 10:00:00,50000.00,cancelada,transferencia,Ana Moreno Cárdenas,Masaje capilar,Diego Fadero
2005,1814,27,24,2024-05-17 17:00:00,22000.00,cancelada,tarjeta,Fernando Ramos Salazar,Tratamiento anticaida,El Negro Barber
2006,755,28,6,2024-02-15 11:00:00,55000.00,atendida,daviplata,Ricardo Muñoz Rivera,Pack novio completo,Chelo Cuts
2007,71,21,18,2024-11-03 15:00:00,25000.00,atendida,efectivo,Sergio Suárez Pérez,Limpieza facial,Nico Estilo
2008,1838,27,13,2024-12-22 12:00:00,22000.00,cancelada,nequi,Oscar Henao García,Tratamiento anticaida,Camilo Pro
2009,1442,21,14,2024-02-11 12:00:00,25000.00,atendida,nequi,Paula Herrera Romero,Limpieza facial,El Tigre Cuts
2010,1775,24,15,2024-12-26 18:00:00,50000.00,cancelada,transferencia,Paola García Cruz,Corte + barba + cejas,Jhon Navajas
2011,248,19,3,2023-10-14 12:00:00,60000.00,atendida,tarjeta,Johana Ruiz Ramos,Cejas + barba,Juancho El Indio
2012,995,4,19,2024-06-11 18:00:00,18000.00,atendida,efectivo,Mariana Silva Silva,Corte + lavado,Fercho Barber
2013,2006,24,7,2023-12-01 12:00:00,50000.00,atendida,daviplata,Fernando Cárdenas Espinoza,Corte + barba + cejas,Pipe El Crack
2014,1672,10,29,2024-03-07 12:00:00,35000.00,cancelada,tarjeta,Carlos Correa García,Corte navaja,El Calvo Cuts
2015,533,11,9,2024-05-05 18:00:00,25000.00,atendida,daviplata,Brayan Gómez Romero,Corte clasico,Brayan Scissors
2016,1493,25,10,2024-05-28 11:00:00,80000.00,atendida,transferencia,Julián Moreno Gutiérrez,Corte + hidratacion,Yeferson King
2017,254,2,28,2024-10-01 11:00:00,15000.00,cancelada,transferencia,Gabriela Espinoza Torres,Corte de cabello Basico + barba,Yeison Barber
2018,571,1,25,2023-05-04 11:00:00,12000.00,cancelada,nequi,Esteban Díaz Rivera,Corte de cabello Basico,Lucho Precision
2019,769,21,11,2024-05-16 16:00:00,25000.00,cancelada,daviplata,Esteban González Sánchez,Limpieza facial,El Mono Barber
2020,334,9,30,2023-04-23 12:00:00,10000.00,cancelada,nequi,Lizeth Parra Rivera,Corte degradado,Pipe Navajas
2021,959,30,12,2023-07-27 08:00:00,40000.00,atendida,transferencia,Wilmar Flores Reyes,Corte + lavado + barba,Duvan Fresh
2022,1097,19,15,2024-02-27 10:00:00,60000.00,atendida,nequi,Cristian Peña Rivera,Cejas + barba,Jhon Navajas
2023,669,5,15,2023-09-13 15:00:00,15000.00,atendida,tarjeta,Sara Martínez Zapata,Corte de cabello Basico,Jhon Navajas
2024,1688,8,27,2024-10-07 16:00:00,16000.00,atendida,transferencia,Nicolás González Herrera,Corte + lavado,Tomas Clipper
2025,1333,22,26,2023-08-30 08:00:00,15000.00,atendida,tarjeta,Mateo Ocampo Rivera,Hidratacion capilar,Andres El Pro
2026,1502,25,25,2023-04-19 15:00:00,80000.00,atendida,efectivo,Mariana Rivera Ríos,Corte + hidratacion,Lucho Precision
2027,267,26,24,2023-11-15 14:00:00,50000.00,atendida,tarjeta,Lizeth Ramírez Torres,Masaje capilar,El Negro Barber
2028,491,9,15,2024-06-24 14:00:00,10000.00,cancelada,transferencia,Paula Silva Medina,Corte degradado,Jhon Navajas
2029,1818,11,22,2024-04-27 14:00:00,25000.00,cancelada,daviplata,Sebastián Ramírez Rivera,Corte clasico,Diego Fadero
2030,356,28,7,2024-09-05 14:00:00,55000.00,atendida,nequi,Andrés Henao Díaz,Pack novio completo,Pipe El Crack
2031,933,28,11,2023-12-19 17:00:00,55000.00,atendida,daviplata,Ricardo Medina Guerrero,Pack novio completo,El Mono Barber
2032,1223,23,28,2024-03-27 12:00:00,30000.00,atendida,nequi,Valentina Reyes Henao,Keratina,Yeison Barber
2033,1503,18,21,2024-11-08 14:00:00,22000.00,cancelada,transferencia,Carolina Ortiz Cruz,Afeitado clasico navaja,Wilmar Style
2034,785,2,9,2024-11-20 08:00:00,15000.00,atendida,nequi,Johana Rivera Silva,Corte de cabello Basico + barba,Brayan Scissors
2035,251,30,5,2023-12-27 10:00:00,40000.00,atendida,nequi,Ricardo Henao Flores,Corte + lavado + barba,El Vikingo
2036,481,23,31,2024-06-04 16:00:00,30000.00,atendida,transferencia,Hernán Herrera Sánchez,Keratina,Cristian Fade
2037,263,26,11,2024-12-31 16:00:00,50000.00,cancelada,efectivo,Sara Parra Rojas,Masaje capilar,El Mono Barber
2038,1589,17,27,2023-03-07 11:00:00,20000.00,atendida,transferencia,Juan Ramos Morales,Barba + hidratacion,Tomas Clipper
2039,425,7,4,2023-07-29 17:00:00,13000.00,atendida,daviplata,Patricia Morales Gómez,Arreglo de barba,Mateo Barber
2040,1625,28,20,2024-12-02 10:00:00,55000.00,cancelada,transferencia,Diego Ospina Herrera,Pack novio completo,El Paisa Cuts
2041,1664,12,13,2024-11-07 18:00:00,12000.00,atendida,tarjeta,Nathaly Ramos Rojas,Corte moderno,Camilo Pro
2042,1923,16,14,2024-12-28 10:00:00,8000.00,cancelada,tarjeta,Natalia Herrera Silva,Barba completa,El Tigre Cuts
2043,1541,3,17,2024-01-03 14:00:00,8000.00,atendida,transferencia,Duvan González Muñoz,Arreglo de barba,Kevin El Maestro
2044,850,8,25,2024-10-30 16:00:00,16000.00,atendida,transferencia,Patricia Ocampo Bedoya,Corte + lavado,Lucho Precision
2045,873,28,11,2023-02-18 12:00:00,55000.00,atendida,nequi,Lizeth Gómez Morales,Pack novio completo,El Mono Barber
2046,235,23,23,2024-07-13 11:00:00,30000.00,atendida,tarjeta,Dayana Cárdenas Martínez,Keratina,Santi Premium
2047,964,18,18,2024-10-25 15:00:00,22000.00,atendida,nequi,Andrés Cárdenas Peña,Afeitado clasico navaja,Nico Estilo
2048,1379,9,18,2023-03-23 11:00:00,10000.00,atendida,daviplata,Hernán Mendoza Peña,Corte degradado,Nico Estilo
2049,819,5,12,2024-02-25 09:00:00,15000.00,atendida,daviplata,Sara Delgado Castro,Corte de cabello Basico,Duvan Fresh
2050,215,16,28,2024-08-31 12:00:00,8000.00,atendida,tarjeta,Luis Herrera Delgado,Barba completa,Yeison Barber
2051,1651,5,7,2024-02-04 10:00:00,15000.00,atendida,tarjeta,Sara Bedoya Gutiérrez,Corte de cabello Basico,Pipe El Crack
2052,2003,27,13,2024-03-30 18:00:00,22000.00,atendida,tarjeta,Rodrigo Peña Cárdenas,Tratamiento anticaida,Camilo Pro
2053,1505,11,9,2024-06-03 18:00:00,25000.00,atendida,nequi,Andrés Ocampo Ríos,Corte clasico,Brayan Scissors
2054,1291,22,3,2023-06-02 15:00:00,15000.00,cancelada,efectivo,Natalia Mendoza Herrera,Hidratacion capilar,Juancho El Indio
2055,470,18,6,2024-01-06 10:00:00,22000.00,atendida,transferencia,Luis Ortiz Pérez,Afeitado clasico navaja,Chelo Cuts
2056,1724,24,18,2023-10-15 17:00:00,50000.00,atendida,efectivo,Melissa Guerrero Martínez,Corte + barba + cejas,Nico Estilo
2057,1514,13,25,2023-07-30 14:00:00,18000.00,atendida,efectivo,Mauricio Rodríguez Medina,Corte infantil,Lucho Precision
2058,839,21,5,2023-01-11 16:00:00,25000.00,atendida,efectivo,Rodrigo Castro Ortiz,Limpieza facial,El Vikingo
2059,1846,23,4,2023-02-07 12:00:00,30000.00,atendida,nequi,Xiomara Mendoza Reyes,Keratina,Mateo Barber
2060,243,14,20,2024-10-16 15:00:00,15000.00,atendida,nequi,Carlos Reyes Ramírez,Corte + tinte,El Paisa Cuts
2061,1185,17,26,2024-03-29 08:00:00,20000.00,cancelada,tarjeta,Daniela Cárdenas Suárez,Barba + hidratacion,Andres El Pro
2062,1109,22,5,2024-02-27 10:00:00,15000.00,cancelada,tarjeta,Camila Bedoya Parra,Hidratacion capilar,El Vikingo
2063,1593,26,31,2023-02-16 16:00:00,50000.00,atendida,nequi,Alejandro Guerrero Ospina,Masaje capilar,Cristian Fade
2064,453,3,30,2023-04-16 08:00:00,8000.00,cancelada,transferencia,Kevin Flores Jiménez,Arreglo de barba,Pipe Navajas
2065,1138,18,31,2023-08-31 12:00:00,22000.00,atendida,efectivo,Jhon Espinoza Ruiz,Afeitado clasico navaja,Cristian Fade
2066,636,19,23,2024-08-22 15:00:00,60000.00,cancelada,transferencia,Alejandro Romero Gómez,Cejas + barba,Santi Premium
2067,382,18,20,2023-03-04 17:00:00,22000.00,cancelada,daviplata,Adriana Pérez García,Afeitado clasico navaja,El Paisa Cuts
2068,692,27,12,2023-01-24 16:00:00,22000.00,atendida,daviplata,Mateo Bedoya Muñoz,Tratamiento anticaida,Duvan Fresh
2069,1604,28,21,2024-04-12 11:00:00,55000.00,cancelada,nequi,Jhon Rojas Vega,Pack novio completo,Wilmar Style
2070,1716,1,23,2023-11-09 17:00:00,12000.00,cancelada,tarjeta,Paula Cruz Moreno,Corte de cabello Basico,Santi Premium
2071,1292,19,2,2024-03-08 10:00:00,60000.00,atendida,tarjeta,Angie Guerrero Gómez,Cejas + barba,Maicol Style
2072,1797,21,9,2024-09-14 08:00:00,25000.00,cancelada,nequi,Leidy Torres Ramos,Limpieza facial,Brayan Scissors
2073,1105,14,22,2024-02-26 18:00:00,15000.00,atendida,daviplata,Fabian Cruz Herrera,Corte + tinte,Diego Fadero
2074,1877,3,4,2024-09-20 08:00:00,8000.00,atendida,daviplata,Juan Ríos Suárez,Arreglo de barba,Mateo Barber
2075,460,29,29,2023-01-09 15:00:00,50000.00,atendida,efectivo,Santiago García Rodríguez,Coloracion fantasia,El Calvo Cuts
2076,525,9,31,2024-12-24 17:00:00,10000.00,atendida,efectivo,Andrés Correa Mendoza,Corte degradado,Cristian Fade
2077,96,15,29,2023-09-29 17:00:00,14000.00,cancelada,transferencia,Angie García Delgado,Tinte completo,El Calvo Cuts
2078,970,21,28,2024-03-04 08:00:00,25000.00,atendida,efectivo,Paula Medina Ocampo,Limpieza facial,Yeison Barber
2079,325,13,27,2024-12-05 16:00:00,18000.00,atendida,efectivo,Duvan Rodríguez Ramírez,Corte infantil,Tomas Clipper
2080,1150,16,7,2024-02-18 18:00:00,8000.00,atendida,efectivo,Raúl Bedoya Rodríguez,Barba completa,Pipe El Crack
2081,872,6,28,2024-11-19 09:00:00,14000.00,cancelada,daviplata,Hernán Gómez Zapata,Corte de cabello Basico + barba,Yeison Barber
2082,155,1,4,2023-03-30 17:00:00,12000.00,atendida,efectivo,Claudia Londoño Rojas,Corte de cabello Basico,Mateo Barber
2083,1806,11,7,2024-04-04 16:00:00,25000.00,atendida,tarjeta,Catalina Castro Díaz,Corte clasico,Pipe El Crack
2084,467,2,12,2024-10-05 17:00:00,15000.00,cancelada,nequi,Lizeth Suárez Jiménez,Corte de cabello Basico + barba,Duvan Fresh
2085,1905,27,12,2024-01-19 14:00:00,22000.00,cancelada,efectivo,Deisy Flores Londoño,Tratamiento anticaida,Duvan Fresh
2086,819,28,21,2023-08-08 15:00:00,55000.00,atendida,efectivo,Sara Delgado Castro,Pack novio completo,Wilmar Style
2087,1963,22,19,2024-02-19 15:00:00,15000.00,atendida,efectivo,Esteban Suárez Ríos,Hidratacion capilar,Fercho Barber
2088,1010,6,16,2023-10-12 15:00:00,14000.00,cancelada,efectivo,Jhon Pérez Ramos,Corte de cabello Basico + barba,Sebastián Blade
2089,830,2,11,2024-09-09 11:00:00,15000.00,atendida,nequi,Maria Montoya Rojas,Corte de cabello Basico + barba,El Mono Barber
2090,527,11,10,2023-06-11 12:00:00,25000.00,atendida,nequi,Rodrigo Mendoza Rivera,Corte clasico,Yeferson King
2091,1958,29,16,2024-06-13 17:00:00,50000.00,atendida,transferencia,Isabella Díaz Ramírez,Coloracion fantasia,Sebastián Blade
2092,69,24,14,2024-02-28 11:00:00,50000.00,atendida,daviplata,Johana Guerrero Zapata,Corte + barba + cejas,El Tigre Cuts
2093,1315,23,23,2023-12-23 11:00:00,30000.00,atendida,tarjeta,Daniela Vega Silva,Keratina,Santi Premium
2094,1453,19,18,2023-01-16 16:00:00,60000.00,atendida,daviplata,Diana Medina Montoya,Cejas + barba,Nico Estilo
2095,277,20,16,2024-07-24 16:00:00,22000.00,atendida,tarjeta,Paola Espinoza Montoya,Depilacion de cejas,Sebastián Blade
2096,1413,22,16,2023-12-25 12:00:00,15000.00,cancelada,efectivo,Alejandro Pérez Correa,Hidratacion capilar,Sebastián Blade
2097,1189,25,23,2023-11-14 16:00:00,80000.00,atendida,daviplata,Laura Ramírez Cruz,Corte + hidratacion,Santi Premium
2098,131,21,7,2024-03-07 16:00:00,25000.00,cancelada,transferencia,Felipe Medina Pérez,Limpieza facial,Pipe El Crack
2099,1347,20,17,2024-02-08 10:00:00,22000.00,atendida,nequi,Yulieth Suárez Sánchez,Depilacion de cejas,Kevin El Maestro
2100,1901,25,10,2024-05-05 10:00:00,80000.00,cancelada,tarjeta,Alejandro Silva Medina,Corte + hidratacion,Yeferson King
2101,1245,21,28,2024-06-21 11:00:00,25000.00,atendida,efectivo,Raúl Suárez Montoya,Limpieza facial,Yeison Barber
2102,789,23,30,2023-04-30 11:00:00,30000.00,atendida,nequi,Claudia García López,Keratina,Pipe Navajas
2103,1077,11,16,2024-07-25 14:00:00,25000.00,atendida,nequi,Sebastián Moreno Zapata,Corte clasico,Sebastián Blade
2104,746,27,13,2024-03-19 09:00:00,22000.00,atendida,efectivo,Laura Silva Medina,Tratamiento anticaida,Camilo Pro
2105,432,9,22,2023-01-09 14:00:00,10000.00,cancelada,efectivo,Yesid García Ramírez,Corte degradado,Diego Fadero
2106,1044,1,8,2024-12-05 17:00:00,12000.00,cancelada,tarjeta,Miguel Vargas Salazar,Corte de cabello Basico,Tato Fade
2107,487,12,19,2024-09-30 18:00:00,12000.00,atendida,tarjeta,Miguel Morales Londoño,Corte moderno,Fercho Barber
2108,624,23,21,2023-07-27 18:00:00,30000.00,atendida,nequi,Andrea Díaz Ocampo,Keratina,Wilmar Style
2109,508,11,19,2023-07-09 17:00:00,25000.00,atendida,transferencia,Andrea Vega Peña,Corte clasico,Fercho Barber
2110,1364,20,26,2024-10-13 18:00:00,22000.00,atendida,transferencia,Marcela Ortiz Medina,Depilacion de cejas,Andres El Pro
2111,384,14,17,2023-01-13 11:00:00,15000.00,cancelada,transferencia,Isabella Ramírez Suárez,Corte + tinte,Kevin El Maestro
2112,1424,13,14,2023-08-14 08:00:00,18000.00,cancelada,nequi,Wilmar Salazar González,Corte infantil,El Tigre Cuts
2113,208,14,30,2024-12-27 12:00:00,15000.00,atendida,nequi,Cristian Cruz Cárdenas,Corte + tinte,Pipe Navajas
2114,130,6,28,2023-08-03 12:00:00,14000.00,atendida,efectivo,Camila Gutiérrez González,Corte de cabello Basico + barba,Yeison Barber
2115,1765,27,6,2024-10-17 16:00:00,22000.00,cancelada,nequi,Paola Ríos López,Tratamiento anticaida,Chelo Cuts
2116,515,21,14,2024-06-17 09:00:00,25000.00,atendida,tarjeta,Rodrigo Gutiérrez Morales,Limpieza facial,El Tigre Cuts
2117,1783,2,22,2024-11-11 18:00:00,15000.00,atendida,efectivo,Juan Londoño Gutiérrez,Corte de cabello Basico + barba,Diego Fadero
2118,1505,2,7,2023-11-23 11:00:00,15000.00,atendida,tarjeta,Andrés Ocampo Ríos,Corte de cabello Basico + barba,Pipe El Crack
2119,1440,8,8,2024-03-10 16:00:00,16000.00,cancelada,daviplata,Diego Zapata Salazar,Corte + lavado,Tato Fade
2120,1467,13,11,2024-11-16 10:00:00,18000.00,atendida,transferencia,Gabriela Cárdenas Guerrero,Corte infantil,El Mono Barber
2121,1795,2,4,2024-07-04 11:00:00,15000.00,atendida,nequi,Fernando Martínez Martínez,Corte de cabello Basico + barba,Mateo Barber
2122,431,14,21,2023-09-29 18:00:00,15000.00,cancelada,transferencia,Mauricio Díaz Peña,Corte + tinte,Wilmar Style
2123,1122,23,3,2023-11-20 17:00:00,30000.00,cancelada,tarjeta,Paula Ospina Henao,Keratina,Juancho El Indio
2124,1484,23,18,2023-05-06 14:00:00,30000.00,cancelada,transferencia,Claudia Vega Cruz,Keratina,Nico Estilo
2125,210,23,11,2023-05-03 14:00:00,30000.00,atendida,tarjeta,Ferney Arias Cruz,Keratina,El Mono Barber
2126,879,7,18,2023-06-23 14:00:00,13000.00,atendida,daviplata,Santiago Vargas Jiménez,Arreglo de barba,Nico Estilo
2127,1208,24,20,2023-12-06 09:00:00,50000.00,atendida,tarjeta,Sebastián Parra Guerrero,Corte + barba + cejas,El Paisa Cuts
2128,1175,30,7,2023-04-06 09:00:00,40000.00,atendida,tarjeta,Mateo López Ocampo,Corte + lavado + barba,Pipe El Crack
2129,200,30,4,2023-04-08 15:00:00,40000.00,atendida,tarjeta,Yeison González Peña,Corte + lavado + barba,Mateo Barber
2130,325,28,18,2023-04-01 10:00:00,55000.00,atendida,tarjeta,Duvan Rodríguez Ramírez,Pack novio completo,Nico Estilo
2131,698,16,10,2023-12-19 18:00:00,8000.00,atendida,efectivo,Fernando Ospina Parra,Barba completa,Yeferson King
2132,1675,4,5,2024-11-03 12:00:00,18000.00,atendida,nequi,Patricia Martínez Pérez,Corte + lavado,El Vikingo
2133,1979,26,12,2023-02-11 18:00:00,50000.00,atendida,daviplata,Yulieth Suárez Martínez,Masaje capilar,Duvan Fresh
2134,387,19,8,2024-08-19 12:00:00,60000.00,atendida,tarjeta,Marcela Delgado Sánchez,Cejas + barba,Tato Fade
2135,1905,28,16,2024-09-07 10:00:00,55000.00,atendida,efectivo,Deisy Flores Londoño,Pack novio completo,Sebastián Blade
2136,591,30,29,2023-08-20 10:00:00,40000.00,atendida,tarjeta,Nicolás Rivera Martínez,Corte + lavado + barba,El Calvo Cuts
2137,135,30,19,2023-03-04 10:00:00,40000.00,atendida,transferencia,Sofia Cruz Peña,Corte + lavado + barba,Fercho Barber
2138,955,2,8,2023-03-17 09:00:00,15000.00,atendida,tarjeta,Deisy Reyes Ortiz,Corte de cabello Basico + barba,Tato Fade
2139,1465,3,9,2024-01-02 16:00:00,8000.00,cancelada,daviplata,Sebastián Cruz Zapata,Arreglo de barba,Brayan Scissors
2140,966,11,7,2023-10-31 14:00:00,25000.00,cancelada,transferencia,Carolina Cruz Correa,Corte clasico,Pipe El Crack
2141,1739,18,20,2024-06-07 10:00:00,22000.00,atendida,daviplata,Lizeth Ramos Moreno,Afeitado clasico navaja,El Paisa Cuts
2142,1111,21,13,2023-05-05 08:00:00,25000.00,atendida,daviplata,Andrés Ortiz Londoño,Limpieza facial,Camilo Pro
2143,1566,19,7,2023-10-09 17:00:00,60000.00,atendida,daviplata,Natalia Morales Rivera,Cejas + barba,Pipe El Crack
2144,1345,18,29,2023-11-20 15:00:00,22000.00,cancelada,daviplata,Paola Jiménez Martínez,Afeitado clasico navaja,El Calvo Cuts
2145,1198,26,12,2023-08-23 10:00:00,50000.00,atendida,nequi,Gabriela Gutiérrez Morales,Masaje capilar,Duvan Fresh
2146,1060,3,24,2023-01-12 17:00:00,8000.00,atendida,tarjeta,Felipe Martínez López,Arreglo de barba,El Negro Barber
2147,1376,1,5,2024-03-08 12:00:00,12000.00,cancelada,daviplata,Raúl Martínez Zapata,Corte de cabello Basico,El Vikingo
2148,650,27,31,2024-12-04 18:00:00,22000.00,atendida,nequi,Jhon Flores Cruz,Tratamiento anticaida,Cristian Fade
2149,623,1,17,2023-08-10 10:00:00,12000.00,atendida,efectivo,Patricia Ruiz González,Corte de cabello Basico,Kevin El Maestro
2150,783,25,6,2023-05-07 15:00:00,80000.00,atendida,nequi,Monica Muñoz Suárez,Corte + hidratacion,Chelo Cuts
2151,691,5,27,2024-01-28 10:00:00,15000.00,atendida,efectivo,Ana Romero Medina,Corte de cabello Basico,Tomas Clipper
2152,727,3,20,2023-07-21 15:00:00,8000.00,cancelada,transferencia,Sergio Cárdenas Montoya,Arreglo de barba,El Paisa Cuts
2153,1337,4,16,2023-09-10 08:00:00,18000.00,atendida,efectivo,Alejandro Romero Ríos,Corte + lavado,Sebastián Blade
2154,1833,19,8,2023-09-01 16:00:00,60000.00,atendida,daviplata,Raúl Rojas Ospina,Cejas + barba,Tato Fade
2155,1270,14,26,2024-10-17 16:00:00,15000.00,atendida,tarjeta,Paula Flores Jiménez,Corte + tinte,Andres El Pro
2156,1121,22,14,2023-10-13 16:00:00,15000.00,atendida,daviplata,Carlos Rivera Ocampo,Hidratacion capilar,El Tigre Cuts
2157,724,13,25,2024-10-03 11:00:00,18000.00,atendida,transferencia,Camila Gutiérrez Martínez,Corte infantil,Lucho Precision
2158,1066,11,10,2024-10-30 12:00:00,25000.00,atendida,transferencia,Mauricio Rojas Henao,Corte clasico,Yeferson King
2159,1639,15,14,2023-04-25 18:00:00,14000.00,atendida,efectivo,Nicolás Montoya Reyes,Tinte completo,El Tigre Cuts
2160,1975,10,3,2024-04-03 17:00:00,35000.00,atendida,daviplata,David Guerrero Guerrero,Corte navaja,Juancho El Indio
2161,1172,27,8,2024-10-29 15:00:00,22000.00,cancelada,transferencia,Brayan Londoño Muñoz,Tratamiento anticaida,Tato Fade
2162,321,20,23,2023-09-02 12:00:00,22000.00,cancelada,nequi,Andrés Rivera Salazar,Depilacion de cejas,Santi Premium
2163,1668,21,2,2023-09-02 08:00:00,25000.00,atendida,tarjeta,Daniela Ocampo Espinoza,Limpieza facial,Maicol Style
2164,845,19,2,2024-06-02 09:00:00,60000.00,cancelada,tarjeta,Wilmar Bedoya Peña,Cejas + barba,Maicol Style
2165,1356,27,8,2023-12-26 08:00:00,22000.00,atendida,nequi,Esteban Londoño Londoño,Tratamiento anticaida,Tato Fade
2166,1754,5,16,2024-03-25 15:00:00,15000.00,atendida,efectivo,Mariana Ocampo García,Corte de cabello Basico,Sebastián Blade
2167,1968,24,22,2024-07-21 12:00:00,50000.00,atendida,daviplata,Wilmar Ruiz Rojas,Corte + barba + cejas,Diego Fadero
2168,104,1,3,2023-02-18 18:00:00,12000.00,cancelada,transferencia,Wilmar Ocampo Ramos,Corte de cabello Basico,Juancho El Indio
2169,1720,18,4,2024-03-27 15:00:00,22000.00,cancelada,daviplata,Camila Gutiérrez Torres,Afeitado clasico navaja,Mateo Barber
2170,581,5,27,2023-02-10 12:00:00,15000.00,atendida,nequi,Melissa Morales Muñoz,Corte de cabello Basico,Tomas Clipper
2171,1796,1,20,2024-07-06 11:00:00,12000.00,cancelada,efectivo,Nicolás Delgado Vega,Corte de cabello Basico,El Paisa Cuts
2172,317,18,5,2023-06-20 12:00:00,22000.00,atendida,tarjeta,Jorge Morales Castro,Afeitado clasico navaja,El Vikingo
2173,1999,1,9,2024-10-07 14:00:00,12000.00,atendida,transferencia,Monica Zapata Rodríguez,Corte de cabello Basico,Brayan Scissors
2174,792,17,4,2024-06-15 10:00:00,20000.00,atendida,tarjeta,Fernando Ramírez Gómez,Barba + hidratacion,Mateo Barber
2175,1317,29,15,2024-03-07 18:00:00,50000.00,atendida,tarjeta,Yesid Rodríguez Espinoza,Coloracion fantasia,Jhon Navajas
2176,797,29,15,2023-02-10 14:00:00,50000.00,cancelada,daviplata,Kevin Bedoya Reyes,Coloracion fantasia,Jhon Navajas
2177,79,7,31,2023-05-07 15:00:00,13000.00,cancelada,tarjeta,Marcela Pérez Jiménez,Arreglo de barba,Cristian Fade
2178,1835,28,13,2023-11-03 08:00:00,55000.00,atendida,transferencia,Patricia Zapata Moreno,Pack novio completo,Camilo Pro
2179,1763,6,9,2024-09-06 12:00:00,14000.00,atendida,transferencia,Leidy Gutiérrez Correa,Corte de cabello Basico + barba,Brayan Scissors
2180,796,14,19,2023-07-01 11:00:00,15000.00,atendida,daviplata,Rodrigo Jiménez Vargas,Corte + tinte,Fercho Barber
2181,1429,30,17,2024-06-13 09:00:00,40000.00,atendida,transferencia,Juan Moreno Cárdenas,Corte + lavado + barba,Kevin El Maestro
2182,1580,26,31,2024-11-09 12:00:00,50000.00,atendida,daviplata,Johana Ocampo Díaz,Masaje capilar,Cristian Fade
2183,1403,2,19,2023-06-04 11:00:00,15000.00,atendida,transferencia,Monica Gómez Bedoya,Corte de cabello Basico + barba,Fercho Barber
2184,1090,7,8,2024-11-02 15:00:00,13000.00,cancelada,transferencia,Paula Reyes Ospina,Arreglo de barba,Tato Fade
2185,582,15,19,2023-08-29 18:00:00,14000.00,cancelada,transferencia,Deisy González Jiménez,Tinte completo,Fercho Barber
2186,155,27,16,2023-11-27 18:00:00,22000.00,atendida,efectivo,Claudia Londoño Rojas,Tratamiento anticaida,Sebastián Blade
2187,1173,6,11,2023-08-20 16:00:00,14000.00,atendida,nequi,Alejandro Londoño Salazar,Corte de cabello Basico + barba,El Mono Barber
2188,1490,3,6,2024-09-16 16:00:00,8000.00,cancelada,tarjeta,Mariana Correa Muñoz,Arreglo de barba,Chelo Cuts
2189,1448,27,26,2023-04-28 18:00:00,22000.00,atendida,nequi,Lucia Gómez Rodríguez,Tratamiento anticaida,Andres El Pro
2190,947,14,10,2023-09-28 14:00:00,15000.00,cancelada,nequi,Yulieth Rivera Cárdenas,Corte + tinte,Yeferson King
2191,1209,3,4,2024-05-30 15:00:00,8000.00,cancelada,tarjeta,Yesid Salazar Reyes,Arreglo de barba,Mateo Barber
2192,232,16,11,2024-12-29 17:00:00,8000.00,atendida,tarjeta,Lizeth Reyes Cruz,Barba completa,El Mono Barber
2193,642,21,25,2023-02-13 17:00:00,25000.00,cancelada,daviplata,Marcela Arias Mendoza,Limpieza facial,Lucho Precision
2194,859,13,17,2024-03-02 12:00:00,18000.00,cancelada,tarjeta,Deisy Castro Bedoya,Corte infantil,Kevin El Maestro
2195,402,28,2,2023-04-05 12:00:00,55000.00,cancelada,nequi,Cristian Suárez Henao,Pack novio completo,Maicol Style
2196,55,17,31,2023-04-03 09:00:00,20000.00,cancelada,tarjeta,Paula Martínez Londoño,Barba + hidratacion,Cristian Fade
2197,626,18,16,2023-09-29 18:00:00,22000.00,atendida,nequi,Maria Silva García,Afeitado clasico navaja,Sebastián Blade
2198,1198,1,24,2023-06-10 09:00:00,12000.00,atendida,efectivo,Gabriela Gutiérrez Morales,Corte de cabello Basico,El Negro Barber
2199,1346,10,3,2024-07-01 14:00:00,35000.00,atendida,nequi,Gabriela Ríos Jiménez,Corte navaja,Juancho El Indio
2200,1599,29,3,2023-08-10 08:00:00,50000.00,atendida,nequi,Esteban Ramírez Ramírez,Coloracion fantasia,Juancho El Indio
2201,541,10,30,2023-08-20 11:00:00,35000.00,atendida,daviplata,Monica Ocampo Salazar,Corte navaja,Pipe Navajas
2202,532,13,16,2023-06-01 08:00:00,18000.00,atendida,efectivo,Felipe Espinoza Zapata,Corte infantil,Sebastián Blade
2203,1089,12,25,2024-12-08 18:00:00,12000.00,atendida,nequi,Oscar Muñoz Medina,Corte moderno,Lucho Precision
2204,1451,13,18,2023-10-01 10:00:00,18000.00,cancelada,nequi,Paola Ríos Ruiz,Corte infantil,Nico Estilo
2205,227,13,14,2023-11-21 08:00:00,18000.00,atendida,tarjeta,Fabian Bedoya Montoya,Corte infantil,El Tigre Cuts
2206,1259,22,17,2023-03-20 11:00:00,15000.00,cancelada,transferencia,Jhon Ramos Peña,Hidratacion capilar,Kevin El Maestro
2207,283,16,13,2024-12-19 18:00:00,8000.00,atendida,transferencia,Esteban Guerrero Castro,Barba completa,Camilo Pro
2208,1703,11,22,2024-03-14 17:00:00,25000.00,cancelada,tarjeta,Mariana Ocampo Gómez,Corte clasico,Diego Fadero
2209,222,24,17,2024-01-28 12:00:00,50000.00,atendida,efectivo,Ana García Espinoza,Corte + barba + cejas,Kevin El Maestro
2210,886,8,19,2024-09-12 16:00:00,16000.00,atendida,efectivo,Ricardo Jiménez Montoya,Corte + lavado,Fercho Barber
2211,1482,5,23,2023-11-12 09:00:00,15000.00,cancelada,efectivo,Duvan Muñoz Ortiz,Corte de cabello Basico,Santi Premium
2212,271,10,25,2023-06-01 15:00:00,35000.00,atendida,nequi,Ferney Suárez Rodríguez,Corte navaja,Lucho Precision
2213,1033,2,30,2023-05-09 10:00:00,15000.00,atendida,daviplata,Alejandro Ramos Medina,Corte de cabello Basico + barba,Pipe Navajas
2214,1206,14,27,2024-09-09 08:00:00,15000.00,atendida,tarjeta,Sergio Romero Silva,Corte + tinte,Tomas Clipper
2215,646,30,18,2024-04-21 08:00:00,40000.00,atendida,tarjeta,Johana Rodríguez Correa,Corte + lavado + barba,Nico Estilo
2216,587,16,3,2024-03-07 10:00:00,8000.00,atendida,nequi,Natalia Ortiz Pérez,Barba completa,Juancho El Indio
2217,964,25,31,2023-01-19 14:00:00,80000.00,atendida,tarjeta,Andrés Cárdenas Peña,Corte + hidratacion,Cristian Fade
2218,1955,14,16,2024-06-15 17:00:00,15000.00,atendida,nequi,Lizeth Zapata Rodríguez,Corte + tinte,Sebastián Blade
2219,517,30,28,2024-06-03 08:00:00,40000.00,cancelada,nequi,Daniela Correa Ruiz,Corte + lavado + barba,Yeison Barber
2220,1072,1,29,2023-05-15 08:00:00,12000.00,atendida,daviplata,Kevin Salazar Romero,Corte de cabello Basico,El Calvo Cuts
2221,1242,10,27,2023-07-22 12:00:00,35000.00,atendida,transferencia,Santiago Muñoz Vega,Corte navaja,Tomas Clipper
2222,1280,8,17,2024-06-11 17:00:00,16000.00,atendida,tarjeta,Andrea Salazar Ospina,Corte + lavado,Kevin El Maestro
2223,1792,3,13,2023-03-08 08:00:00,8000.00,cancelada,efectivo,Paula Parra Jiménez,Arreglo de barba,Camilo Pro
2224,238,12,17,2023-12-23 10:00:00,12000.00,cancelada,tarjeta,Camila Medina Gutiérrez,Corte moderno,Kevin El Maestro
2225,550,14,16,2023-06-03 18:00:00,15000.00,atendida,tarjeta,Sofia Correa Montoya,Corte + tinte,Sebastián Blade
2226,1493,20,25,2024-06-23 16:00:00,22000.00,cancelada,tarjeta,Julián Moreno Gutiérrez,Depilacion de cejas,Lucho Precision
2227,1659,24,12,2024-01-30 10:00:00,50000.00,cancelada,efectivo,Andrea Parra Cruz,Corte + barba + cejas,Duvan Fresh
2228,105,28,2,2024-11-08 18:00:00,55000.00,cancelada,transferencia,Angie Suárez Torres,Pack novio completo,Maicol Style
2229,680,23,27,2024-06-20 14:00:00,30000.00,atendida,nequi,Esteban Gómez Martínez,Keratina,Tomas Clipper
2230,561,5,24,2024-07-22 10:00:00,15000.00,atendida,transferencia,Julián Espinoza Rivera,Corte de cabello Basico,El Negro Barber
2231,1474,11,24,2024-08-07 15:00:00,25000.00,atendida,daviplata,Miguel Pérez Herrera,Corte clasico,El Negro Barber
2232,177,27,24,2024-01-26 15:00:00,22000.00,atendida,efectivo,Mauricio Moreno Londoño,Tratamiento anticaida,El Negro Barber
2233,893,22,5,2024-05-07 15:00:00,15000.00,atendida,daviplata,Nathaly Sánchez Rodríguez,Hidratacion capilar,El Vikingo
2234,1585,27,24,2024-06-16 16:00:00,22000.00,atendida,efectivo,Alejandro Peña Díaz,Tratamiento anticaida,El Negro Barber
2235,332,17,9,2023-10-03 17:00:00,20000.00,atendida,daviplata,Marcela González Montoya,Barba + hidratacion,Brayan Scissors
2236,793,8,3,2024-05-23 11:00:00,16000.00,atendida,tarjeta,Cristian Sánchez Martínez,Corte + lavado,Juancho El Indio
2237,70,8,15,2023-12-03 16:00:00,16000.00,atendida,daviplata,Sofia Ríos Peña,Corte + lavado,Jhon Navajas
2238,476,19,27,2023-04-07 16:00:00,60000.00,cancelada,efectivo,Mariana Ortiz Mendoza,Cejas + barba,Tomas Clipper
2239,1404,10,9,2023-10-28 12:00:00,35000.00,atendida,tarjeta,Monica Herrera Montoya,Corte navaja,Brayan Scissors
2240,1452,28,22,2023-03-23 14:00:00,55000.00,atendida,transferencia,Duvan Henao Vargas,Pack novio completo,Diego Fadero
2241,879,24,29,2024-11-03 12:00:00,50000.00,atendida,tarjeta,Santiago Vargas Jiménez,Corte + barba + cejas,El Calvo Cuts
2242,95,29,28,2023-07-25 08:00:00,50000.00,cancelada,daviplata,Wilmar Torres López,Coloracion fantasia,Yeison Barber
2243,45,3,12,2024-01-23 12:00:00,8000.00,atendida,daviplata,Jhon Reyes Ríos,Arreglo de barba,Duvan Fresh
2244,173,13,8,2023-11-07 12:00:00,18000.00,cancelada,transferencia,Duvan Gómez Ruiz,Corte infantil,Tato Fade
2245,125,30,24,2023-05-11 15:00:00,40000.00,cancelada,transferencia,Kevin Ruiz Gómez,Corte + lavado + barba,El Negro Barber
2246,549,11,4,2024-01-27 08:00:00,25000.00,atendida,tarjeta,Diego Ospina Morales,Corte clasico,Mateo Barber
2247,539,24,4,2023-04-28 09:00:00,50000.00,atendida,tarjeta,Isabella Ortiz Vargas,Corte + barba + cejas,Mateo Barber
2248,1443,27,21,2023-02-06 08:00:00,22000.00,atendida,transferencia,Johana Suárez Londoño,Tratamiento anticaida,Wilmar Style
2249,1180,15,19,2024-01-30 17:00:00,14000.00,atendida,tarjeta,Brayan Flores Mendoza,Tinte completo,Fercho Barber
2250,1911,18,13,2024-05-20 17:00:00,22000.00,cancelada,efectivo,Yeison Díaz Gómez,Afeitado clasico navaja,Camilo Pro
2251,55,20,6,2024-01-01 12:00:00,22000.00,atendida,daviplata,Paula Martínez Londoño,Depilacion de cejas,Chelo Cuts
2252,1851,8,7,2023-08-10 11:00:00,16000.00,cancelada,tarjeta,Duvan Rodríguez Reyes,Corte + lavado,Pipe El Crack
2253,368,5,10,2023-05-30 08:00:00,15000.00,atendida,efectivo,Cristian Rivera González,Corte de cabello Basico,Yeferson King
2254,1010,26,21,2023-02-08 17:00:00,50000.00,cancelada,tarjeta,Jhon Pérez Ramos,Masaje capilar,Wilmar Style
2255,1114,30,22,2023-01-14 15:00:00,40000.00,atendida,daviplata,Duvan Mendoza Delgado,Corte + lavado + barba,Diego Fadero
2256,1608,3,28,2023-07-12 18:00:00,8000.00,atendida,tarjeta,Cristian Ruiz Torres,Arreglo de barba,Yeison Barber
2257,1631,14,6,2024-07-20 11:00:00,15000.00,atendida,nequi,Raúl Gutiérrez Montoya,Corte + tinte,Chelo Cuts
2258,958,23,27,2024-03-18 12:00:00,30000.00,atendida,efectivo,Deisy Díaz Peña,Keratina,Tomas Clipper
2259,1379,25,18,2023-05-22 09:00:00,80000.00,atendida,transferencia,Hernán Mendoza Peña,Corte + hidratacion,Nico Estilo
2260,444,15,29,2023-05-17 17:00:00,14000.00,atendida,nequi,Mateo Martínez Ruiz,Tinte completo,El Calvo Cuts
2261,1183,4,8,2023-11-05 12:00:00,18000.00,atendida,nequi,Mariana Delgado Jiménez,Corte + lavado,Tato Fade
2262,1776,30,19,2023-08-12 10:00:00,40000.00,atendida,nequi,Hernán Gómez Suárez,Corte + lavado + barba,Fercho Barber
2263,812,19,21,2024-01-21 18:00:00,60000.00,cancelada,daviplata,David Vargas Ramos,Cejas + barba,Wilmar Style
2264,1774,29,6,2023-12-13 15:00:00,50000.00,atendida,efectivo,Alejandro Mendoza Zapata,Coloracion fantasia,Chelo Cuts
2265,245,16,25,2024-02-23 08:00:00,8000.00,atendida,tarjeta,Nathaly Sánchez Flores,Barba completa,Lucho Precision
2266,530,14,5,2023-11-11 09:00:00,15000.00,atendida,tarjeta,Claudia González Pérez,Corte + tinte,El Vikingo
2267,464,25,9,2024-09-23 15:00:00,80000.00,atendida,nequi,Duvan Delgado Morales,Corte + hidratacion,Brayan Scissors
2268,1735,26,20,2024-03-01 15:00:00,50000.00,atendida,efectivo,Mateo Pérez Salazar,Masaje capilar,El Paisa Cuts
2269,1385,8,18,2024-03-25 15:00:00,16000.00,cancelada,efectivo,Johana Ruiz Salazar,Corte + lavado,Nico Estilo
2270,335,21,14,2023-01-05 10:00:00,25000.00,cancelada,efectivo,Nathaly Rodríguez Salazar,Limpieza facial,El Tigre Cuts
2271,623,11,30,2024-04-27 15:00:00,25000.00,atendida,tarjeta,Patricia Ruiz González,Corte clasico,Pipe Navajas
2272,228,25,6,2024-08-20 17:00:00,80000.00,atendida,efectivo,Ricardo Correa Martínez,Corte + hidratacion,Chelo Cuts
2273,178,7,24,2023-11-17 16:00:00,13000.00,cancelada,nequi,Cristian Mendoza Arias,Arreglo de barba,El Negro Barber
2274,890,26,3,2023-06-22 18:00:00,50000.00,cancelada,nequi,Julián Rivera Ramos,Masaje capilar,Juancho El Indio
2275,1970,13,30,2024-07-22 08:00:00,18000.00,atendida,efectivo,Cristian González Pérez,Corte infantil,Pipe Navajas
2276,569,2,16,2024-05-11 10:00:00,15000.00,atendida,efectivo,Felipe Gutiérrez Silva,Corte de cabello Basico + barba,Sebastián Blade
2277,1134,26,13,2023-05-04 14:00:00,50000.00,atendida,tarjeta,Camila Vega Pérez,Masaje capilar,Camilo Pro
2278,797,10,31,2024-09-01 12:00:00,35000.00,atendida,transferencia,Kevin Bedoya Reyes,Corte navaja,Cristian Fade
2279,1864,13,5,2023-03-06 16:00:00,18000.00,atendida,daviplata,Diego Zapata Ocampo,Corte infantil,El Vikingo
2280,1963,20,6,2024-09-07 16:00:00,22000.00,cancelada,transferencia,Esteban Suárez Ríos,Depilacion de cejas,Chelo Cuts
2281,471,26,21,2023-01-24 10:00:00,50000.00,cancelada,tarjeta,Isabella Mendoza Rodríguez,Masaje capilar,Wilmar Style
2282,1405,21,30,2024-02-15 09:00:00,25000.00,atendida,efectivo,Wilmar Cruz Mendoza,Limpieza facial,Pipe Navajas
2283,984,14,15,2024-12-24 11:00:00,15000.00,atendida,tarjeta,Dayana González Delgado,Corte + tinte,Jhon Navajas
2284,1892,19,28,2023-02-15 10:00:00,60000.00,atendida,daviplata,Natalia Martínez Reyes,Cejas + barba,Yeison Barber
2285,2031,29,18,2024-03-16 12:00:00,50000.00,atendida,transferencia,Ricardo Mendoza Vega,Coloracion fantasia,Nico Estilo
2286,72,30,19,2024-01-13 10:00:00,40000.00,atendida,efectivo,Ricardo Espinoza Henao,Corte + lavado + barba,Fercho Barber
2287,828,18,3,2023-09-26 15:00:00,22000.00,cancelada,daviplata,Diego Cárdenas Ruiz,Afeitado clasico navaja,Juancho El Indio
2288,1395,25,5,2023-02-04 14:00:00,80000.00,cancelada,efectivo,Santiago Cárdenas García,Corte + hidratacion,El Vikingo
2289,1670,17,19,2023-05-05 16:00:00,20000.00,atendida,nequi,Gabriela Parra Parra,Barba + hidratacion,Fercho Barber
2290,1197,14,12,2024-08-01 16:00:00,15000.00,cancelada,transferencia,Oscar Parra Martínez,Corte + tinte,Duvan Fresh
2291,949,29,2,2023-12-16 17:00:00,50000.00,atendida,efectivo,Diana Ríos Sánchez,Coloracion fantasia,Maicol Style
2292,1012,7,3,2024-01-04 10:00:00,13000.00,atendida,nequi,Laura Díaz Suárez,Arreglo de barba,Juancho El Indio
2293,1460,7,12,2024-06-14 16:00:00,13000.00,atendida,transferencia,Patricia Correa Ríos,Arreglo de barba,Duvan Fresh
2294,811,3,27,2024-09-12 11:00:00,8000.00,atendida,efectivo,Melissa Cruz Romero,Arreglo de barba,Tomas Clipper
2295,1917,5,15,2024-04-22 15:00:00,15000.00,cancelada,efectivo,Jhon González Medina,Corte de cabello Basico,Jhon Navajas
2296,221,8,29,2024-05-22 10:00:00,16000.00,atendida,transferencia,Oscar Sánchez Romero,Corte + lavado,El Calvo Cuts
2297,655,3,7,2024-08-27 16:00:00,8000.00,atendida,daviplata,Santiago Torres Jiménez,Arreglo de barba,Pipe El Crack
2298,1692,1,7,2023-09-12 17:00:00,12000.00,atendida,tarjeta,Mateo Flores Ortiz,Corte de cabello Basico,Pipe El Crack
2299,246,19,31,2024-08-16 11:00:00,60000.00,atendida,nequi,Diana Parra Arias,Cejas + barba,Cristian Fade
2300,593,2,10,2023-10-21 11:00:00,15000.00,atendida,nequi,Yeison Díaz Díaz,Corte de cabello Basico + barba,Yeferson King
2301,836,12,12,2024-01-21 10:00:00,12000.00,atendida,tarjeta,Andrés Reyes García,Corte moderno,Duvan Fresh
2302,192,12,24,2024-01-29 09:00:00,12000.00,atendida,efectivo,Ana Arias Medina,Corte moderno,El Negro Barber
2303,1812,5,15,2023-08-30 17:00:00,15000.00,cancelada,tarjeta,Lizeth Ospina Guerrero,Corte de cabello Basico,Jhon Navajas
2304,1671,19,11,2024-10-20 16:00:00,60000.00,cancelada,efectivo,Mariana Ramos Flores,Cejas + barba,El Mono Barber
2305,113,16,2,2024-01-12 08:00:00,8000.00,atendida,tarjeta,Felipe Reyes Ríos,Barba completa,Maicol Style
2306,389,20,23,2023-01-27 09:00:00,22000.00,atendida,transferencia,Diana Gómez Moreno,Depilacion de cejas,Santi Premium
2307,470,22,20,2024-06-07 12:00:00,15000.00,cancelada,tarjeta,Luis Ortiz Pérez,Hidratacion capilar,El Paisa Cuts
2308,263,23,11,2023-06-09 17:00:00,30000.00,cancelada,tarjeta,Sara Parra Rojas,Keratina,El Mono Barber
2309,1799,12,26,2023-07-06 16:00:00,12000.00,atendida,nequi,Felipe Ortiz Ocampo,Corte moderno,Andres El Pro
2310,1088,15,2,2023-11-15 09:00:00,14000.00,cancelada,transferencia,Paula Medina Peña,Tinte completo,Maicol Style
2311,820,2,23,2024-10-02 16:00:00,15000.00,atendida,tarjeta,Alejandro Mendoza Guerrero,Corte de cabello Basico + barba,Santi Premium
2312,1280,23,3,2024-10-14 18:00:00,30000.00,atendida,nequi,Andrea Salazar Ospina,Keratina,Juancho El Indio
2313,497,17,30,2023-09-04 15:00:00,20000.00,cancelada,tarjeta,Felipe Londoño Jiménez,Barba + hidratacion,Pipe Navajas
2314,1969,18,11,2023-08-29 16:00:00,22000.00,cancelada,tarjeta,Jorge Flores Morales,Afeitado clasico navaja,El Mono Barber
2315,1009,17,3,2023-11-28 09:00:00,20000.00,atendida,transferencia,Wilmar Correa Parra,Barba + hidratacion,Juancho El Indio
2316,1079,26,14,2023-11-10 14:00:00,50000.00,cancelada,efectivo,Valentina Salazar Vargas,Masaje capilar,El Tigre Cuts
2317,943,29,25,2024-03-07 11:00:00,50000.00,atendida,daviplata,Lizeth Jiménez Cruz,Coloracion fantasia,Lucho Precision
2318,635,15,25,2023-04-12 16:00:00,14000.00,atendida,tarjeta,Claudia Arias Delgado,Tinte completo,Lucho Precision
2319,1629,11,2,2024-10-04 12:00:00,25000.00,atendida,nequi,Monica Gutiérrez Vargas,Corte clasico,Maicol Style
2320,1811,9,5,2024-12-14 10:00:00,10000.00,atendida,nequi,Hernán Silva Peña,Corte degradado,El Vikingo
2321,1176,16,13,2024-01-10 14:00:00,8000.00,atendida,transferencia,Lizeth Pérez Arias,Barba completa,Camilo Pro
2322,1318,22,9,2023-12-27 12:00:00,15000.00,atendida,efectivo,Angie García Herrera,Hidratacion capilar,Brayan Scissors
2323,760,7,8,2023-08-05 18:00:00,13000.00,atendida,efectivo,Wilmar Henao Montoya,Arreglo de barba,Tato Fade
2324,717,30,21,2023-06-07 10:00:00,40000.00,atendida,efectivo,Miguel Ramírez Jiménez,Corte + lavado + barba,Wilmar Style
2325,1661,20,11,2023-07-22 17:00:00,22000.00,atendida,tarjeta,Marcela García Arias,Depilacion de cejas,El Mono Barber
2326,851,23,12,2024-09-09 10:00:00,30000.00,atendida,transferencia,Jhon Zapata Ríos,Keratina,Duvan Fresh
2327,40,26,28,2023-05-24 14:00:00,50000.00,atendida,daviplata,Mariana Ospina Rivera,Masaje capilar,Yeison Barber
2328,775,23,4,2024-04-15 10:00:00,30000.00,atendida,efectivo,Maria Mendoza Ramírez,Keratina,Mateo Barber
2329,1070,20,10,2023-02-11 18:00:00,22000.00,atendida,efectivo,David Ocampo Gutiérrez,Depilacion de cejas,Yeferson King
2330,49,10,25,2023-06-24 09:00:00,35000.00,atendida,tarjeta,David López Ocampo,Corte navaja,Lucho Precision
2331,67,22,8,2024-02-21 08:00:00,15000.00,atendida,transferencia,Johana Espinoza Jiménez,Hidratacion capilar,Tato Fade
2332,1194,9,16,2023-06-13 12:00:00,10000.00,cancelada,efectivo,Laura Vargas Peña,Corte degradado,Sebastián Blade
2333,1813,21,8,2023-12-09 18:00:00,25000.00,cancelada,tarjeta,Diego Guerrero Martínez,Limpieza facial,Tato Fade
2334,961,9,19,2023-05-24 18:00:00,10000.00,atendida,tarjeta,Yesid Ramírez Ramos,Corte degradado,Fercho Barber
2335,749,24,29,2024-09-25 11:00:00,50000.00,atendida,daviplata,Alejandro Jiménez González,Corte + barba + cejas,El Calvo Cuts
2336,1995,3,12,2024-08-06 10:00:00,8000.00,atendida,daviplata,Wilmar Herrera Flores,Arreglo de barba,Duvan Fresh
2337,1860,2,4,2023-02-12 10:00:00,15000.00,atendida,daviplata,Nicolás Salazar Silva,Corte de cabello Basico + barba,Mateo Barber
2338,388,21,7,2024-03-22 10:00:00,25000.00,cancelada,daviplata,Mariana Moreno Morales,Limpieza facial,Pipe El Crack
2339,251,23,31,2023-04-21 16:00:00,30000.00,atendida,tarjeta,Ricardo Henao Flores,Keratina,Cristian Fade
2340,1685,9,4,2024-07-02 10:00:00,10000.00,atendida,transferencia,Ferney González Muñoz,Corte degradado,Mateo Barber
2341,1881,11,26,2024-09-22 18:00:00,25000.00,atendida,nequi,Steven Torres Londoño,Corte clasico,Andres El Pro
2342,1207,22,9,2023-12-09 17:00:00,15000.00,cancelada,tarjeta,Isabella Morales Salazar,Hidratacion capilar,Brayan Scissors
2343,1975,10,5,2023-07-26 18:00:00,35000.00,atendida,tarjeta,David Guerrero Guerrero,Corte navaja,El Vikingo
2344,387,25,4,2023-01-10 15:00:00,80000.00,atendida,transferencia,Marcela Delgado Sánchez,Corte + hidratacion,Mateo Barber
2345,1555,12,6,2023-08-21 14:00:00,12000.00,atendida,transferencia,Xiomara Sánchez Correa,Corte moderno,Chelo Cuts
2346,1935,5,13,2024-06-03 08:00:00,15000.00,atendida,tarjeta,Andrea Correa Peña,Corte de cabello Basico,Camilo Pro
2347,531,6,19,2023-03-01 18:00:00,14000.00,atendida,tarjeta,Sofia Bedoya Rodríguez,Corte de cabello Basico + barba,Fercho Barber
2348,1198,8,31,2023-08-18 17:00:00,16000.00,atendida,nequi,Gabriela Gutiérrez Morales,Corte + lavado,Cristian Fade
2349,1591,28,20,2023-06-06 12:00:00,55000.00,atendida,tarjeta,Duvan Parra Cruz,Pack novio completo,El Paisa Cuts
2350,1234,3,22,2024-12-31 08:00:00,8000.00,cancelada,transferencia,Carolina Guerrero Jiménez,Arreglo de barba,Diego Fadero
2351,763,5,7,2024-01-14 10:00:00,15000.00,atendida,nequi,Laura Rojas Medina,Corte de cabello Basico,Pipe El Crack
2352,828,29,4,2023-09-11 14:00:00,50000.00,cancelada,efectivo,Diego Cárdenas Ruiz,Coloracion fantasia,Mateo Barber
2353,1470,1,9,2023-01-13 10:00:00,12000.00,atendida,tarjeta,Raúl Guerrero Vargas,Corte de cabello Basico,Brayan Scissors
2354,50,23,2,2024-01-10 12:00:00,30000.00,atendida,daviplata,Leidy Montoya Ortiz,Keratina,Maicol Style
2355,1525,26,15,2024-02-19 08:00:00,50000.00,cancelada,transferencia,Isabella Gómez Bedoya,Masaje capilar,Jhon Navajas
2356,1526,7,29,2024-02-13 09:00:00,13000.00,atendida,tarjeta,Duvan López Bedoya,Arreglo de barba,El Calvo Cuts
2357,669,6,27,2023-11-05 14:00:00,14000.00,cancelada,efectivo,Sara Martínez Zapata,Corte de cabello Basico + barba,Tomas Clipper
2358,1579,18,2,2024-08-28 14:00:00,22000.00,cancelada,transferencia,Diana Castro Díaz,Afeitado clasico navaja,Maicol Style
2359,1902,13,15,2024-12-25 14:00:00,18000.00,atendida,daviplata,Santiago Reyes Vega,Corte infantil,Jhon Navajas
2360,916,1,17,2023-01-16 12:00:00,12000.00,atendida,tarjeta,Daniela Castro Romero,Corte de cabello Basico,Kevin El Maestro
2361,851,27,27,2024-03-13 10:00:00,22000.00,atendida,tarjeta,Jhon Zapata Ríos,Tratamiento anticaida,Tomas Clipper
2362,840,9,24,2023-11-14 15:00:00,10000.00,atendida,transferencia,Nathaly Henao Castro,Corte degradado,El Negro Barber
2363,362,13,17,2024-11-28 14:00:00,18000.00,cancelada,nequi,Santiago Torres Medina,Corte infantil,Kevin El Maestro
2364,1667,20,28,2023-01-17 15:00:00,22000.00,atendida,tarjeta,Carolina Parra Medina,Depilacion de cejas,Yeison Barber
2365,1419,5,13,2024-03-24 15:00:00,15000.00,atendida,daviplata,Wilmar Jiménez Vega,Corte de cabello Basico,Camilo Pro
2366,874,17,13,2024-10-26 08:00:00,20000.00,atendida,efectivo,Carolina Delgado Montoya,Barba + hidratacion,Camilo Pro
2367,1961,5,11,2024-05-28 12:00:00,15000.00,cancelada,daviplata,Nathaly Parra Pérez,Corte de cabello Basico,El Mono Barber
2368,608,10,10,2024-07-19 12:00:00,35000.00,atendida,daviplata,Brayan Ruiz Díaz,Corte navaja,Yeferson King
2369,77,20,19,2023-05-19 08:00:00,22000.00,atendida,daviplata,Gabriela Jiménez Londoño,Depilacion de cejas,Fercho Barber
2370,1185,28,30,2023-11-02 10:00:00,55000.00,atendida,nequi,Daniela Cárdenas Suárez,Pack novio completo,Pipe Navajas
2371,1583,12,5,2024-09-13 14:00:00,12000.00,cancelada,transferencia,Fernando Arias Ortiz,Corte moderno,El Vikingo
2372,1416,29,13,2024-12-16 08:00:00,50000.00,cancelada,nequi,Alejandro Londoño Ríos,Coloracion fantasia,Camilo Pro
2373,1188,14,20,2023-04-28 14:00:00,15000.00,atendida,tarjeta,Sebastián Rivera Salazar,Corte + tinte,El Paisa Cuts
2374,1955,25,10,2023-02-02 18:00:00,80000.00,atendida,nequi,Lizeth Zapata Rodríguez,Corte + hidratacion,Yeferson King
2375,739,16,12,2023-10-04 15:00:00,8000.00,atendida,tarjeta,Carolina Reyes Ríos,Barba completa,Duvan Fresh
2376,658,1,2,2023-03-06 10:00:00,12000.00,cancelada,daviplata,Carlos Muñoz Jiménez,Corte de cabello Basico,Maicol Style
2377,1745,4,28,2023-11-08 12:00:00,18000.00,cancelada,daviplata,Carolina Ocampo González,Corte + lavado,Yeison Barber
2378,1004,18,27,2023-12-08 17:00:00,22000.00,atendida,nequi,Wilmar Ramos Rivera,Afeitado clasico navaja,Tomas Clipper
2379,1747,15,6,2024-10-22 14:00:00,14000.00,atendida,tarjeta,Sofia Muñoz Morales,Tinte completo,Chelo Cuts
2380,1483,8,17,2024-08-09 10:00:00,16000.00,atendida,daviplata,Deisy Ocampo Castro,Corte + lavado,Kevin El Maestro
2381,1357,14,4,2024-11-10 09:00:00,15000.00,cancelada,nequi,Esteban Peña Ramírez,Corte + tinte,Mateo Barber
2382,331,14,10,2023-03-07 10:00:00,15000.00,cancelada,tarjeta,Hernán Bedoya Herrera,Corte + tinte,Yeferson King
2383,1517,4,2,2023-10-08 14:00:00,18000.00,atendida,daviplata,Carlos Gómez Correa,Corte + lavado,Maicol Style
2384,1523,22,4,2024-10-12 09:00:00,15000.00,atendida,tarjeta,Esteban Moreno Montoya,Hidratacion capilar,Mateo Barber
2385,1245,8,29,2024-10-24 14:00:00,16000.00,atendida,daviplata,Raúl Suárez Montoya,Corte + lavado,El Calvo Cuts
2386,1992,24,19,2024-02-09 16:00:00,50000.00,atendida,nequi,Jorge Rojas Espinoza,Corte + barba + cejas,Fercho Barber
2387,1736,11,19,2023-03-21 09:00:00,25000.00,cancelada,nequi,Felipe Jiménez Cárdenas,Corte clasico,Fercho Barber
2388,118,30,28,2024-09-20 17:00:00,40000.00,cancelada,efectivo,Lizeth Londoño Ortiz,Corte + lavado + barba,Yeison Barber
2389,1384,26,13,2024-11-16 18:00:00,50000.00,atendida,daviplata,Natalia Flores Gutiérrez,Masaje capilar,Camilo Pro
2390,884,20,28,2024-03-09 12:00:00,22000.00,atendida,transferencia,Sara Mendoza Ramírez,Depilacion de cejas,Yeison Barber
2391,1488,27,20,2023-06-13 11:00:00,22000.00,atendida,tarjeta,Paola Silva Peña,Tratamiento anticaida,El Paisa Cuts
2392,1981,28,3,2024-01-26 11:00:00,55000.00,cancelada,transferencia,Brayan Morales Cruz,Pack novio completo,Juancho El Indio
2393,264,4,24,2023-11-13 18:00:00,18000.00,atendida,efectivo,Xiomara Medina Medina,Corte + lavado,El Negro Barber
2394,1117,19,30,2024-01-30 10:00:00,60000.00,atendida,tarjeta,Andrea Ramírez Sánchez,Cejas + barba,Pipe Navajas
2395,1963,30,27,2024-07-28 18:00:00,40000.00,cancelada,daviplata,Esteban Suárez Ríos,Corte + lavado + barba,Tomas Clipper
2396,133,4,13,2023-05-25 10:00:00,18000.00,atendida,nequi,Andrés Henao Díaz,Corte + lavado,Camilo Pro
2397,92,20,12,2023-03-08 11:00:00,22000.00,cancelada,tarjeta,Felipe García Montoya,Depilacion de cejas,Duvan Fresh
2398,841,14,27,2024-07-19 17:00:00,15000.00,atendida,efectivo,Ana Ortiz Arias,Corte + tinte,Tomas Clipper
2399,1957,19,24,2023-07-04 18:00:00,60000.00,cancelada,daviplata,Lizeth Londoño Martínez,Cejas + barba,El Negro Barber
2400,253,13,10,2024-08-19 18:00:00,18000.00,cancelada,nequi,Johana Castro Jiménez,Corte infantil,Yeferson King
2401,1090,10,19,2024-09-06 12:00:00,35000.00,atendida,transferencia,Paula Reyes Ospina,Corte navaja,Fercho Barber
2402,1372,14,20,2023-03-12 15:00:00,15000.00,atendida,nequi,Duvan Delgado Ortiz,Corte + tinte,El Paisa Cuts
2403,940,30,21,2024-09-15 11:00:00,40000.00,atendida,tarjeta,Carlos Zapata Rivera,Corte + lavado + barba,Wilmar Style
2404,1125,28,11,2023-08-13 15:00:00,55000.00,atendida,tarjeta,Mauricio Londoño Salazar,Pack novio completo,El Mono Barber
2405,1249,17,17,2023-02-23 12:00:00,20000.00,atendida,nequi,Deisy Ospina Londoño,Barba + hidratacion,Kevin El Maestro
2406,1517,23,14,2024-08-16 11:00:00,30000.00,cancelada,nequi,Carlos Gómez Correa,Keratina,El Tigre Cuts
2407,463,2,6,2024-07-14 16:00:00,15000.00,cancelada,nequi,Alejandro Flores Castro,Corte de cabello Basico + barba,Chelo Cuts
2408,87,1,2,2024-01-21 08:00:00,12000.00,cancelada,transferencia,Carlos García Ocampo,Corte de cabello Basico,Maicol Style
2409,241,3,7,2023-10-27 16:00:00,8000.00,atendida,efectivo,Samuel Reyes Moreno,Arreglo de barba,Pipe El Crack
2410,873,5,26,2023-07-02 10:00:00,15000.00,cancelada,daviplata,Lizeth Gómez Morales,Corte de cabello Basico,Andres El Pro
2411,1467,16,15,2023-01-11 11:00:00,8000.00,atendida,efectivo,Gabriela Cárdenas Guerrero,Barba completa,Jhon Navajas
2412,1414,11,7,2023-04-12 14:00:00,25000.00,atendida,nequi,Sara Herrera Henao,Corte clasico,Pipe El Crack
2413,1994,21,19,2023-07-12 12:00:00,25000.00,atendida,tarjeta,Nicolás Moreno Montoya,Limpieza facial,Fercho Barber
2414,1902,22,19,2023-01-03 12:00:00,15000.00,cancelada,daviplata,Santiago Reyes Vega,Hidratacion capilar,Fercho Barber
2415,1410,24,18,2024-05-15 16:00:00,50000.00,atendida,tarjeta,Rodrigo Herrera Ocampo,Corte + barba + cejas,Nico Estilo
2416,1195,19,5,2024-07-12 11:00:00,60000.00,atendida,transferencia,Felipe Medina Moreno,Cejas + barba,El Vikingo
2417,815,23,28,2023-10-10 17:00:00,30000.00,cancelada,transferencia,Johana Martínez Ramos,Keratina,Yeison Barber
2418,1127,13,12,2024-02-29 15:00:00,18000.00,atendida,daviplata,Mauricio Moreno Medina,Corte infantil,Duvan Fresh
2419,1373,24,10,2024-11-05 10:00:00,50000.00,cancelada,nequi,Diana Silva Medina,Corte + barba + cejas,Yeferson King
2420,1789,30,31,2024-11-03 09:00:00,40000.00,cancelada,efectivo,Angie Peña Medina,Corte + lavado + barba,Cristian Fade
2421,1952,14,8,2023-12-23 16:00:00,15000.00,atendida,efectivo,Leidy Ospina Gutiérrez,Corte + tinte,Tato Fade
2422,1689,24,26,2023-09-28 11:00:00,50000.00,atendida,daviplata,Yulieth Herrera Cárdenas,Corte + barba + cejas,Andres El Pro
2423,1454,11,17,2024-02-08 09:00:00,25000.00,cancelada,efectivo,Miguel López Suárez,Corte clasico,Kevin El Maestro
2424,2012,19,12,2023-04-29 11:00:00,60000.00,atendida,tarjeta,Ana Londoño Romero,Cejas + barba,Duvan Fresh
2425,381,6,2,2023-12-12 09:00:00,14000.00,atendida,tarjeta,Yesid Guerrero Rivera,Corte de cabello Basico + barba,Maicol Style
2426,365,2,29,2023-08-09 17:00:00,15000.00,atendida,tarjeta,Diana Muñoz Gutiérrez,Corte de cabello Basico + barba,El Calvo Cuts
2427,1197,12,26,2023-10-13 14:00:00,12000.00,cancelada,daviplata,Oscar Parra Martínez,Corte moderno,Andres El Pro
2428,959,17,18,2023-09-23 15:00:00,20000.00,atendida,tarjeta,Wilmar Flores Reyes,Barba + hidratacion,Nico Estilo
2429,808,6,6,2024-11-04 18:00:00,14000.00,cancelada,nequi,Oscar Ocampo Rivera,Corte de cabello Basico + barba,Chelo Cuts
2430,131,14,16,2024-07-26 14:00:00,15000.00,cancelada,daviplata,Felipe Medina Pérez,Corte + tinte,Sebastián Blade
2431,2004,4,16,2024-10-07 15:00:00,18000.00,atendida,nequi,Steven Bedoya Suárez,Corte + lavado,Sebastián Blade
2432,401,1,25,2023-06-25 17:00:00,12000.00,atendida,nequi,Diego Sánchez Gómez,Corte de cabello Basico,Lucho Precision
2433,1203,4,17,2024-07-02 08:00:00,18000.00,atendida,transferencia,Deisy Castro Jiménez,Corte + lavado,Kevin El Maestro
2434,1644,15,22,2023-07-04 12:00:00,14000.00,atendida,tarjeta,Felipe Vargas Reyes,Tinte completo,Diego Fadero
2435,1166,16,30,2024-10-17 15:00:00,8000.00,atendida,nequi,Yesid Rivera Ruiz,Barba completa,Pipe Navajas
2436,535,22,31,2023-10-21 10:00:00,15000.00,atendida,nequi,Fabian Peña Arias,Hidratacion capilar,Cristian Fade
2437,1232,23,5,2023-05-24 10:00:00,30000.00,cancelada,nequi,Camila Castro Peña,Keratina,El Vikingo
2438,1260,2,24,2023-11-11 18:00:00,15000.00,cancelada,daviplata,Diego Montoya Morales,Corte de cabello Basico + barba,El Negro Barber
2439,690,23,20,2024-10-28 17:00:00,30000.00,atendida,nequi,Mariana García Reyes,Keratina,El Paisa Cuts
2440,2030,24,17,2024-11-20 10:00:00,50000.00,atendida,transferencia,Fabian Henao Jiménez,Corte + barba + cejas,Kevin El Maestro
2441,1538,10,9,2024-04-30 09:00:00,35000.00,atendida,transferencia,Marcela Zapata Ramírez,Corte navaja,Brayan Scissors
2442,1032,20,23,2024-11-18 11:00:00,22000.00,atendida,tarjeta,Camila Ríos Martínez,Depilacion de cejas,Santi Premium
2443,177,12,31,2024-11-13 11:00:00,12000.00,atendida,tarjeta,Mauricio Moreno Londoño,Corte moderno,Cristian Fade
2444,452,9,27,2024-04-12 14:00:00,10000.00,atendida,nequi,Sara Pérez Montoya,Corte degradado,Tomas Clipper
2445,1569,23,20,2024-11-26 11:00:00,30000.00,atendida,daviplata,Jhon Zapata Vega,Keratina,El Paisa Cuts
2446,1581,4,23,2024-08-31 11:00:00,18000.00,atendida,transferencia,Sebastián Díaz Henao,Corte + lavado,Santi Premium
2447,185,15,8,2023-08-28 10:00:00,14000.00,atendida,efectivo,Paola Moreno Correa,Tinte completo,Tato Fade
2448,1833,1,5,2023-06-02 12:00:00,12000.00,cancelada,efectivo,Raúl Rojas Ospina,Corte de cabello Basico,El Vikingo
2449,78,13,7,2024-11-16 12:00:00,18000.00,atendida,transferencia,Angie Moreno Torres,Corte infantil,Pipe El Crack
2450,487,19,20,2024-05-29 17:00:00,60000.00,atendida,tarjeta,Miguel Morales Londoño,Cejas + barba,El Paisa Cuts
2451,1048,9,9,2024-06-09 14:00:00,10000.00,atendida,daviplata,Jhon Bedoya García,Corte degradado,Brayan Scissors
2452,734,5,14,2024-11-01 12:00:00,15000.00,atendida,tarjeta,Andrés Ortiz Espinoza,Corte de cabello Basico,El Tigre Cuts
2453,407,18,4,2023-11-25 14:00:00,22000.00,atendida,nequi,Sebastián Mendoza Torres,Afeitado clasico navaja,Mateo Barber
2454,980,28,5,2024-09-03 11:00:00,55000.00,atendida,efectivo,Monica Medina Suárez,Pack novio completo,El Vikingo
2455,446,26,21,2024-03-07 14:00:00,50000.00,cancelada,transferencia,Ricardo Moreno Romero,Masaje capilar,Wilmar Style
2456,271,26,14,2023-12-23 15:00:00,50000.00,atendida,nequi,Ferney Suárez Rodríguez,Masaje capilar,El Tigre Cuts
2457,1277,7,24,2023-07-15 11:00:00,13000.00,atendida,daviplata,Maria Ramírez Rodríguez,Arreglo de barba,El Negro Barber
2458,939,15,2,2024-10-27 15:00:00,14000.00,cancelada,daviplata,Adriana Cruz Cruz,Tinte completo,Maicol Style
2459,181,26,7,2024-12-18 10:00:00,50000.00,atendida,efectivo,Yeison Martínez Suárez,Masaje capilar,Pipe El Crack
2460,1232,29,11,2024-05-17 17:00:00,50000.00,cancelada,daviplata,Camila Castro Peña,Coloracion fantasia,El Mono Barber
2461,1171,30,27,2024-05-22 09:00:00,40000.00,atendida,efectivo,Alejandro Zapata Suárez,Corte + lavado + barba,Tomas Clipper
2462,1726,16,17,2023-02-14 09:00:00,8000.00,cancelada,nequi,Sergio Herrera Ortiz,Barba completa,Kevin El Maestro
2463,354,9,15,2024-10-21 14:00:00,10000.00,cancelada,nequi,Diana Zapata Gómez,Corte degradado,Jhon Navajas
2464,1596,4,3,2023-05-27 16:00:00,18000.00,atendida,daviplata,Samuel Cárdenas González,Corte + lavado,Juancho El Indio
2465,1508,2,27,2023-10-09 14:00:00,15000.00,atendida,tarjeta,Camila Salazar Romero,Corte de cabello Basico + barba,Tomas Clipper
2466,595,28,7,2024-03-10 08:00:00,55000.00,atendida,nequi,Diana Gutiérrez Ramos,Pack novio completo,Pipe El Crack
2467,1336,1,23,2023-05-24 10:00:00,12000.00,atendida,efectivo,Nathaly Medina Parra,Corte de cabello Basico,Santi Premium
2468,405,12,2,2024-09-23 10:00:00,12000.00,atendida,nequi,Andrea Sánchez García,Corte moderno,Maicol Style
2469,1895,21,23,2023-05-17 17:00:00,25000.00,cancelada,transferencia,Carolina Peña Ruiz,Limpieza facial,Santi Premium
2470,1411,26,11,2024-07-15 11:00:00,50000.00,atendida,transferencia,Patricia Gutiérrez Ríos,Masaje capilar,El Mono Barber
2471,964,10,27,2023-01-09 12:00:00,35000.00,atendida,efectivo,Andrés Cárdenas Peña,Corte navaja,Tomas Clipper
2472,1369,23,29,2024-06-02 08:00:00,30000.00,cancelada,nequi,Deisy Castro López,Keratina,El Calvo Cuts
2473,249,29,2,2023-04-27 17:00:00,50000.00,atendida,transferencia,Diego Herrera Martínez,Coloracion fantasia,Maicol Style
2474,1788,27,10,2024-11-02 08:00:00,22000.00,cancelada,daviplata,Mateo Jiménez Parra,Tratamiento anticaida,Yeferson King
2475,522,16,15,2023-04-24 12:00:00,8000.00,cancelada,nequi,Ferney Muñoz Torres,Barba completa,Jhon Navajas
2476,1927,10,13,2024-03-29 18:00:00,35000.00,atendida,nequi,Yulieth Salazar Herrera,Corte navaja,Camilo Pro
2477,467,3,8,2023-10-28 18:00:00,8000.00,cancelada,tarjeta,Lizeth Suárez Jiménez,Arreglo de barba,Tato Fade
2478,268,2,4,2023-03-10 16:00:00,15000.00,atendida,nequi,Catalina Herrera Rojas,Corte de cabello Basico + barba,Mateo Barber
2479,1355,28,13,2023-10-22 15:00:00,55000.00,cancelada,efectivo,Carolina Sánchez Ortiz,Pack novio completo,Camilo Pro
2480,1028,9,7,2023-05-13 12:00:00,10000.00,cancelada,efectivo,Mariana Vega Bedoya,Corte degradado,Pipe El Crack
2481,1342,21,20,2023-08-15 16:00:00,25000.00,atendida,tarjeta,Sofia Montoya Morales,Limpieza facial,El Paisa Cuts
2482,544,5,28,2024-12-02 12:00:00,15000.00,atendida,efectivo,Nicolás Zapata Londoño,Corte de cabello Basico,Yeison Barber
2483,356,4,3,2024-06-04 08:00:00,18000.00,atendida,nequi,Andrés Henao Díaz,Corte + lavado,Juancho El Indio
2484,1581,6,23,2024-02-06 18:00:00,14000.00,atendida,tarjeta,Sebastián Díaz Henao,Corte de cabello Basico + barba,Santi Premium
2485,825,10,28,2024-01-25 08:00:00,35000.00,atendida,tarjeta,Sebastián Silva Gutiérrez,Corte navaja,Yeison Barber
2486,1788,12,8,2024-12-21 17:00:00,12000.00,cancelada,tarjeta,Mateo Jiménez Parra,Corte moderno,Tato Fade
2487,1094,8,2,2023-08-02 08:00:00,16000.00,atendida,transferencia,Diana Parra Silva,Corte + lavado,Maicol Style
2488,209,15,27,2023-09-27 09:00:00,14000.00,atendida,efectivo,Sofia Ramos Peña,Tinte completo,Tomas Clipper
2489,1885,27,11,2023-09-26 10:00:00,22000.00,atendida,tarjeta,Sara Rodríguez Romero,Tratamiento anticaida,El Mono Barber
2490,1670,10,26,2024-11-01 11:00:00,35000.00,atendida,tarjeta,Gabriela Parra Parra,Corte navaja,Andres El Pro
2491,1072,23,18,2023-05-24 09:00:00,30000.00,atendida,efectivo,Kevin Salazar Romero,Keratina,Nico Estilo
2492,1196,27,28,2023-08-10 14:00:00,22000.00,atendida,efectivo,Angie Sánchez Salazar,Tratamiento anticaida,Yeison Barber
2493,1265,29,7,2023-02-02 11:00:00,50000.00,atendida,efectivo,Oscar Guerrero Henao,Coloracion fantasia,Pipe El Crack
2494,1864,3,12,2024-11-13 09:00:00,8000.00,atendida,efectivo,Diego Zapata Ocampo,Arreglo de barba,Duvan Fresh
2495,199,13,31,2024-07-13 17:00:00,18000.00,atendida,efectivo,Lizeth Ortiz Muñoz,Corte infantil,Cristian Fade
2496,948,2,17,2023-08-20 15:00:00,15000.00,cancelada,tarjeta,Miguel Arias Rojas,Corte de cabello Basico + barba,Kevin El Maestro
2497,1823,17,5,2024-12-01 08:00:00,20000.00,cancelada,daviplata,Xiomara Ramírez López,Barba + hidratacion,El Vikingo
2498,678,28,20,2024-04-16 15:00:00,55000.00,atendida,nequi,Claudia Ortiz Rivera,Pack novio completo,El Paisa Cuts
2499,753,6,14,2023-01-08 08:00:00,14000.00,atendida,daviplata,Patricia Rodríguez Suárez,Corte de cabello Basico + barba,El Tigre Cuts
2500,1074,26,4,2024-11-20 10:00:00,50000.00,atendida,efectivo,Santiago Arias Guerrero,Masaje capilar,Mateo Barber
2501,1041,19,8,2023-01-06 17:00:00,60000.00,atendida,transferencia,Jorge Suárez Gutiérrez,Cejas + barba,Tato Fade
2502,1856,10,20,2024-02-25 12:00:00,35000.00,atendida,tarjeta,Johana Arias Bedoya,Corte navaja,El Paisa Cuts
2503,1216,22,10,2023-03-19 15:00:00,15000.00,atendida,nequi,Duvan Ramos Ospina,Hidratacion capilar,Yeferson King
2504,1737,14,19,2024-12-17 15:00:00,15000.00,atendida,nequi,Oscar Henao Suárez,Corte + tinte,Fercho Barber
2505,713,24,22,2024-07-25 17:00:00,50000.00,atendida,tarjeta,Carlos Castro Rodríguez,Corte + barba + cejas,Diego Fadero
2506,905,25,6,2024-01-22 15:00:00,80000.00,atendida,nequi,Ricardo Cruz Londoño,Corte + hidratacion,Chelo Cuts
2507,1449,14,7,2023-06-10 14:00:00,15000.00,cancelada,nequi,Diana Arias Ospina,Corte + tinte,Pipe El Crack
2508,177,5,18,2024-05-02 11:00:00,15000.00,atendida,efectivo,Mauricio Moreno Londoño,Corte de cabello Basico,Nico Estilo
2509,97,7,9,2023-10-16 12:00:00,13000.00,atendida,tarjeta,Claudia Romero Herrera,Arreglo de barba,Brayan Scissors
2510,101,30,5,2023-01-01 08:00:00,40000.00,atendida,nequi,Ana Moreno Cárdenas,Corte + lavado + barba,El Vikingo
2511,1526,16,9,2024-11-15 08:00:00,8000.00,atendida,transferencia,Duvan López Bedoya,Barba completa,Brayan Scissors
2512,1835,22,16,2023-02-10 14:00:00,15000.00,atendida,nequi,Patricia Zapata Moreno,Hidratacion capilar,Sebastián Blade
2513,201,19,4,2024-06-25 18:00:00,60000.00,atendida,efectivo,Ricardo Gutiérrez Díaz,Cejas + barba,Mateo Barber
2514,1882,8,9,2023-01-07 09:00:00,16000.00,atendida,daviplata,Paola Pérez Ocampo,Corte + lavado,Brayan Scissors
2515,1922,26,23,2023-08-26 15:00:00,50000.00,cancelada,tarjeta,Duvan González Ramos,Masaje capilar,Santi Premium
2516,1613,27,10,2024-02-22 15:00:00,22000.00,atendida,daviplata,Xiomara Espinoza Parra,Tratamiento anticaida,Yeferson King
2517,292,13,25,2024-05-23 16:00:00,18000.00,atendida,transferencia,Mariana Arias Herrera,Corte infantil,Lucho Precision
2518,508,7,15,2024-05-17 10:00:00,13000.00,atendida,transferencia,Andrea Vega Peña,Arreglo de barba,Jhon Navajas
2519,257,4,17,2024-12-17 16:00:00,18000.00,cancelada,efectivo,Sofia Rojas Cárdenas,Corte + lavado,Kevin El Maestro
2520,1643,17,30,2024-07-16 17:00:00,20000.00,atendida,nequi,Diana García Rojas,Barba + hidratacion,Pipe Navajas
2521,595,9,13,2024-09-24 14:00:00,10000.00,atendida,nequi,Diana Gutiérrez Ramos,Corte degradado,Camilo Pro
2522,1156,18,5,2023-11-10 12:00:00,22000.00,atendida,transferencia,Cristian Gutiérrez Gutiérrez,Afeitado clasico navaja,El Vikingo
2523,1395,26,22,2023-10-25 12:00:00,50000.00,atendida,efectivo,Santiago Cárdenas García,Masaje capilar,Diego Fadero
2524,230,11,20,2024-02-21 14:00:00,25000.00,cancelada,tarjeta,Kevin Ríos Arias,Corte clasico,El Paisa Cuts
2525,240,26,15,2024-09-21 12:00:00,50000.00,atendida,nequi,Cristian Moreno Cruz,Masaje capilar,Jhon Navajas
2526,952,24,11,2023-11-26 17:00:00,50000.00,atendida,nequi,Daniela Cruz Herrera,Corte + barba + cejas,El Mono Barber
2527,1338,23,11,2024-04-29 11:00:00,30000.00,cancelada,tarjeta,Fabian Parra Ocampo,Keratina,El Mono Barber
2528,55,13,10,2024-08-02 09:00:00,18000.00,cancelada,daviplata,Paula Martínez Londoño,Corte infantil,Yeferson King
2529,1876,25,11,2023-02-14 08:00:00,80000.00,atendida,efectivo,Marcela Vega García,Corte + hidratacion,El Mono Barber
2530,286,20,17,2024-02-16 16:00:00,22000.00,atendida,efectivo,Monica Parra Salazar,Depilacion de cejas,Kevin El Maestro
2531,1821,12,23,2023-01-20 17:00:00,12000.00,atendida,transferencia,Oscar Guerrero Ríos,Corte moderno,Santi Premium
2532,1686,10,28,2024-12-27 09:00:00,35000.00,cancelada,tarjeta,Rodrigo Suárez Ortiz,Corte navaja,Yeison Barber
2533,1136,3,17,2023-11-21 12:00:00,8000.00,atendida,efectivo,Angie Díaz Peña,Arreglo de barba,Kevin El Maestro
2534,765,26,15,2023-02-12 15:00:00,50000.00,atendida,transferencia,Diego Vargas Rodríguez,Masaje capilar,Jhon Navajas
2535,353,2,20,2023-06-02 10:00:00,15000.00,atendida,nequi,Paula Jiménez Silva,Corte de cabello Basico + barba,El Paisa Cuts
2536,613,15,16,2023-12-25 15:00:00,14000.00,atendida,efectivo,Fernando Herrera Londoño,Tinte completo,Sebastián Blade
2537,1620,7,14,2023-12-13 14:00:00,13000.00,atendida,nequi,Diego Mendoza García,Arreglo de barba,El Tigre Cuts
2538,1102,21,10,2024-01-18 15:00:00,25000.00,atendida,nequi,Raúl Vega Guerrero,Limpieza facial,Yeferson King
2539,587,9,9,2023-12-14 12:00:00,10000.00,atendida,transferencia,Natalia Ortiz Pérez,Corte degradado,Brayan Scissors
2540,1778,24,24,2023-11-27 18:00:00,50000.00,atendida,tarjeta,Catalina Torres Montoya,Corte + barba + cejas,El Negro Barber
2541,180,12,20,2024-10-16 15:00:00,12000.00,cancelada,daviplata,Cristian Medina Flores,Corte moderno,El Paisa Cuts
2542,942,24,8,2023-06-26 15:00:00,50000.00,cancelada,nequi,Sara Pérez González,Corte + barba + cejas,Tato Fade
2543,1920,9,8,2023-05-17 08:00:00,10000.00,atendida,nequi,Marcela Delgado Castro,Corte degradado,Tato Fade
2544,1592,27,19,2024-01-21 12:00:00,22000.00,atendida,efectivo,Sofia Zapata Ramírez,Tratamiento anticaida,Fercho Barber
2545,1775,10,22,2023-04-09 16:00:00,35000.00,atendida,daviplata,Paola García Cruz,Corte navaja,Diego Fadero
2546,270,8,9,2023-09-15 18:00:00,16000.00,atendida,nequi,Nathaly Torres Jiménez,Corte + lavado,Brayan Scissors
2547,269,30,7,2023-10-24 11:00:00,40000.00,atendida,tarjeta,Yulieth Ospina López,Corte + lavado + barba,Pipe El Crack
2548,766,2,10,2023-04-04 09:00:00,15000.00,atendida,nequi,Oscar García Romero,Corte de cabello Basico + barba,Yeferson King
2549,1866,20,19,2023-12-13 08:00:00,22000.00,atendida,efectivo,Nicolás Silva Ortiz,Depilacion de cejas,Fercho Barber
2550,1992,15,2,2024-09-27 12:00:00,14000.00,cancelada,tarjeta,Jorge Rojas Espinoza,Tinte completo,Maicol Style
2551,1946,4,18,2024-05-20 18:00:00,18000.00,atendida,daviplata,Patricia Gómez Ramos,Corte + lavado,Nico Estilo
2552,595,25,27,2023-05-08 08:00:00,80000.00,cancelada,transferencia,Diana Gutiérrez Ramos,Corte + hidratacion,Tomas Clipper
2553,843,27,6,2024-11-24 11:00:00,22000.00,atendida,nequi,Esteban Torres Ramos,Tratamiento anticaida,Chelo Cuts
2554,1474,30,28,2023-09-04 18:00:00,40000.00,cancelada,nequi,Miguel Pérez Herrera,Corte + lavado + barba,Yeison Barber
2555,253,12,26,2023-05-05 16:00:00,12000.00,atendida,efectivo,Johana Castro Jiménez,Corte moderno,Andres El Pro
2556,544,3,18,2023-12-28 10:00:00,8000.00,atendida,tarjeta,Nicolás Zapata Londoño,Arreglo de barba,Nico Estilo
2557,1713,19,23,2024-06-01 11:00:00,60000.00,cancelada,nequi,Jhon Peña Ríos,Cejas + barba,Santi Premium
2558,1106,8,9,2023-09-16 10:00:00,16000.00,atendida,efectivo,Wilmar Ramírez Mendoza,Corte + lavado,Brayan Scissors
2559,347,29,21,2023-01-22 10:00:00,50000.00,atendida,daviplata,Paola Torres Reyes,Coloracion fantasia,Wilmar Style
2560,627,23,12,2023-01-18 08:00:00,30000.00,atendida,transferencia,Carlos Rivera Morales,Keratina,Duvan Fresh
2561,651,21,17,2024-11-28 18:00:00,25000.00,atendida,transferencia,Oscar Suárez Reyes,Limpieza facial,Kevin El Maestro
2562,1905,19,12,2024-03-26 11:00:00,60000.00,atendida,transferencia,Deisy Flores Londoño,Cejas + barba,Duvan Fresh
2563,534,23,23,2024-10-16 12:00:00,30000.00,atendida,nequi,Fabian Rivera Ocampo,Keratina,Santi Premium
2564,1856,2,21,2024-02-03 08:00:00,15000.00,cancelada,efectivo,Johana Arias Bedoya,Corte de cabello Basico + barba,Wilmar Style
2565,1755,11,2,2024-09-07 14:00:00,25000.00,cancelada,efectivo,Daniela Arias Castro,Corte clasico,Maicol Style
2566,1513,27,7,2024-11-14 12:00:00,22000.00,cancelada,nequi,Alejandro Mendoza Ríos,Tratamiento anticaida,Pipe El Crack
2567,1481,4,11,2024-03-11 12:00:00,18000.00,atendida,daviplata,Nicolás Rodríguez Flores,Corte + lavado,El Mono Barber
2568,1281,9,20,2024-03-10 18:00:00,10000.00,atendida,transferencia,Leidy Díaz Zapata,Corte degradado,El Paisa Cuts
2569,1821,19,11,2023-11-19 18:00:00,60000.00,atendida,daviplata,Oscar Guerrero Ríos,Cejas + barba,El Mono Barber
2570,275,23,19,2024-08-11 16:00:00,30000.00,atendida,nequi,Ana Torres Henao,Keratina,Fercho Barber
2571,1261,19,12,2024-03-24 15:00:00,60000.00,atendida,efectivo,Oscar Reyes Díaz,Cejas + barba,Duvan Fresh
2572,732,12,15,2023-03-09 18:00:00,12000.00,atendida,daviplata,Patricia Jiménez Romero,Corte moderno,Jhon Navajas
2573,1326,4,6,2024-01-22 10:00:00,18000.00,atendida,tarjeta,Ricardo Parra Torres,Corte + lavado,Chelo Cuts
2574,536,20,31,2023-02-23 10:00:00,22000.00,atendida,efectivo,Santiago Ramírez Mendoza,Depilacion de cejas,Cristian Fade
2575,49,22,11,2023-12-22 12:00:00,15000.00,atendida,transferencia,David López Ocampo,Hidratacion capilar,El Mono Barber
2576,1799,23,19,2024-05-22 15:00:00,30000.00,atendida,transferencia,Felipe Ortiz Ocampo,Keratina,Fercho Barber
2577,2025,15,6,2024-04-04 15:00:00,14000.00,cancelada,efectivo,Lizeth Martínez González,Tinte completo,Chelo Cuts
2578,753,1,5,2023-01-13 10:00:00,12000.00,cancelada,daviplata,Patricia Rodríguez Suárez,Corte de cabello Basico,El Vikingo
2579,196,7,21,2024-05-21 08:00:00,13000.00,atendida,efectivo,Samuel Ruiz Zapata,Arreglo de barba,Wilmar Style
2580,657,6,2,2024-05-13 14:00:00,14000.00,cancelada,transferencia,Brayan Mendoza Henao,Corte de cabello Basico + barba,Maicol Style
2581,1434,9,31,2024-10-20 18:00:00,10000.00,atendida,nequi,Nathaly Reyes Gómez,Corte degradado,Cristian Fade
2582,232,12,12,2024-08-12 11:00:00,12000.00,atendida,transferencia,Lizeth Reyes Cruz,Corte moderno,Duvan Fresh
2583,1290,29,2,2023-03-16 08:00:00,50000.00,atendida,tarjeta,Sara Zapata Suárez,Coloracion fantasia,Maicol Style
2584,300,9,20,2023-06-15 10:00:00,10000.00,atendida,transferencia,Julián Salazar Guerrero,Corte degradado,El Paisa Cuts
2585,1408,12,8,2023-05-16 09:00:00,12000.00,cancelada,nequi,Jhon Gómez Ramos,Corte moderno,Tato Fade
2586,982,13,7,2024-09-08 16:00:00,18000.00,atendida,transferencia,Ana Suárez Reyes,Corte infantil,Pipe El Crack
2587,1845,8,14,2024-02-18 09:00:00,16000.00,atendida,efectivo,David Henao Pérez,Corte + lavado,El Tigre Cuts
2588,929,1,12,2024-04-29 09:00:00,12000.00,atendida,tarjeta,Carolina García Rojas,Corte de cabello Basico,Duvan Fresh
2589,963,23,2,2023-05-20 18:00:00,30000.00,atendida,tarjeta,Jorge Jiménez Reyes,Keratina,Maicol Style
2590,1899,18,9,2024-12-30 18:00:00,22000.00,atendida,efectivo,Jhon Cárdenas Jiménez,Afeitado clasico navaja,Brayan Scissors
2591,1493,21,23,2024-05-25 16:00:00,25000.00,atendida,daviplata,Julián Moreno Gutiérrez,Limpieza facial,Santi Premium
2592,1617,13,5,2023-10-19 10:00:00,18000.00,atendida,transferencia,Claudia Flores Rivera,Corte infantil,El Vikingo
2593,876,19,5,2023-04-12 14:00:00,60000.00,cancelada,efectivo,Luis Ríos Espinoza,Cejas + barba,El Vikingo
2594,1525,15,15,2024-09-13 17:00:00,14000.00,cancelada,tarjeta,Isabella Gómez Bedoya,Tinte completo,Jhon Navajas
2595,630,2,26,2024-06-21 12:00:00,15000.00,atendida,tarjeta,Laura Montoya Correa,Corte de cabello Basico + barba,Andres El Pro
2596,1821,29,5,2023-12-16 08:00:00,50000.00,cancelada,nequi,Oscar Guerrero Ríos,Coloracion fantasia,El Vikingo
2597,870,27,2,2023-09-22 08:00:00,22000.00,atendida,efectivo,Nicolás Morales Martínez,Tratamiento anticaida,Maicol Style
2598,1930,26,4,2024-10-14 16:00:00,50000.00,atendida,nequi,Alejandro Martínez Espinoza,Masaje capilar,Mateo Barber
2599,1259,29,31,2023-01-16 17:00:00,50000.00,cancelada,tarjeta,Jhon Ramos Peña,Coloracion fantasia,Cristian Fade
2600,268,2,26,2023-11-06 10:00:00,15000.00,cancelada,transferencia,Catalina Herrera Rojas,Corte de cabello Basico + barba,Andres El Pro
2601,62,17,10,2023-06-20 15:00:00,20000.00,atendida,transferencia,Angie Rivera Vargas,Barba + hidratacion,Yeferson King
2602,1187,2,8,2024-08-07 09:00:00,15000.00,atendida,daviplata,Ricardo Rojas Ortiz,Corte de cabello Basico + barba,Tato Fade
2603,639,13,17,2024-04-07 15:00:00,18000.00,atendida,tarjeta,Paula Rivera Henao,Corte infantil,Kevin El Maestro
2604,1194,17,15,2023-06-13 16:00:00,20000.00,atendida,efectivo,Laura Vargas Peña,Barba + hidratacion,Jhon Navajas
2605,1397,17,26,2023-02-09 16:00:00,20000.00,atendida,transferencia,Miguel Londoño Romero,Barba + hidratacion,Andres El Pro
2606,1840,19,11,2023-03-23 14:00:00,60000.00,cancelada,nequi,Juan Delgado Medina,Cejas + barba,El Mono Barber
2607,709,22,13,2024-04-13 10:00:00,15000.00,atendida,daviplata,Sebastián Moreno López,Hidratacion capilar,Camilo Pro
2608,1031,13,26,2023-05-05 11:00:00,18000.00,atendida,daviplata,Adriana Rivera Rodríguez,Corte infantil,Andres El Pro
2609,933,12,26,2023-07-10 15:00:00,12000.00,atendida,efectivo,Ricardo Medina Guerrero,Corte moderno,Andres El Pro
2610,1682,13,21,2023-02-12 11:00:00,18000.00,cancelada,nequi,Natalia Pérez Cruz,Corte infantil,Wilmar Style
2611,866,20,6,2023-11-26 10:00:00,22000.00,atendida,tarjeta,Paola Vega Cárdenas,Depilacion de cejas,Chelo Cuts
2612,67,21,13,2023-11-18 12:00:00,25000.00,atendida,tarjeta,Johana Espinoza Jiménez,Limpieza facial,Camilo Pro
2613,1759,12,3,2023-04-20 17:00:00,12000.00,cancelada,nequi,Melissa Ortiz Delgado,Corte moderno,Juancho El Indio
2614,1485,18,11,2023-02-24 14:00:00,22000.00,cancelada,efectivo,Angie Arias Moreno,Afeitado clasico navaja,El Mono Barber
2615,998,17,20,2024-01-28 11:00:00,20000.00,cancelada,efectivo,Catalina Rodríguez Suárez,Barba + hidratacion,El Paisa Cuts
2616,605,27,15,2023-05-23 08:00:00,22000.00,atendida,nequi,Santiago Morales Herrera,Tratamiento anticaida,Jhon Navajas
2617,1584,21,3,2023-01-26 08:00:00,25000.00,atendida,transferencia,Maria González González,Limpieza facial,Juancho El Indio
2618,1640,3,25,2024-09-12 14:00:00,8000.00,cancelada,tarjeta,Monica Herrera Peña,Arreglo de barba,Lucho Precision
2619,1873,28,15,2024-09-25 18:00:00,55000.00,atendida,nequi,Wilmar Cruz Martínez,Pack novio completo,Jhon Navajas
2620,46,25,31,2023-03-07 15:00:00,80000.00,atendida,nequi,Lucia Rodríguez Silva,Corte + hidratacion,Cristian Fade
2621,1476,22,6,2023-12-15 09:00:00,15000.00,atendida,efectivo,Patricia Jiménez Flores,Hidratacion capilar,Chelo Cuts
2622,1586,30,5,2024-11-10 16:00:00,40000.00,atendida,tarjeta,Andrés Vargas Sánchez,Corte + lavado + barba,El Vikingo
2623,1985,23,23,2024-01-05 16:00:00,30000.00,cancelada,daviplata,Ana Rodríguez Martínez,Keratina,Santi Premium
2624,1149,7,25,2023-06-22 16:00:00,13000.00,atendida,nequi,Mateo Peña Ocampo,Arreglo de barba,Lucho Precision
2625,733,21,10,2023-09-08 09:00:00,25000.00,atendida,transferencia,Yeison Espinoza Espinoza,Limpieza facial,Yeferson King
2626,1595,8,16,2024-09-04 14:00:00,16000.00,atendida,nequi,Andrea Morales Peña,Corte + lavado,Sebastián Blade
2627,1747,11,20,2024-02-17 14:00:00,25000.00,cancelada,transferencia,Sofia Muñoz Morales,Corte clasico,El Paisa Cuts
2628,1959,8,29,2024-07-11 16:00:00,16000.00,cancelada,nequi,Camila Correa Reyes,Corte + lavado,El Calvo Cuts
2629,1674,29,31,2023-11-13 18:00:00,50000.00,atendida,daviplata,Samuel Ocampo Martínez,Coloracion fantasia,Cristian Fade
2630,1217,3,3,2023-05-26 16:00:00,8000.00,atendida,daviplata,Fernando Arias García,Arreglo de barba,Juancho El Indio
2631,1440,28,7,2024-05-10 11:00:00,55000.00,cancelada,transferencia,Diego Zapata Salazar,Pack novio completo,Pipe El Crack
2632,956,16,12,2023-03-18 11:00:00,8000.00,cancelada,efectivo,Wilmar Rivera Torres,Barba completa,Duvan Fresh
2633,973,29,23,2024-09-23 18:00:00,50000.00,atendida,transferencia,Angie Romero Gómez,Coloracion fantasia,Santi Premium
2634,925,16,15,2023-08-02 08:00:00,8000.00,atendida,daviplata,Duvan Ramos Ramírez,Barba completa,Jhon Navajas
2635,1260,21,10,2023-06-09 11:00:00,25000.00,atendida,nequi,Diego Montoya Morales,Limpieza facial,Yeferson King
2636,185,25,30,2023-04-30 10:00:00,80000.00,atendida,tarjeta,Paola Moreno Correa,Corte + hidratacion,Pipe Navajas
2637,2030,21,15,2024-04-26 17:00:00,25000.00,atendida,tarjeta,Fabian Henao Jiménez,Limpieza facial,Jhon Navajas
2638,533,25,16,2023-01-08 18:00:00,80000.00,cancelada,tarjeta,Brayan Gómez Romero,Corte + hidratacion,Sebastián Blade
2639,1322,14,16,2024-10-06 16:00:00,15000.00,cancelada,transferencia,Yeison Ospina Cruz,Corte + tinte,Sebastián Blade
2640,216,28,27,2023-06-24 10:00:00,55000.00,atendida,tarjeta,Natalia Jiménez Ruiz,Pack novio completo,Tomas Clipper
2641,1805,24,27,2023-03-30 11:00:00,50000.00,atendida,transferencia,Sebastián Ríos Rivera,Corte + barba + cejas,Tomas Clipper
2642,442,23,30,2023-03-04 14:00:00,30000.00,atendida,daviplata,Lucia Castro Herrera,Keratina,Pipe Navajas
2643,549,9,30,2023-03-14 11:00:00,10000.00,atendida,efectivo,Diego Ospina Morales,Corte degradado,Pipe Navajas
2644,844,19,28,2023-12-13 12:00:00,60000.00,atendida,tarjeta,Yesid Torres Arias,Cejas + barba,Yeison Barber
2645,1684,6,31,2024-08-14 16:00:00,14000.00,atendida,daviplata,Nathaly Cárdenas Morales,Corte de cabello Basico + barba,Cristian Fade
2646,1398,3,26,2023-03-30 11:00:00,8000.00,atendida,tarjeta,Cristian Rodríguez Romero,Arreglo de barba,Andres El Pro
2647,1279,17,3,2023-02-14 11:00:00,20000.00,cancelada,tarjeta,Kevin Guerrero Guerrero,Barba + hidratacion,Juancho El Indio
2648,1586,29,30,2023-06-30 16:00:00,50000.00,atendida,tarjeta,Andrés Vargas Sánchez,Coloracion fantasia,Pipe Navajas
2649,1911,18,26,2023-08-15 14:00:00,22000.00,atendida,daviplata,Yeison Díaz Gómez,Afeitado clasico navaja,Andres El Pro
2650,776,30,11,2024-12-18 16:00:00,40000.00,cancelada,transferencia,Sergio Martínez Rodríguez,Corte + lavado + barba,El Mono Barber
2651,1075,19,24,2024-10-02 17:00:00,60000.00,cancelada,daviplata,Deisy Muñoz Guerrero,Cejas + barba,El Negro Barber
2652,755,15,12,2023-11-24 15:00:00,14000.00,cancelada,transferencia,Ricardo Muñoz Rivera,Tinte completo,Duvan Fresh
2653,65,22,9,2023-12-03 12:00:00,15000.00,atendida,efectivo,Paola Ramírez Ospina,Hidratacion capilar,Brayan Scissors
2654,2025,7,31,2023-01-07 10:00:00,13000.00,cancelada,tarjeta,Lizeth Martínez González,Arreglo de barba,Cristian Fade
2655,1510,18,12,2023-01-31 08:00:00,22000.00,cancelada,transferencia,Deisy Flores Ortiz,Afeitado clasico navaja,Duvan Fresh
2656,1398,26,13,2023-04-30 10:00:00,50000.00,atendida,transferencia,Cristian Rodríguez Romero,Masaje capilar,Camilo Pro
2657,630,25,18,2023-06-14 17:00:00,80000.00,cancelada,daviplata,Laura Montoya Correa,Corte + hidratacion,Nico Estilo
2658,894,18,30,2024-11-07 15:00:00,22000.00,atendida,nequi,Wilmar Gómez Gutiérrez,Afeitado clasico navaja,Pipe Navajas
2659,1227,26,10,2024-04-12 08:00:00,50000.00,atendida,tarjeta,Sebastián Montoya Bedoya,Masaje capilar,Yeferson King
2660,811,19,20,2024-04-05 12:00:00,60000.00,atendida,efectivo,Melissa Cruz Romero,Cejas + barba,El Paisa Cuts
2661,144,16,21,2023-05-18 12:00:00,8000.00,atendida,nequi,Esteban Muñoz Gutiérrez,Barba completa,Wilmar Style
2662,75,22,18,2024-05-23 14:00:00,15000.00,atendida,nequi,Marcela Peña López,Hidratacion capilar,Nico Estilo
2663,628,25,8,2023-07-11 08:00:00,80000.00,atendida,efectivo,Maria Romero Ospina,Corte + hidratacion,Tato Fade
2664,968,26,16,2023-02-23 17:00:00,50000.00,cancelada,nequi,David Londoño González,Masaje capilar,Sebastián Blade
2665,61,15,8,2024-11-08 17:00:00,14000.00,atendida,tarjeta,Carolina Romero Rojas,Tinte completo,Tato Fade
2666,521,18,24,2024-03-06 15:00:00,22000.00,atendida,efectivo,Yesid Ramos Ramírez,Afeitado clasico navaja,El Negro Barber
2667,1748,30,5,2023-09-15 18:00:00,40000.00,atendida,daviplata,Cristian Arias Suárez,Corte + lavado + barba,El Vikingo
2668,1200,20,19,2023-09-01 12:00:00,22000.00,cancelada,nequi,Laura Correa Castro,Depilacion de cejas,Fercho Barber
2669,1524,13,22,2023-09-14 16:00:00,18000.00,cancelada,daviplata,Dayana Montoya Guerrero,Corte infantil,Diego Fadero
2670,1884,8,4,2023-03-01 12:00:00,16000.00,atendida,transferencia,Samuel Delgado Ruiz,Corte + lavado,Mateo Barber
2671,638,12,17,2023-12-23 15:00:00,12000.00,cancelada,nequi,Jorge Pérez Ríos,Corte moderno,Kevin El Maestro
2672,1149,28,8,2023-12-12 18:00:00,55000.00,atendida,tarjeta,Mateo Peña Ocampo,Pack novio completo,Tato Fade
2673,217,28,13,2023-06-12 11:00:00,55000.00,atendida,daviplata,Valentina Henao Ruiz,Pack novio completo,Camilo Pro
2674,731,24,4,2024-10-05 08:00:00,50000.00,atendida,daviplata,Luis Peña Jiménez,Corte + barba + cejas,Mateo Barber
2675,1469,3,25,2024-02-14 08:00:00,8000.00,cancelada,daviplata,Xiomara Ruiz Cruz,Arreglo de barba,Lucho Precision
2676,727,2,19,2023-12-31 17:00:00,15000.00,atendida,daviplata,Sergio Cárdenas Montoya,Corte de cabello Basico + barba,Fercho Barber
2677,1314,8,29,2024-09-25 16:00:00,16000.00,atendida,nequi,Nathaly Gutiérrez Cárdenas,Corte + lavado,El Calvo Cuts
2678,1139,3,21,2023-11-10 16:00:00,8000.00,atendida,nequi,Mateo López Mendoza,Arreglo de barba,Wilmar Style
2679,1334,20,4,2024-07-02 09:00:00,22000.00,cancelada,daviplata,Isabella Herrera Ríos,Depilacion de cejas,Mateo Barber
2680,1186,11,9,2024-12-09 14:00:00,25000.00,atendida,nequi,Carlos Jiménez Ríos,Corte clasico,Brayan Scissors
2681,1349,17,6,2024-12-04 14:00:00,20000.00,atendida,daviplata,Leidy Salazar Ruiz,Barba + hidratacion,Chelo Cuts
2682,410,3,26,2023-06-30 16:00:00,8000.00,atendida,tarjeta,Cristian Arias Peña,Arreglo de barba,Andres El Pro
2683,1453,19,8,2023-12-09 15:00:00,60000.00,atendida,transferencia,Diana Medina Montoya,Cejas + barba,Tato Fade
2684,468,11,5,2023-01-19 12:00:00,25000.00,cancelada,tarjeta,Alejandro Gutiérrez Parra,Corte clasico,El Vikingo
2685,973,15,19,2023-02-11 08:00:00,14000.00,atendida,transferencia,Angie Romero Gómez,Tinte completo,Fercho Barber
2686,185,24,5,2024-10-03 14:00:00,50000.00,atendida,nequi,Paola Moreno Correa,Corte + barba + cejas,El Vikingo
2687,1625,11,4,2024-06-10 11:00:00,25000.00,atendida,nequi,Diego Ospina Herrera,Corte clasico,Mateo Barber
2688,1048,12,27,2023-08-29 09:00:00,12000.00,atendida,daviplata,Jhon Bedoya García,Corte moderno,Tomas Clipper
2689,315,23,18,2023-11-20 10:00:00,30000.00,cancelada,transferencia,Andrés Cruz Vega,Keratina,Nico Estilo
2690,975,12,6,2023-04-04 08:00:00,12000.00,atendida,transferencia,Luis Ospina Flores,Corte moderno,Chelo Cuts
2691,489,13,19,2023-10-01 10:00:00,18000.00,atendida,tarjeta,Maria Romero Londoño,Corte infantil,Fercho Barber
2692,346,3,6,2024-11-28 10:00:00,8000.00,atendida,tarjeta,Wilmar Muñoz Suárez,Arreglo de barba,Chelo Cuts
2693,1376,13,22,2024-05-22 12:00:00,18000.00,atendida,nequi,Raúl Martínez Zapata,Corte infantil,Diego Fadero
2694,1461,28,19,2024-02-02 17:00:00,55000.00,atendida,efectivo,Rodrigo Suárez Silva,Pack novio completo,Fercho Barber
2695,579,4,2,2024-12-01 08:00:00,18000.00,atendida,nequi,Andrea Vargas Ramos,Corte + lavado,Maicol Style
2696,671,12,30,2024-09-29 09:00:00,12000.00,atendida,daviplata,Oscar Romero Mendoza,Corte moderno,Pipe Navajas
2697,775,24,15,2023-11-03 11:00:00,50000.00,atendida,daviplata,Maria Mendoza Ramírez,Corte + barba + cejas,Jhon Navajas
2698,1124,1,29,2024-01-02 12:00:00,12000.00,atendida,efectivo,Kevin Mendoza Londoño,Corte de cabello Basico,El Calvo Cuts
2699,1003,6,31,2023-06-13 12:00:00,14000.00,atendida,tarjeta,Maria Parra Castro,Corte de cabello Basico + barba,Cristian Fade
2700,656,6,13,2023-06-23 14:00:00,14000.00,atendida,daviplata,Adriana Cárdenas Parra,Corte de cabello Basico + barba,Camilo Pro
2701,1299,23,24,2023-11-23 16:00:00,30000.00,atendida,transferencia,Paola Muñoz Silva,Keratina,El Negro Barber
2702,1315,25,9,2023-05-15 12:00:00,80000.00,atendida,daviplata,Daniela Vega Silva,Corte + hidratacion,Brayan Scissors
2703,311,5,26,2024-10-29 11:00:00,15000.00,atendida,transferencia,Yeison González Londoño,Corte de cabello Basico,Andres El Pro
2704,1126,10,22,2023-11-20 12:00:00,35000.00,atendida,tarjeta,Jorge Gutiérrez Ríos,Corte navaja,Diego Fadero
2705,1255,24,27,2024-10-22 14:00:00,50000.00,atendida,nequi,Carlos Morales Jiménez,Corte + barba + cejas,Tomas Clipper
2706,1151,7,24,2024-10-26 18:00:00,13000.00,atendida,daviplata,Carlos Morales González,Arreglo de barba,El Negro Barber
2707,234,8,2,2024-08-01 14:00:00,16000.00,atendida,tarjeta,Fernando López Henao,Corte + lavado,Maicol Style
2708,1509,29,27,2024-02-03 09:00:00,50000.00,atendida,tarjeta,Jorge Reyes Vega,Coloracion fantasia,Tomas Clipper
2709,879,13,14,2024-09-06 12:00:00,18000.00,atendida,tarjeta,Santiago Vargas Jiménez,Corte infantil,El Tigre Cuts
2710,429,11,23,2023-08-29 15:00:00,25000.00,atendida,efectivo,Xiomara Herrera Martínez,Corte clasico,Santi Premium
2711,1894,29,17,2023-03-30 15:00:00,50000.00,atendida,tarjeta,Valentina Flores Jiménez,Coloracion fantasia,Kevin El Maestro
2712,1757,25,24,2024-11-15 11:00:00,80000.00,atendida,daviplata,Kevin Suárez Pérez,Corte + hidratacion,El Negro Barber
2713,1986,29,14,2024-10-14 15:00:00,50000.00,cancelada,efectivo,Dayana Díaz Rodríguez,Coloracion fantasia,El Tigre Cuts
2714,1462,9,20,2023-09-07 16:00:00,10000.00,atendida,tarjeta,Yesid Romero Rojas,Corte degradado,El Paisa Cuts
2715,475,7,26,2023-10-20 16:00:00,13000.00,cancelada,nequi,Juan Gutiérrez Morales,Arreglo de barba,Andres El Pro
2716,1417,17,19,2023-02-15 11:00:00,20000.00,atendida,daviplata,Xiomara Muñoz Silva,Barba + hidratacion,Fercho Barber
2717,1700,1,17,2023-02-27 14:00:00,12000.00,atendida,transferencia,Adriana Morales Ospina,Corte de cabello Basico,Kevin El Maestro
2718,904,19,25,2024-06-18 14:00:00,60000.00,atendida,efectivo,Carolina Díaz Cruz,Cejas + barba,Lucho Precision
2719,107,11,14,2023-01-15 17:00:00,25000.00,atendida,efectivo,Isabella Parra Gutiérrez,Corte clasico,El Tigre Cuts
2720,346,28,15,2024-01-06 12:00:00,55000.00,atendida,efectivo,Wilmar Muñoz Suárez,Pack novio completo,Jhon Navajas
2721,1943,25,10,2024-08-25 09:00:00,80000.00,atendida,nequi,Carlos Ríos Ortiz,Corte + hidratacion,Yeferson King
2722,271,15,6,2024-06-10 10:00:00,14000.00,atendida,tarjeta,Ferney Suárez Rodríguez,Tinte completo,Chelo Cuts
2723,1863,27,15,2023-04-16 16:00:00,22000.00,atendida,transferencia,Mateo Guerrero Mendoza,Tratamiento anticaida,Jhon Navajas
2724,1146,16,22,2023-11-27 16:00:00,8000.00,atendida,efectivo,Miguel Ruiz Muñoz,Barba completa,Diego Fadero
2725,1258,22,8,2023-09-27 17:00:00,15000.00,atendida,transferencia,Yeison Peña Reyes,Hidratacion capilar,Tato Fade
2726,160,13,31,2023-04-22 12:00:00,18000.00,cancelada,efectivo,Maria García Ramos,Corte infantil,Cristian Fade
2727,1541,20,7,2024-09-29 16:00:00,22000.00,cancelada,tarjeta,Duvan González Muñoz,Depilacion de cejas,Pipe El Crack
2728,568,26,25,2024-10-14 09:00:00,50000.00,atendida,tarjeta,Cristian Reyes Rivera,Masaje capilar,Lucho Precision
2729,1708,4,25,2023-08-23 11:00:00,18000.00,atendida,daviplata,Xiomara López Ramírez,Corte + lavado,Lucho Precision
2730,618,9,28,2023-05-21 17:00:00,10000.00,atendida,daviplata,Patricia Vega Gómez,Corte degradado,Yeison Barber
2731,1419,25,12,2023-04-27 18:00:00,80000.00,cancelada,daviplata,Wilmar Jiménez Vega,Corte + hidratacion,Duvan Fresh
2732,1994,16,18,2023-04-06 17:00:00,8000.00,cancelada,transferencia,Nicolás Moreno Montoya,Barba completa,Nico Estilo
2733,810,4,8,2023-08-13 08:00:00,18000.00,atendida,efectivo,Paola Romero Peña,Corte + lavado,Tato Fade
2734,103,17,22,2024-10-17 12:00:00,20000.00,atendida,efectivo,Mauricio Sánchez Rodríguez,Barba + hidratacion,Diego Fadero
2735,98,29,18,2024-03-20 16:00:00,50000.00,atendida,tarjeta,Julián Henao Bedoya,Coloracion fantasia,Nico Estilo
2736,1221,21,20,2024-01-21 14:00:00,25000.00,cancelada,tarjeta,Adriana Parra Jiménez,Limpieza facial,El Paisa Cuts
2737,1830,19,24,2023-02-27 11:00:00,60000.00,atendida,transferencia,Rodrigo Silva Rivera,Cejas + barba,El Negro Barber
2738,1336,3,10,2023-02-27 10:00:00,8000.00,cancelada,nequi,Nathaly Medina Parra,Arreglo de barba,Yeferson King
2739,1562,6,20,2023-03-12 10:00:00,14000.00,cancelada,nequi,Yeison Romero Morales,Corte de cabello Basico + barba,El Paisa Cuts
2740,435,27,11,2024-10-09 09:00:00,22000.00,cancelada,transferencia,Juan Silva Espinoza,Tratamiento anticaida,El Mono Barber
2741,1300,16,10,2023-10-27 17:00:00,8000.00,atendida,efectivo,Catalina Cruz Silva,Barba completa,Yeferson King
2742,1590,3,2,2023-10-11 15:00:00,8000.00,atendida,daviplata,Paula Ospina Guerrero,Arreglo de barba,Maicol Style
2743,82,12,31,2024-07-14 18:00:00,12000.00,atendida,efectivo,Mauricio Silva Bedoya,Corte moderno,Cristian Fade
2744,600,7,4,2023-08-25 16:00:00,13000.00,atendida,daviplata,Ferney López Arias,Arreglo de barba,Mateo Barber
2745,784,23,25,2024-02-25 08:00:00,30000.00,cancelada,daviplata,Yesid Herrera Ramos,Keratina,Lucho Precision
2746,274,5,30,2023-11-06 10:00:00,15000.00,cancelada,transferencia,Ana Correa Morales,Corte de cabello Basico,Pipe Navajas
2747,199,26,25,2023-03-03 17:00:00,50000.00,atendida,efectivo,Lizeth Ortiz Muñoz,Masaje capilar,Lucho Precision
2748,1177,9,19,2024-12-04 10:00:00,10000.00,atendida,transferencia,Gabriela Silva Ortiz,Corte degradado,Fercho Barber
2749,816,29,23,2023-02-20 09:00:00,50000.00,atendida,nequi,Brayan Salazar Pérez,Coloracion fantasia,Santi Premium
2750,1171,1,13,2024-04-27 14:00:00,12000.00,atendida,tarjeta,Alejandro Zapata Suárez,Corte de cabello Basico,Camilo Pro
2751,1914,23,31,2024-11-09 17:00:00,30000.00,cancelada,tarjeta,Melissa Ramírez Ramírez,Keratina,Cristian Fade
2752,407,5,17,2023-03-17 08:00:00,15000.00,atendida,efectivo,Sebastián Mendoza Torres,Corte de cabello Basico,Kevin El Maestro
2753,1586,11,3,2023-03-13 17:00:00,25000.00,atendida,tarjeta,Andrés Vargas Sánchez,Corte clasico,Juancho El Indio
2754,1809,4,11,2024-11-07 18:00:00,18000.00,atendida,nequi,Camila Martínez Rodríguez,Corte + lavado,El Mono Barber
2755,1960,7,30,2023-10-01 09:00:00,13000.00,cancelada,daviplata,Lucia Ocampo Rodríguez,Arreglo de barba,Pipe Navajas
2756,629,23,31,2024-11-18 14:00:00,30000.00,atendida,nequi,Andrea Gutiérrez Mendoza,Keratina,Cristian Fade
2757,485,6,6,2023-06-08 17:00:00,14000.00,atendida,tarjeta,Xiomara Pérez Espinoza,Corte de cabello Basico + barba,Chelo Cuts
2758,625,24,21,2024-03-25 10:00:00,50000.00,cancelada,efectivo,Mariana Delgado Henao,Corte + barba + cejas,Wilmar Style
2759,1637,2,18,2024-02-02 09:00:00,15000.00,atendida,tarjeta,Felipe Moreno Suárez,Corte de cabello Basico + barba,Nico Estilo
2760,271,11,26,2023-08-17 14:00:00,25000.00,cancelada,transferencia,Ferney Suárez Rodríguez,Corte clasico,Andres El Pro
2761,1994,6,18,2023-03-12 12:00:00,14000.00,cancelada,daviplata,Nicolás Moreno Montoya,Corte de cabello Basico + barba,Nico Estilo
2762,1680,25,15,2024-03-18 11:00:00,80000.00,atendida,efectivo,Laura Ortiz Silva,Corte + hidratacion,Jhon Navajas
2763,855,17,11,2023-04-03 16:00:00,20000.00,atendida,daviplata,Sofia Zapata González,Barba + hidratacion,El Mono Barber
2764,2013,18,8,2023-02-02 08:00:00,22000.00,atendida,efectivo,Isabella Bedoya Jiménez,Afeitado clasico navaja,Tato Fade
2765,274,22,26,2024-09-22 17:00:00,15000.00,atendida,daviplata,Ana Correa Morales,Hidratacion capilar,Andres El Pro
2766,846,8,19,2023-11-08 17:00:00,16000.00,atendida,nequi,Juan Peña Díaz,Corte + lavado,Fercho Barber
2767,1180,13,21,2023-11-30 11:00:00,18000.00,atendida,tarjeta,Brayan Flores Mendoza,Corte infantil,Wilmar Style
2768,1759,20,18,2024-04-06 18:00:00,22000.00,cancelada,efectivo,Melissa Ortiz Delgado,Depilacion de cejas,Nico Estilo
2769,622,25,26,2024-12-01 15:00:00,80000.00,atendida,efectivo,Andrea Espinoza Sánchez,Corte + hidratacion,Andres El Pro
2770,1475,6,30,2024-04-07 08:00:00,14000.00,atendida,tarjeta,Laura Arias Herrera,Corte de cabello Basico + barba,Pipe Navajas
2771,333,11,9,2023-01-03 16:00:00,25000.00,atendida,nequi,Samuel Reyes Pérez,Corte clasico,Brayan Scissors
2772,870,11,13,2024-03-21 12:00:00,25000.00,atendida,tarjeta,Nicolás Morales Martínez,Corte clasico,Camilo Pro
2773,632,13,23,2023-05-15 09:00:00,18000.00,atendida,daviplata,Hernán Ocampo Guerrero,Corte infantil,Santi Premium
2774,304,22,28,2023-06-14 15:00:00,15000.00,atendida,daviplata,Santiago Rodríguez Morales,Hidratacion capilar,Yeison Barber
2775,776,28,15,2023-12-31 10:00:00,55000.00,atendida,tarjeta,Sergio Martínez Rodríguez,Pack novio completo,Jhon Navajas
2776,1312,9,22,2024-12-24 12:00:00,10000.00,atendida,tarjeta,Esteban Parra Ortiz,Corte degradado,Diego Fadero
2777,531,11,5,2024-06-09 08:00:00,25000.00,atendida,nequi,Sofia Bedoya Rodríguez,Corte clasico,El Vikingo
2778,1989,8,7,2023-01-24 12:00:00,16000.00,atendida,nequi,Wilmar Zapata Muñoz,Corte + lavado,Pipe El Crack
2779,383,29,20,2023-12-17 15:00:00,50000.00,atendida,daviplata,Deisy Arias Cárdenas,Coloracion fantasia,El Paisa Cuts
2780,449,10,26,2023-11-26 09:00:00,35000.00,atendida,transferencia,Dayana Rodríguez Ocampo,Corte navaja,Andres El Pro
2781,576,11,29,2024-11-13 15:00:00,25000.00,cancelada,transferencia,Paola García Montoya,Corte clasico,El Calvo Cuts
2782,111,11,8,2024-05-27 15:00:00,25000.00,atendida,nequi,Wilmar Díaz García,Corte clasico,Tato Fade
2783,1907,7,28,2023-09-21 09:00:00,13000.00,atendida,transferencia,Marcela Arias Ruiz,Arreglo de barba,Yeison Barber
2784,626,29,20,2023-07-30 16:00:00,50000.00,atendida,tarjeta,Maria Silva García,Coloracion fantasia,El Paisa Cuts
2785,1035,18,3,2023-02-22 08:00:00,22000.00,atendida,tarjeta,Johana Sánchez Jiménez,Afeitado clasico navaja,Juancho El Indio
2786,98,25,4,2023-04-26 11:00:00,80000.00,atendida,transferencia,Julián Henao Bedoya,Corte + hidratacion,Mateo Barber
2787,330,15,13,2023-08-27 18:00:00,14000.00,atendida,daviplata,Natalia Ruiz Jiménez,Tinte completo,Camilo Pro
2788,590,16,27,2024-09-17 17:00:00,8000.00,atendida,tarjeta,Duvan Muñoz Ramírez,Barba completa,Tomas Clipper
2789,607,14,11,2024-05-01 08:00:00,15000.00,cancelada,efectivo,Jhon Mendoza Vega,Corte + tinte,El Mono Barber
2790,1421,29,5,2024-09-23 18:00:00,50000.00,atendida,nequi,Felipe Ospina Vargas,Coloracion fantasia,El Vikingo
2791,119,28,15,2024-10-19 12:00:00,55000.00,atendida,efectivo,Ricardo Correa Jiménez,Pack novio completo,Jhon Navajas
2792,207,10,14,2023-02-02 15:00:00,35000.00,cancelada,tarjeta,Julián Sánchez Ospina,Corte navaja,El Tigre Cuts
2793,1164,30,6,2023-02-21 17:00:00,40000.00,atendida,nequi,Deisy Herrera Ruiz,Corte + lavado + barba,Chelo Cuts
2794,1463,24,29,2024-03-07 17:00:00,50000.00,cancelada,tarjeta,Felipe Herrera Rivera,Corte + barba + cejas,El Calvo Cuts
2795,1431,22,11,2024-10-04 16:00:00,15000.00,atendida,tarjeta,Julián Morales Zapata,Hidratacion capilar,El Mono Barber
2796,453,9,12,2024-01-25 16:00:00,10000.00,atendida,tarjeta,Kevin Flores Jiménez,Corte degradado,Duvan Fresh
2797,1713,7,12,2023-09-18 11:00:00,13000.00,atendida,efectivo,Jhon Peña Ríos,Arreglo de barba,Duvan Fresh
2798,834,29,28,2023-10-09 08:00:00,50000.00,atendida,efectivo,Mateo García Torres,Coloracion fantasia,Yeison Barber
2799,1014,5,22,2024-08-14 10:00:00,15000.00,atendida,transferencia,Julián Vargas Pérez,Corte de cabello Basico,Diego Fadero
2800,1689,6,25,2023-01-07 08:00:00,14000.00,atendida,nequi,Yulieth Herrera Cárdenas,Corte de cabello Basico + barba,Lucho Precision
2801,742,14,13,2023-12-11 12:00:00,15000.00,cancelada,daviplata,Kevin Castro Zapata,Corte + tinte,Camilo Pro
2802,573,12,12,2023-01-12 11:00:00,12000.00,atendida,tarjeta,Deisy Guerrero Ruiz,Corte moderno,Duvan Fresh
2803,568,6,3,2023-07-19 15:00:00,14000.00,atendida,tarjeta,Cristian Reyes Rivera,Corte de cabello Basico + barba,Juancho El Indio
2804,1948,7,16,2024-05-15 18:00:00,13000.00,atendida,tarjeta,Ferney Henao Ruiz,Arreglo de barba,Sebastián Blade
2805,1439,24,21,2024-12-24 15:00:00,50000.00,atendida,efectivo,Cristian Correa Ocampo,Corte + barba + cejas,Wilmar Style
2806,722,7,10,2024-06-01 12:00:00,13000.00,atendida,efectivo,Angie Muñoz Ríos,Arreglo de barba,Yeferson King
2807,1056,23,6,2023-02-01 17:00:00,30000.00,atendida,tarjeta,Rodrigo Rojas Pérez,Keratina,Chelo Cuts
2808,952,1,4,2024-01-09 16:00:00,12000.00,atendida,tarjeta,Daniela Cruz Herrera,Corte de cabello Basico,Mateo Barber
2809,362,8,28,2024-07-18 11:00:00,16000.00,atendida,nequi,Santiago Torres Medina,Corte + lavado,Yeison Barber
2810,940,16,11,2023-12-25 12:00:00,8000.00,atendida,tarjeta,Carlos Zapata Rivera,Barba completa,El Mono Barber
2811,1698,29,17,2023-04-27 15:00:00,50000.00,atendida,tarjeta,Jhon Guerrero Medina,Coloracion fantasia,Kevin El Maestro
2812,307,16,13,2023-11-24 08:00:00,8000.00,atendida,nequi,Ricardo Mendoza Ortiz,Barba completa,Camilo Pro
2813,256,28,31,2023-09-08 18:00:00,55000.00,atendida,transferencia,Diego Salazar Díaz,Pack novio completo,Cristian Fade
2814,1057,3,6,2024-02-04 10:00:00,8000.00,cancelada,transferencia,Andrés Martínez Rojas,Arreglo de barba,Chelo Cuts
2815,1446,29,25,2023-12-22 16:00:00,50000.00,atendida,efectivo,Hernán Henao Ospina,Coloracion fantasia,Lucho Precision
2816,360,5,24,2024-11-28 09:00:00,15000.00,cancelada,daviplata,Paola Ramos Pérez,Corte de cabello Basico,El Negro Barber
2817,1062,22,29,2024-01-06 12:00:00,15000.00,atendida,daviplata,Marcela Rivera Rojas,Hidratacion capilar,El Calvo Cuts
2818,37,23,27,2024-06-11 10:00:00,30000.00,cancelada,transferencia,Johana Londoño Martínez,Keratina,Tomas Clipper
2819,57,26,11,2023-12-10 08:00:00,50000.00,atendida,nequi,Diego Peña Ramos,Masaje capilar,El Mono Barber
2820,1287,18,20,2023-03-13 11:00:00,22000.00,atendida,daviplata,Mauricio Ruiz Silva,Afeitado clasico navaja,El Paisa Cuts
2821,407,18,25,2024-12-20 16:00:00,22000.00,cancelada,efectivo,Sebastián Mendoza Torres,Afeitado clasico navaja,Lucho Precision
2822,1068,3,9,2023-11-20 09:00:00,8000.00,atendida,transferencia,Ferney Reyes Zapata,Arreglo de barba,Brayan Scissors
2823,1078,29,21,2023-04-08 10:00:00,50000.00,atendida,daviplata,Marcela Ramos Silva,Coloracion fantasia,Wilmar Style
2824,828,27,27,2023-03-10 16:00:00,22000.00,atendida,efectivo,Diego Cárdenas Ruiz,Tratamiento anticaida,Tomas Clipper
2825,838,28,2,2023-01-18 17:00:00,55000.00,cancelada,efectivo,Fernando Romero Silva,Pack novio completo,Maicol Style
2826,1678,6,7,2024-05-24 09:00:00,14000.00,atendida,transferencia,Brayan Silva Díaz,Corte de cabello Basico + barba,Pipe El Crack
2827,1151,11,7,2024-07-29 18:00:00,25000.00,atendida,transferencia,Carlos Morales González,Corte clasico,Pipe El Crack
2828,1367,1,12,2023-01-31 12:00:00,12000.00,cancelada,transferencia,Dayana Cruz Sánchez,Corte de cabello Basico,Duvan Fresh
2829,1794,9,30,2023-07-22 10:00:00,10000.00,cancelada,daviplata,Jorge Zapata Díaz,Corte degradado,Pipe Navajas
2830,489,20,8,2024-07-02 08:00:00,22000.00,atendida,transferencia,Maria Romero Londoño,Depilacion de cejas,Tato Fade
2831,111,20,27,2024-07-01 16:00:00,22000.00,atendida,efectivo,Wilmar Díaz García,Depilacion de cejas,Tomas Clipper
2832,1147,22,4,2024-07-31 14:00:00,15000.00,cancelada,daviplata,Ferney Montoya Reyes,Hidratacion capilar,Mateo Barber
2833,156,16,21,2023-01-08 09:00:00,8000.00,cancelada,tarjeta,Mariana Martínez Ortiz,Barba completa,Wilmar Style
2834,812,10,10,2024-08-10 15:00:00,35000.00,atendida,transferencia,David Vargas Ramos,Corte navaja,Yeferson King
2835,1562,27,28,2024-11-05 15:00:00,22000.00,atendida,tarjeta,Yeison Romero Morales,Tratamiento anticaida,Yeison Barber
2836,871,11,22,2023-03-17 15:00:00,25000.00,atendida,efectivo,Angie Cruz Vega,Corte clasico,Diego Fadero
2837,419,5,16,2024-09-10 14:00:00,15000.00,atendida,tarjeta,Fabian Silva Martínez,Corte de cabello Basico,Sebastián Blade
2838,1576,7,28,2023-04-22 12:00:00,13000.00,atendida,efectivo,Paula Rivera Montoya,Arreglo de barba,Yeison Barber
2839,629,30,18,2023-03-29 18:00:00,40000.00,atendida,transferencia,Andrea Gutiérrez Mendoza,Corte + lavado + barba,Nico Estilo
2840,1883,20,14,2023-07-29 16:00:00,22000.00,atendida,efectivo,Ricardo López Castro,Depilacion de cejas,El Tigre Cuts
2841,1302,22,19,2024-01-31 10:00:00,15000.00,atendida,tarjeta,Natalia Vega Rojas,Hidratacion capilar,Fercho Barber
2842,877,5,11,2023-08-19 08:00:00,15000.00,atendida,efectivo,Lizeth Rodríguez López,Corte de cabello Basico,El Mono Barber
2843,1192,12,21,2023-05-06 08:00:00,12000.00,atendida,nequi,Paula Muñoz Herrera,Corte moderno,Wilmar Style
2844,312,13,8,2024-02-05 12:00:00,18000.00,atendida,daviplata,David Muñoz Zapata,Corte infantil,Tato Fade
2845,1560,3,11,2024-02-15 08:00:00,8000.00,cancelada,nequi,Jorge Peña Correa,Arreglo de barba,El Mono Barber
2846,1400,18,3,2024-12-21 16:00:00,22000.00,atendida,nequi,Diana Muñoz Cárdenas,Afeitado clasico navaja,Juancho El Indio
2847,1450,11,26,2023-05-06 09:00:00,25000.00,atendida,transferencia,Deisy Ortiz Arias,Corte clasico,Andres El Pro
2848,495,15,14,2023-12-04 18:00:00,14000.00,cancelada,transferencia,Daniela García Henao,Tinte completo,El Tigre Cuts
2849,1182,1,18,2023-12-28 16:00:00,12000.00,cancelada,daviplata,Paola Vargas Delgado,Corte de cabello Basico,Nico Estilo
2850,2021,27,29,2023-02-14 16:00:00,22000.00,atendida,nequi,Valentina Ruiz Ospina,Tratamiento anticaida,El Calvo Cuts
2851,664,3,7,2024-08-12 12:00:00,8000.00,atendida,daviplata,Fernando Romero Londoño,Arreglo de barba,Pipe El Crack
2852,213,23,26,2023-09-29 16:00:00,30000.00,atendida,transferencia,Rodrigo Rojas Ramírez,Keratina,Andres El Pro
2853,1920,5,10,2023-12-08 08:00:00,15000.00,atendida,tarjeta,Marcela Delgado Castro,Corte de cabello Basico,Yeferson King
2854,1948,6,22,2024-12-20 09:00:00,14000.00,atendida,nequi,Ferney Henao Ruiz,Corte de cabello Basico + barba,Diego Fadero
2855,1411,18,11,2023-09-19 17:00:00,22000.00,cancelada,transferencia,Patricia Gutiérrez Ríos,Afeitado clasico navaja,El Mono Barber
2856,609,2,26,2023-12-08 12:00:00,15000.00,atendida,efectivo,Adriana Henao Cruz,Corte de cabello Basico + barba,Andres El Pro
2857,598,3,28,2024-12-26 11:00:00,8000.00,atendida,efectivo,Ricardo Vargas Vega,Arreglo de barba,Yeison Barber
2858,892,17,13,2024-04-28 15:00:00,20000.00,cancelada,tarjeta,Adriana González Parra,Barba + hidratacion,Camilo Pro
2859,1396,13,15,2024-01-01 10:00:00,18000.00,atendida,tarjeta,Paula Cárdenas Correa,Corte infantil,Jhon Navajas
2860,658,3,29,2024-04-11 16:00:00,8000.00,cancelada,efectivo,Carlos Muñoz Jiménez,Arreglo de barba,El Calvo Cuts
2861,1856,13,22,2023-10-04 10:00:00,18000.00,atendida,nequi,Johana Arias Bedoya,Corte infantil,Diego Fadero
2862,929,25,23,2023-05-25 14:00:00,80000.00,atendida,tarjeta,Carolina García Rojas,Corte + hidratacion,Santi Premium
2863,33,17,18,2023-07-03 08:00:00,20000.00,cancelada,tarjeta,Kevin Vargas Moreno,Barba + hidratacion,Nico Estilo
2864,1180,3,10,2024-05-24 08:00:00,8000.00,atendida,efectivo,Brayan Flores Mendoza,Arreglo de barba,Yeferson King
2865,1572,21,16,2024-01-19 14:00:00,25000.00,atendida,tarjeta,Fernando Martínez Rivera,Limpieza facial,Sebastián Blade
2866,1912,23,11,2024-02-27 12:00:00,30000.00,cancelada,transferencia,Claudia Mendoza Vega,Keratina,El Mono Barber
2867,1440,14,22,2024-12-30 09:00:00,15000.00,cancelada,tarjeta,Diego Zapata Salazar,Corte + tinte,Diego Fadero
2868,1092,6,25,2023-04-26 15:00:00,14000.00,atendida,nequi,Cristian Muñoz Rivera,Corte de cabello Basico + barba,Lucho Precision
2869,1331,2,6,2023-08-29 15:00:00,15000.00,cancelada,nequi,Mateo Herrera Salazar,Corte de cabello Basico + barba,Chelo Cuts
2870,1158,25,25,2023-01-06 10:00:00,80000.00,cancelada,tarjeta,Melissa Moreno Pérez,Corte + hidratacion,Lucho Precision
2871,587,9,25,2024-08-23 17:00:00,10000.00,atendida,efectivo,Natalia Ortiz Pérez,Corte degradado,Lucho Precision
2872,249,5,14,2023-08-10 16:00:00,15000.00,atendida,efectivo,Diego Herrera Martínez,Corte de cabello Basico,El Tigre Cuts
2873,1375,9,13,2024-03-03 18:00:00,10000.00,atendida,daviplata,Yeison Montoya Muñoz,Corte degradado,Camilo Pro
2874,723,17,31,2024-10-10 11:00:00,20000.00,atendida,tarjeta,Sofia López Espinoza,Barba + hidratacion,Cristian Fade
2875,738,8,7,2023-08-03 17:00:00,16000.00,cancelada,nequi,Juan Salazar Torres,Corte + lavado,Pipe El Crack
2876,414,3,23,2024-11-16 16:00:00,8000.00,atendida,transferencia,Sara Cárdenas Guerrero,Arreglo de barba,Santi Premium
2877,1263,9,30,2024-09-05 08:00:00,10000.00,cancelada,nequi,Johana Torres García,Corte degradado,Pipe Navajas
2878,1312,18,17,2024-11-21 09:00:00,22000.00,cancelada,daviplata,Esteban Parra Ortiz,Afeitado clasico navaja,Kevin El Maestro
2879,893,1,28,2024-01-23 11:00:00,12000.00,cancelada,transferencia,Nathaly Sánchez Rodríguez,Corte de cabello Basico,Yeison Barber
2880,1564,9,21,2024-02-10 10:00:00,10000.00,atendida,daviplata,Andrea López Ramos,Corte degradado,Wilmar Style
2881,1261,11,25,2024-03-24 10:00:00,25000.00,atendida,efectivo,Oscar Reyes Díaz,Corte clasico,Lucho Precision
2882,346,19,27,2024-02-18 09:00:00,60000.00,atendida,nequi,Wilmar Muñoz Suárez,Cejas + barba,Tomas Clipper
2883,1875,13,31,2024-05-08 15:00:00,18000.00,atendida,nequi,Isabella Sánchez Ospina,Corte infantil,Cristian Fade
2884,717,1,21,2024-04-25 09:00:00,12000.00,cancelada,daviplata,Miguel Ramírez Jiménez,Corte de cabello Basico,Wilmar Style
2885,1513,26,28,2023-10-06 18:00:00,50000.00,atendida,efectivo,Alejandro Mendoza Ríos,Masaje capilar,Yeison Barber
2886,945,13,15,2023-05-17 16:00:00,18000.00,atendida,daviplata,Fernando Medina Muñoz,Corte infantil,Jhon Navajas
2887,679,26,31,2023-08-21 12:00:00,50000.00,atendida,nequi,Dayana Díaz Romero,Masaje capilar,Cristian Fade
2888,1185,13,27,2024-07-09 18:00:00,18000.00,cancelada,daviplata,Daniela Cárdenas Suárez,Corte infantil,Tomas Clipper
2889,878,12,14,2024-05-19 09:00:00,12000.00,atendida,efectivo,Alejandro Vargas Reyes,Corte moderno,El Tigre Cuts
2890,1709,20,31,2023-01-27 17:00:00,22000.00,cancelada,transferencia,Cristian Ortiz Martínez,Depilacion de cejas,Cristian Fade
2891,553,3,6,2024-07-13 11:00:00,8000.00,atendida,nequi,Nathaly Rojas Ramírez,Arreglo de barba,Chelo Cuts
2892,492,18,20,2024-08-31 15:00:00,22000.00,atendida,daviplata,Yulieth Ríos Ramos,Afeitado clasico navaja,El Paisa Cuts
2893,279,29,4,2023-02-09 09:00:00,50000.00,atendida,tarjeta,Gabriela Moreno Suárez,Coloracion fantasia,Mateo Barber
2894,1377,23,21,2023-08-07 16:00:00,30000.00,atendida,transferencia,Claudia Ospina Vargas,Keratina,Wilmar Style
2895,1271,23,15,2023-11-16 08:00:00,30000.00,atendida,daviplata,Marcela Arias Rodríguez,Keratina,Jhon Navajas
2896,831,20,17,2024-12-12 08:00:00,22000.00,atendida,transferencia,Felipe Rodríguez Castro,Depilacion de cejas,Kevin El Maestro
2897,912,9,28,2024-11-21 09:00:00,10000.00,atendida,transferencia,Duvan Rodríguez Gómez,Corte degradado,Yeison Barber
2898,1496,28,28,2024-04-10 17:00:00,55000.00,atendida,efectivo,Claudia Martínez Rivera,Pack novio completo,Yeison Barber
2899,1127,20,5,2023-04-28 16:00:00,22000.00,atendida,transferencia,Mauricio Moreno Medina,Depilacion de cejas,El Vikingo
2900,599,20,30,2024-03-10 08:00:00,22000.00,cancelada,daviplata,Patricia Londoño Arias,Depilacion de cejas,Pipe Navajas
2901,82,26,2,2023-12-27 08:00:00,50000.00,atendida,transferencia,Mauricio Silva Bedoya,Masaje capilar,Maicol Style
2902,334,5,29,2023-07-27 17:00:00,15000.00,atendida,nequi,Lizeth Parra Rivera,Corte de cabello Basico,El Calvo Cuts
2903,523,13,21,2023-01-31 15:00:00,18000.00,atendida,efectivo,Johana Cruz Medina,Corte infantil,Wilmar Style
2904,1119,29,25,2023-03-17 16:00:00,50000.00,atendida,tarjeta,Johana Peña Cruz,Coloracion fantasia,Lucho Precision
2905,709,18,11,2024-05-05 08:00:00,22000.00,atendida,daviplata,Sebastián Moreno López,Afeitado clasico navaja,El Mono Barber
2906,792,13,20,2024-12-04 16:00:00,18000.00,atendida,efectivo,Fernando Ramírez Gómez,Corte infantil,El Paisa Cuts
2907,996,19,15,2023-06-16 08:00:00,60000.00,cancelada,efectivo,David Arias Ramírez,Cejas + barba,Jhon Navajas
2908,599,16,25,2023-05-04 10:00:00,8000.00,atendida,efectivo,Patricia Londoño Arias,Barba completa,Lucho Precision
2909,1422,25,30,2024-06-23 09:00:00,80000.00,atendida,tarjeta,Nathaly González Romero,Corte + hidratacion,Pipe Navajas
2910,1351,13,7,2023-02-03 16:00:00,18000.00,atendida,nequi,Ricardo Muñoz Henao,Corte infantil,Pipe El Crack
2911,1583,16,31,2023-05-08 11:00:00,8000.00,atendida,efectivo,Fernando Arias Ortiz,Barba completa,Cristian Fade
2912,1511,13,22,2024-07-17 16:00:00,18000.00,cancelada,efectivo,Camila Vega Silva,Corte infantil,Diego Fadero
2913,1412,26,5,2024-09-27 16:00:00,50000.00,atendida,transferencia,Miguel Castro Ospina,Masaje capilar,El Vikingo
2914,1300,21,19,2023-04-14 12:00:00,25000.00,atendida,efectivo,Catalina Cruz Silva,Limpieza facial,Fercho Barber
2915,891,13,9,2024-10-04 15:00:00,18000.00,atendida,transferencia,Wilmar Reyes Ramírez,Corte infantil,Brayan Scissors
2916,1992,29,27,2024-01-07 16:00:00,50000.00,atendida,tarjeta,Jorge Rojas Espinoza,Coloracion fantasia,Tomas Clipper
2917,960,26,10,2024-04-05 08:00:00,50000.00,cancelada,nequi,Alejandro Ruiz Montoya,Masaje capilar,Yeferson King
2918,47,13,28,2024-08-30 10:00:00,18000.00,atendida,daviplata,Andrés Pérez Ramos,Corte infantil,Yeison Barber
2919,1732,20,6,2023-11-26 09:00:00,22000.00,atendida,transferencia,Duvan Martínez Ríos,Depilacion de cejas,Chelo Cuts
2920,1013,15,15,2024-07-04 12:00:00,14000.00,atendida,nequi,Melissa Castro Montoya,Tinte completo,Jhon Navajas
2921,86,2,31,2024-01-04 17:00:00,15000.00,atendida,efectivo,Angie Cárdenas Parra,Corte de cabello Basico + barba,Cristian Fade
2922,956,28,4,2024-11-24 09:00:00,55000.00,atendida,daviplata,Wilmar Rivera Torres,Pack novio completo,Mateo Barber
2923,1758,6,7,2023-11-03 17:00:00,14000.00,cancelada,nequi,Mariana Flores Parra,Corte de cabello Basico + barba,Pipe El Crack
2924,1164,26,16,2024-10-08 08:00:00,50000.00,atendida,daviplata,Deisy Herrera Ruiz,Masaje capilar,Sebastián Blade
2925,1877,5,13,2023-11-26 10:00:00,15000.00,atendida,transferencia,Juan Ríos Suárez,Corte de cabello Basico,Camilo Pro
2926,1190,12,10,2024-06-24 09:00:00,12000.00,atendida,transferencia,Johana Mendoza Reyes,Corte moderno,Yeferson King
2927,1293,29,9,2023-08-28 15:00:00,50000.00,cancelada,efectivo,Monica Jiménez Rojas,Coloracion fantasia,Brayan Scissors
2928,1607,20,29,2023-10-19 12:00:00,22000.00,cancelada,transferencia,Wilmar Zapata Espinoza,Depilacion de cejas,El Calvo Cuts
2929,111,20,4,2024-07-10 11:00:00,22000.00,atendida,tarjeta,Wilmar Díaz García,Depilacion de cejas,Mateo Barber
2930,1802,16,27,2023-09-02 15:00:00,8000.00,cancelada,tarjeta,Duvan Parra Espinoza,Barba completa,Tomas Clipper
2931,437,12,2,2023-10-07 18:00:00,12000.00,cancelada,efectivo,Nathaly Bedoya Guerrero,Corte moderno,Maicol Style
2932,1307,12,4,2023-12-04 11:00:00,12000.00,cancelada,efectivo,Miguel Romero Herrera,Corte moderno,Mateo Barber
2933,1220,16,29,2023-05-28 11:00:00,8000.00,cancelada,transferencia,Ricardo Gómez Arias,Barba completa,El Calvo Cuts
2934,1025,8,28,2023-05-13 09:00:00,16000.00,cancelada,daviplata,Miguel Jiménez Rivera,Corte + lavado,Yeison Barber
2935,1962,4,14,2023-03-07 15:00:00,18000.00,atendida,nequi,Diego Ospina Torres,Corte + lavado,El Tigre Cuts
2936,1757,27,21,2024-05-07 08:00:00,22000.00,atendida,efectivo,Kevin Suárez Pérez,Tratamiento anticaida,Wilmar Style
2937,610,5,28,2023-11-17 15:00:00,15000.00,atendida,transferencia,Nathaly García Ortiz,Corte de cabello Basico,Yeison Barber
2938,934,5,11,2024-08-04 17:00:00,15000.00,atendida,nequi,Luis Ríos Rojas,Corte de cabello Basico,El Mono Barber
2939,1746,23,26,2023-01-27 17:00:00,30000.00,atendida,daviplata,Cristian Peña Henao,Keratina,Andres El Pro
2940,403,30,15,2024-11-14 09:00:00,40000.00,cancelada,efectivo,Steven Ocampo Guerrero,Corte + lavado + barba,Jhon Navajas
2941,1789,12,29,2024-09-15 15:00:00,12000.00,atendida,tarjeta,Angie Peña Medina,Corte moderno,El Calvo Cuts
2942,526,11,28,2023-08-22 17:00:00,25000.00,atendida,daviplata,Nathaly Medina Ospina,Corte clasico,Yeison Barber
2943,1032,28,28,2024-05-12 11:00:00,55000.00,atendida,nequi,Camila Ríos Martínez,Pack novio completo,Yeison Barber
2944,1818,24,16,2023-03-03 12:00:00,50000.00,atendida,tarjeta,Sebastián Ramírez Rivera,Corte + barba + cejas,Sebastián Blade
2945,87,8,26,2023-12-21 17:00:00,16000.00,cancelada,efectivo,Carlos García Ocampo,Corte + lavado,Andres El Pro
2946,660,29,6,2023-07-30 17:00:00,50000.00,atendida,transferencia,Ferney Morales Vega,Coloracion fantasia,Chelo Cuts
2947,342,21,22,2024-04-02 11:00:00,25000.00,cancelada,daviplata,Diana Vargas Castro,Limpieza facial,Diego Fadero
2948,1018,15,11,2024-12-07 11:00:00,14000.00,cancelada,daviplata,Andrés Herrera Suárez,Tinte completo,El Mono Barber
2949,416,8,18,2023-04-16 14:00:00,16000.00,atendida,efectivo,Lizeth Delgado Espinoza,Corte + lavado,Nico Estilo
2950,555,25,12,2023-10-08 11:00:00,80000.00,atendida,transferencia,Juan Bedoya Montoya,Corte + hidratacion,Duvan Fresh
2951,1769,28,15,2024-09-14 11:00:00,55000.00,cancelada,nequi,Mauricio Moreno Castro,Pack novio completo,Jhon Navajas
2952,526,9,13,2024-03-19 08:00:00,10000.00,cancelada,nequi,Nathaly Medina Ospina,Corte degradado,Camilo Pro
2953,951,8,29,2024-04-16 10:00:00,16000.00,atendida,tarjeta,Johana Morales Londoño,Corte + lavado,El Calvo Cuts
2954,453,27,11,2024-05-13 15:00:00,22000.00,cancelada,daviplata,Kevin Flores Jiménez,Tratamiento anticaida,El Mono Barber
2955,904,21,21,2024-01-31 10:00:00,25000.00,cancelada,daviplata,Carolina Díaz Cruz,Limpieza facial,Wilmar Style
2956,581,18,29,2023-06-22 09:00:00,22000.00,atendida,nequi,Melissa Morales Muñoz,Afeitado clasico navaja,El Calvo Cuts
2957,490,21,15,2023-04-01 11:00:00,25000.00,atendida,daviplata,Johana Pérez Salazar,Limpieza facial,Jhon Navajas
2958,383,21,12,2023-09-22 10:00:00,25000.00,atendida,tarjeta,Deisy Arias Cárdenas,Limpieza facial,Duvan Fresh
2959,1988,4,16,2023-08-31 12:00:00,18000.00,atendida,efectivo,Nathaly Espinoza Ríos,Corte + lavado,Sebastián Blade
2960,344,8,3,2024-07-29 09:00:00,16000.00,cancelada,tarjeta,Natalia Ortiz Cárdenas,Corte + lavado,Juancho El Indio
2961,1455,19,24,2023-08-29 18:00:00,60000.00,atendida,daviplata,Xiomara Romero González,Cejas + barba,El Negro Barber
2962,458,17,7,2024-12-07 12:00:00,20000.00,atendida,nequi,Paula Gutiérrez Torres,Barba + hidratacion,Pipe El Crack
2963,1303,29,25,2023-08-30 15:00:00,50000.00,atendida,daviplata,Monica Peña Martínez,Coloracion fantasia,Lucho Precision
2964,1056,17,5,2024-05-02 09:00:00,20000.00,atendida,efectivo,Rodrigo Rojas Pérez,Barba + hidratacion,El Vikingo
2965,45,8,8,2024-05-28 14:00:00,16000.00,cancelada,efectivo,Jhon Reyes Ríos,Corte + lavado,Tato Fade
2966,930,11,25,2024-08-08 12:00:00,25000.00,atendida,nequi,Patricia Silva Delgado,Corte clasico,Lucho Precision
2967,112,20,11,2024-07-28 12:00:00,22000.00,cancelada,nequi,Mauricio Guerrero Flores,Depilacion de cejas,El Mono Barber
2968,117,17,2,2023-01-05 11:00:00,20000.00,atendida,nequi,Dayana Jiménez Ospina,Barba + hidratacion,Maicol Style
2969,200,14,29,2024-09-20 12:00:00,15000.00,cancelada,efectivo,Yeison González Peña,Corte + tinte,El Calvo Cuts
2970,870,19,29,2024-12-02 08:00:00,60000.00,cancelada,efectivo,Nicolás Morales Martínez,Cejas + barba,El Calvo Cuts
2971,188,21,5,2024-05-09 18:00:00,25000.00,atendida,daviplata,Nathaly Ríos Rivera,Limpieza facial,El Vikingo
2972,1973,4,21,2024-02-19 12:00:00,18000.00,atendida,tarjeta,Dayana Rodríguez Londoño,Corte + lavado,Wilmar Style
2973,813,13,30,2023-07-23 16:00:00,18000.00,atendida,efectivo,Wilmar Rivera Muñoz,Corte infantil,Pipe Navajas
2974,1719,3,4,2024-12-01 11:00:00,8000.00,atendida,tarjeta,Nicolás Martínez Ruiz,Arreglo de barba,Mateo Barber
2975,1784,8,20,2024-04-10 09:00:00,16000.00,atendida,tarjeta,Paula Ospina Salazar,Corte + lavado,El Paisa Cuts
2976,1873,26,19,2023-07-14 18:00:00,50000.00,atendida,tarjeta,Wilmar Cruz Martínez,Masaje capilar,Fercho Barber
2977,944,4,18,2023-09-02 15:00:00,18000.00,cancelada,tarjeta,Cristian Castro Ruiz,Corte + lavado,Nico Estilo
2978,375,22,17,2024-11-02 11:00:00,15000.00,atendida,nequi,Camila Ortiz Vargas,Hidratacion capilar,Kevin El Maestro
2979,749,10,24,2023-12-31 08:00:00,35000.00,atendida,daviplata,Alejandro Jiménez González,Corte navaja,El Negro Barber
2980,649,19,24,2023-10-25 11:00:00,60000.00,cancelada,efectivo,Kevin Morales Martínez,Cejas + barba,El Negro Barber
2981,648,25,16,2024-05-28 09:00:00,80000.00,cancelada,tarjeta,Kevin Jiménez Peña,Corte + hidratacion,Sebastián Blade
2982,1078,18,2,2023-10-14 10:00:00,22000.00,atendida,nequi,Marcela Ramos Silva,Afeitado clasico navaja,Maicol Style
2983,960,3,14,2023-03-13 08:00:00,8000.00,cancelada,transferencia,Alejandro Ruiz Montoya,Arreglo de barba,El Tigre Cuts
2984,144,16,10,2023-09-28 12:00:00,8000.00,cancelada,tarjeta,Esteban Muñoz Gutiérrez,Barba completa,Yeferson King
2985,661,8,28,2024-07-23 11:00:00,16000.00,cancelada,transferencia,Johana Martínez Martínez,Corte + lavado,Yeison Barber
2986,571,16,8,2023-04-16 12:00:00,8000.00,cancelada,nequi,Esteban Díaz Rivera,Barba completa,Tato Fade
2987,2009,23,31,2024-12-13 14:00:00,30000.00,cancelada,nequi,Adriana Morales Rivera,Keratina,Cristian Fade
2988,380,12,7,2023-11-02 12:00:00,12000.00,atendida,transferencia,Lizeth Reyes Ruiz,Corte moderno,Pipe El Crack
2989,1554,3,3,2023-10-31 08:00:00,8000.00,atendida,tarjeta,Adriana Romero Londoño,Arreglo de barba,Juancho El Indio
2990,1506,2,5,2024-03-30 18:00:00,15000.00,atendida,efectivo,Mauricio Muñoz Parra,Corte de cabello Basico + barba,El Vikingo
2991,89,12,13,2023-10-15 15:00:00,12000.00,atendida,nequi,Xiomara Henao Rivera,Corte moderno,Camilo Pro
2992,682,18,24,2024-05-30 16:00:00,22000.00,atendida,nequi,Jhon Silva Parra,Afeitado clasico navaja,El Negro Barber
2993,302,3,17,2024-02-20 14:00:00,8000.00,cancelada,efectivo,Camila Muñoz Castro,Arreglo de barba,Kevin El Maestro
2994,1568,24,23,2023-11-17 08:00:00,50000.00,atendida,daviplata,Leidy Morales Parra,Corte + barba + cejas,Santi Premium
2995,533,2,27,2023-10-03 16:00:00,15000.00,cancelada,nequi,Brayan Gómez Romero,Corte de cabello Basico + barba,Tomas Clipper
2996,1739,6,28,2024-10-17 10:00:00,14000.00,atendida,daviplata,Lizeth Ramos Moreno,Corte de cabello Basico + barba,Yeison Barber
2997,310,16,7,2023-11-09 14:00:00,8000.00,atendida,daviplata,Jorge Cruz Delgado,Barba completa,Pipe El Crack
2998,88,12,12,2023-06-25 16:00:00,12000.00,cancelada,nequi,Gabriela Parra Peña,Corte moderno,Duvan Fresh
2999,1595,24,2,2023-04-26 09:00:00,50000.00,atendida,tarjeta,Andrea Morales Peña,Corte + barba + cejas,Maicol Style
3000,533,29,23,2024-08-21 15:00:00,50000.00,atendida,efectivo,Brayan Gómez Romero,Coloracion fantasia,Santi Premium
3001,575,19,26,2023-03-04 11:00:00,60000.00,atendida,transferencia,Xiomara Ramos Montoya,Cejas + barba,Andres El Pro
3002,1149,24,21,2024-06-20 18:00:00,50000.00,atendida,tarjeta,Mateo Peña Ocampo,Corte + barba + cejas,Wilmar Style
3003,1254,14,28,2024-01-27 10:00:00,15000.00,cancelada,transferencia,Xiomara Pérez García,Corte + tinte,Yeison Barber
3004,1854,24,26,2024-05-10 16:00:00,50000.00,cancelada,tarjeta,Marcela Martínez Silva,Corte + barba + cejas,Andres El Pro
3005,981,1,2,2023-05-13 18:00:00,12000.00,atendida,transferencia,Catalina Ruiz Castro,Corte de cabello Basico,Maicol Style
3006,332,7,29,2024-05-15 14:00:00,13000.00,cancelada,transferencia,Marcela González Montoya,Arreglo de barba,El Calvo Cuts
3007,355,29,5,2023-10-28 08:00:00,50000.00,atendida,tarjeta,Monica Cruz Rodríguez,Coloracion fantasia,El Vikingo
3008,213,17,28,2024-03-16 15:00:00,20000.00,cancelada,nequi,Rodrigo Rojas Ramírez,Barba + hidratacion,Yeison Barber
3009,1833,24,27,2024-07-11 11:00:00,50000.00,cancelada,transferencia,Raúl Rojas Ospina,Corte + barba + cejas,Tomas Clipper
3010,2022,14,30,2024-01-06 10:00:00,15000.00,atendida,nequi,Maria Ocampo Ocampo,Corte + tinte,Pipe Navajas
3011,1392,5,21,2024-04-27 14:00:00,15000.00,atendida,efectivo,Fabian Delgado Ortiz,Corte de cabello Basico,Wilmar Style
3012,1777,22,27,2024-02-03 18:00:00,15000.00,cancelada,tarjeta,Patricia Parra Martínez,Hidratacion capilar,Tomas Clipper
3013,1945,20,25,2023-07-29 15:00:00,22000.00,atendida,daviplata,Mariana Zapata Arias,Depilacion de cejas,Lucho Precision
3014,2015,28,29,2023-11-11 18:00:00,55000.00,atendida,nequi,Natalia Suárez Mendoza,Pack novio completo,El Calvo Cuts
3015,1920,7,8,2023-03-25 10:00:00,13000.00,atendida,efectivo,Marcela Delgado Castro,Arreglo de barba,Tato Fade
3016,153,15,5,2023-05-11 15:00:00,14000.00,atendida,nequi,Maria Peña Castro,Tinte completo,El Vikingo
3017,1644,21,14,2023-04-19 09:00:00,25000.00,cancelada,tarjeta,Felipe Vargas Reyes,Limpieza facial,El Tigre Cuts
3018,358,23,14,2023-11-16 17:00:00,30000.00,atendida,daviplata,Lucia Cárdenas Flores,Keratina,El Tigre Cuts
3019,1288,5,20,2024-11-26 14:00:00,15000.00,atendida,daviplata,Luis Suárez Arias,Corte de cabello Basico,El Paisa Cuts
3020,507,7,12,2024-11-09 09:00:00,13000.00,cancelada,nequi,Alejandro Arias Moreno,Arreglo de barba,Duvan Fresh
3021,1772,15,4,2024-11-18 08:00:00,14000.00,cancelada,daviplata,Ricardo Silva Henao,Tinte completo,Mateo Barber
3022,1542,26,21,2024-03-01 12:00:00,50000.00,atendida,nequi,Yesid Cruz Ortiz,Masaje capilar,Wilmar Style
3023,1415,6,23,2024-09-16 10:00:00,14000.00,atendida,transferencia,Valentina Gutiérrez Mendoza,Corte de cabello Basico + barba,Santi Premium
3024,1250,30,30,2024-11-28 10:00:00,40000.00,atendida,transferencia,Ricardo Gómez Castro,Corte + lavado + barba,Pipe Navajas
3025,1279,13,15,2024-08-10 10:00:00,18000.00,atendida,efectivo,Kevin Guerrero Guerrero,Corte infantil,Jhon Navajas
3026,375,11,25,2023-02-01 15:00:00,25000.00,atendida,transferencia,Camila Ortiz Vargas,Corte clasico,Lucho Precision
3027,917,30,13,2024-12-22 09:00:00,40000.00,atendida,tarjeta,Deisy Moreno Vega,Corte + lavado + barba,Camilo Pro
3028,1877,17,27,2024-03-26 12:00:00,20000.00,cancelada,nequi,Juan Ríos Suárez,Barba + hidratacion,Tomas Clipper
3029,401,19,21,2024-07-09 16:00:00,60000.00,atendida,daviplata,Diego Sánchez Gómez,Cejas + barba,Wilmar Style
3030,782,20,19,2024-04-20 16:00:00,22000.00,atendida,daviplata,Ana Delgado Moreno,Depilacion de cejas,Fercho Barber
3031,896,9,22,2023-11-06 09:00:00,10000.00,atendida,nequi,Xiomara Correa Ramos,Corte degradado,Diego Fadero
3032,128,1,17,2024-11-13 11:00:00,12000.00,cancelada,daviplata,Fabian Torres Guerrero,Corte de cabello Basico,Kevin El Maestro
3033,536,15,18,2024-07-01 14:00:00,14000.00,atendida,efectivo,Santiago Ramírez Mendoza,Tinte completo,Nico Estilo
3034,1461,29,9,2023-10-31 16:00:00,50000.00,atendida,nequi,Rodrigo Suárez Silva,Coloracion fantasia,Brayan Scissors
3035,362,6,26,2023-06-08 12:00:00,14000.00,cancelada,efectivo,Santiago Torres Medina,Corte de cabello Basico + barba,Andres El Pro
3036,1461,28,6,2024-02-23 11:00:00,55000.00,cancelada,efectivo,Rodrigo Suárez Silva,Pack novio completo,Chelo Cuts
3037,136,18,14,2023-02-04 10:00:00,22000.00,atendida,tarjeta,Carlos Muñoz Medina,Afeitado clasico navaja,El Tigre Cuts
3038,1940,20,16,2024-03-01 15:00:00,22000.00,atendida,daviplata,Oscar Reyes Martínez,Depilacion de cejas,Sebastián Blade
3039,1396,9,24,2023-10-09 14:00:00,10000.00,atendida,efectivo,Paula Cárdenas Correa,Corte degradado,El Negro Barber
3040,38,1,17,2023-02-08 14:00:00,12000.00,atendida,tarjeta,Dayana Guerrero Suárez,Corte de cabello Basico,Kevin El Maestro
3041,1489,9,29,2023-12-28 09:00:00,10000.00,atendida,nequi,Isabella Londoño Correa,Corte degradado,El Calvo Cuts
3042,1257,29,27,2024-09-07 17:00:00,50000.00,atendida,transferencia,Dayana Herrera Guerrero,Coloracion fantasia,Tomas Clipper
3043,620,14,12,2023-01-11 10:00:00,15000.00,atendida,daviplata,Claudia Montoya Cárdenas,Corte + tinte,Duvan Fresh
3044,135,28,3,2023-10-21 18:00:00,55000.00,atendida,daviplata,Sofia Cruz Peña,Pack novio completo,Juancho El Indio
3045,1658,5,12,2023-11-24 10:00:00,15000.00,atendida,transferencia,Mariana García Zapata,Corte de cabello Basico,Duvan Fresh
3046,1733,7,13,2023-05-10 11:00:00,13000.00,atendida,nequi,Deisy Gutiérrez Rivera,Arreglo de barba,Camilo Pro
3047,2014,29,30,2023-07-08 15:00:00,50000.00,atendida,efectivo,Laura Montoya Díaz,Coloracion fantasia,Pipe Navajas
3048,144,27,12,2024-10-07 16:00:00,22000.00,atendida,efectivo,Esteban Muñoz Gutiérrez,Tratamiento anticaida,Duvan Fresh
3049,1222,11,30,2023-01-26 11:00:00,25000.00,atendida,tarjeta,Santiago Henao Muñoz,Corte clasico,Pipe Navajas
3050,1965,20,27,2023-10-14 17:00:00,22000.00,atendida,efectivo,Paola Arias Peña,Depilacion de cejas,Tomas Clipper
3051,295,22,11,2024-05-06 09:00:00,15000.00,atendida,tarjeta,Sebastián Jiménez Suárez,Hidratacion capilar,El Mono Barber
3052,117,20,15,2024-07-03 14:00:00,22000.00,cancelada,efectivo,Dayana Jiménez Ospina,Depilacion de cejas,Jhon Navajas
3053,658,14,22,2023-08-27 10:00:00,15000.00,atendida,transferencia,Carlos Muñoz Jiménez,Corte + tinte,Diego Fadero
3054,1745,9,22,2024-07-22 08:00:00,10000.00,atendida,transferencia,Carolina Ocampo González,Corte degradado,Diego Fadero
3055,263,28,25,2023-03-31 16:00:00,55000.00,atendida,nequi,Sara Parra Rojas,Pack novio completo,Lucho Precision
3056,103,15,22,2023-04-25 12:00:00,14000.00,cancelada,nequi,Mauricio Sánchez Rodríguez,Tinte completo,Diego Fadero
3057,1847,29,30,2023-02-01 11:00:00,50000.00,atendida,daviplata,Jhon Suárez Romero,Coloracion fantasia,Pipe Navajas
3058,1296,10,15,2023-07-14 16:00:00,35000.00,atendida,efectivo,Deisy Salazar Romero,Corte navaja,Jhon Navajas
3059,211,9,23,2023-05-05 17:00:00,10000.00,atendida,daviplata,Miguel Guerrero Arias,Corte degradado,Santi Premium
3060,162,1,10,2023-03-02 12:00:00,12000.00,atendida,transferencia,Camila Flores Muñoz,Corte de cabello Basico,Yeferson King
3061,1633,27,19,2023-12-04 15:00:00,22000.00,atendida,tarjeta,Catalina Montoya Ospina,Tratamiento anticaida,Fercho Barber
3062,1891,25,15,2024-05-28 11:00:00,80000.00,atendida,daviplata,Paula Díaz Martínez,Corte + hidratacion,Jhon Navajas
3063,1930,17,8,2024-06-25 11:00:00,20000.00,cancelada,daviplata,Alejandro Martínez Espinoza,Barba + hidratacion,Tato Fade
3064,158,1,16,2024-04-06 18:00:00,12000.00,cancelada,transferencia,Miguel Ríos Zapata,Corte de cabello Basico,Sebastián Blade
3065,1637,24,4,2024-08-19 14:00:00,50000.00,atendida,nequi,Felipe Moreno Suárez,Corte + barba + cejas,Mateo Barber
3066,1252,19,11,2023-09-15 14:00:00,60000.00,atendida,nequi,Angie Guerrero Medina,Cejas + barba,El Mono Barber
3067,2005,10,6,2023-12-25 11:00:00,35000.00,atendida,tarjeta,Ana Bedoya Romero,Corte navaja,Chelo Cuts
3068,1808,18,7,2024-11-28 15:00:00,22000.00,atendida,transferencia,Dayana Henao Sánchez,Afeitado clasico navaja,Pipe El Crack
3069,651,5,17,2024-08-07 12:00:00,15000.00,atendida,nequi,Oscar Suárez Reyes,Corte de cabello Basico,Kevin El Maestro
3070,1770,18,16,2023-09-05 09:00:00,22000.00,atendida,daviplata,Luis Herrera Suárez,Afeitado clasico navaja,Sebastián Blade
3071,1160,10,17,2023-10-09 14:00:00,35000.00,atendida,efectivo,Jhon Herrera Romero,Corte navaja,Kevin El Maestro
3072,1961,14,27,2024-04-10 09:00:00,15000.00,cancelada,nequi,Nathaly Parra Pérez,Corte + tinte,Tomas Clipper
3073,1879,30,7,2023-01-28 08:00:00,40000.00,atendida,transferencia,Cristian Londoño González,Corte + lavado + barba,Pipe El Crack
3074,1328,8,10,2023-12-03 18:00:00,16000.00,cancelada,daviplata,Daniela Reyes Salazar,Corte + lavado,Yeferson King
3075,245,24,7,2024-05-01 08:00:00,50000.00,cancelada,daviplata,Nathaly Sánchez Flores,Corte + barba + cejas,Pipe El Crack
3076,1572,13,17,2023-02-08 09:00:00,18000.00,atendida,daviplata,Fernando Martínez Rivera,Corte infantil,Kevin El Maestro
3077,741,3,18,2023-09-05 10:00:00,8000.00,atendida,transferencia,Kevin Parra Suárez,Arreglo de barba,Nico Estilo
3078,305,24,19,2024-11-15 14:00:00,50000.00,atendida,efectivo,Mateo González Espinoza,Corte + barba + cejas,Fercho Barber
3079,456,16,28,2024-11-15 10:00:00,8000.00,atendida,tarjeta,Yeison Cárdenas Mendoza,Barba completa,Yeison Barber
3080,617,26,27,2024-07-18 16:00:00,50000.00,cancelada,daviplata,Jhon Jiménez Ramírez,Masaje capilar,Tomas Clipper
3081,1367,21,20,2024-09-08 18:00:00,25000.00,atendida,transferencia,Dayana Cruz Sánchez,Limpieza facial,El Paisa Cuts
3082,2012,3,23,2024-10-04 17:00:00,8000.00,cancelada,daviplata,Ana Londoño Romero,Arreglo de barba,Santi Premium
3083,223,22,5,2023-10-09 14:00:00,15000.00,atendida,transferencia,Ferney Correa Moreno,Hidratacion capilar,El Vikingo
3084,1851,19,22,2024-06-04 09:00:00,60000.00,atendida,daviplata,Duvan Rodríguez Reyes,Cejas + barba,Diego Fadero
3085,1312,5,15,2024-07-13 15:00:00,15000.00,atendida,efectivo,Esteban Parra Ortiz,Corte de cabello Basico,Jhon Navajas
3086,1057,17,21,2024-02-03 16:00:00,20000.00,atendida,transferencia,Andrés Martínez Rojas,Barba + hidratacion,Wilmar Style
3087,548,19,11,2023-09-27 14:00:00,60000.00,atendida,daviplata,Johana Muñoz Ramírez,Cejas + barba,El Mono Barber
3088,1819,29,14,2024-02-27 14:00:00,50000.00,cancelada,efectivo,Daniela Morales Jiménez,Coloracion fantasia,El Tigre Cuts
3089,658,3,6,2023-04-11 16:00:00,8000.00,atendida,efectivo,Carlos Muñoz Jiménez,Arreglo de barba,Chelo Cuts
3090,72,29,20,2024-01-02 17:00:00,50000.00,atendida,daviplata,Ricardo Espinoza Henao,Coloracion fantasia,El Paisa Cuts
3091,1886,18,25,2024-10-01 15:00:00,22000.00,atendida,tarjeta,Isabella González Delgado,Afeitado clasico navaja,Lucho Precision
3092,1241,2,13,2023-02-07 09:00:00,15000.00,atendida,nequi,Camila Cruz Medina,Corte de cabello Basico + barba,Camilo Pro
3093,377,15,25,2023-12-01 11:00:00,14000.00,cancelada,nequi,Fabian Ramos González,Tinte completo,Lucho Precision
3094,1663,23,2,2023-08-30 14:00:00,30000.00,cancelada,efectivo,Esteban Reyes Londoño,Keratina,Maicol Style
3095,337,13,4,2024-07-26 14:00:00,18000.00,cancelada,tarjeta,Marcela Morales Vega,Corte infantil,Mateo Barber
3096,1175,8,15,2024-12-26 09:00:00,16000.00,atendida,nequi,Mateo López Ocampo,Corte + lavado,Jhon Navajas
3097,627,12,31,2023-02-21 15:00:00,12000.00,atendida,transferencia,Carlos Rivera Morales,Corte moderno,Cristian Fade
3098,1817,23,31,2023-02-21 11:00:00,30000.00,cancelada,tarjeta,Wilmar González Ortiz,Keratina,Cristian Fade
3099,669,19,14,2023-02-08 08:00:00,60000.00,cancelada,nequi,Sara Martínez Zapata,Cejas + barba,El Tigre Cuts
3100,1115,29,20,2024-05-23 18:00:00,50000.00,atendida,nequi,Monica Cruz Ortiz,Coloracion fantasia,El Paisa Cuts
3101,651,30,26,2023-06-15 12:00:00,40000.00,cancelada,transferencia,Oscar Suárez Reyes,Corte + lavado + barba,Andres El Pro
3102,866,29,18,2024-12-20 15:00:00,50000.00,cancelada,nequi,Paola Vega Cárdenas,Coloracion fantasia,Nico Estilo
3103,777,17,24,2024-07-22 17:00:00,20000.00,atendida,nequi,Rodrigo Rodríguez Reyes,Barba + hidratacion,El Negro Barber
3104,726,11,26,2023-07-19 16:00:00,25000.00,atendida,efectivo,Ferney Londoño Peña,Corte clasico,Andres El Pro
3105,985,18,3,2024-10-05 14:00:00,22000.00,atendida,daviplata,Fabian Ruiz Parra,Afeitado clasico navaja,Juancho El Indio
3106,1530,12,20,2024-04-18 10:00:00,12000.00,atendida,tarjeta,Yulieth Correa Vargas,Corte moderno,El Paisa Cuts
3107,684,4,10,2023-05-11 16:00:00,18000.00,cancelada,efectivo,Steven Peña Parra,Corte + lavado,Yeferson King
3108,1049,23,11,2024-09-26 10:00:00,30000.00,atendida,daviplata,Isabella Morales Medina,Keratina,El Mono Barber
3109,1880,20,13,2024-04-10 17:00:00,22000.00,atendida,tarjeta,Adriana Arias Delgado,Depilacion de cejas,Camilo Pro
3110,590,23,31,2024-10-03 18:00:00,30000.00,atendida,efectivo,Duvan Muñoz Ramírez,Keratina,Cristian Fade
3111,627,29,7,2024-12-18 18:00:00,50000.00,atendida,transferencia,Carlos Rivera Morales,Coloracion fantasia,Pipe El Crack
3112,353,14,28,2024-12-15 11:00:00,15000.00,atendida,daviplata,Paula Jiménez Silva,Corte + tinte,Yeison Barber
3113,759,13,18,2024-10-10 14:00:00,18000.00,cancelada,efectivo,Adriana Reyes Ramírez,Corte infantil,Nico Estilo
3114,395,24,4,2023-03-18 12:00:00,50000.00,cancelada,daviplata,Esteban Londoño Rojas,Corte + barba + cejas,Mateo Barber
3115,710,13,15,2024-08-03 09:00:00,18000.00,cancelada,tarjeta,Luis Henao Delgado,Corte infantil,Jhon Navajas
3116,1198,21,30,2023-04-24 09:00:00,25000.00,cancelada,tarjeta,Gabriela Gutiérrez Morales,Limpieza facial,Pipe Navajas
3117,764,28,28,2023-08-10 15:00:00,55000.00,atendida,efectivo,Isabella Morales Peña,Pack novio completo,Yeison Barber
3118,1786,28,12,2023-01-11 09:00:00,55000.00,cancelada,efectivo,Kevin Torres Pérez,Pack novio completo,Duvan Fresh
3119,1402,25,22,2024-07-14 16:00:00,80000.00,atendida,efectivo,Deisy Gómez Vega,Corte + hidratacion,Diego Fadero
3120,1111,13,5,2023-08-23 16:00:00,18000.00,cancelada,transferencia,Andrés Ortiz Londoño,Corte infantil,El Vikingo
3121,832,4,31,2024-02-10 18:00:00,18000.00,cancelada,transferencia,Carolina Cárdenas Ruiz,Corte + lavado,Cristian Fade
3122,739,18,26,2024-02-25 15:00:00,22000.00,atendida,daviplata,Carolina Reyes Ríos,Afeitado clasico navaja,Andres El Pro
3123,1274,1,6,2024-04-05 14:00:00,12000.00,cancelada,daviplata,Sebastián Ortiz Ríos,Corte de cabello Basico,Chelo Cuts
3124,622,16,6,2024-02-07 11:00:00,8000.00,atendida,daviplata,Andrea Espinoza Sánchez,Barba completa,Chelo Cuts
3125,1127,26,25,2023-02-14 08:00:00,50000.00,atendida,nequi,Mauricio Moreno Medina,Masaje capilar,Lucho Precision
3126,980,2,19,2024-09-16 12:00:00,15000.00,atendida,tarjeta,Monica Medina Suárez,Corte de cabello Basico + barba,Fercho Barber
3127,1379,28,24,2024-11-13 10:00:00,55000.00,cancelada,tarjeta,Hernán Mendoza Peña,Pack novio completo,El Negro Barber
3128,1849,2,25,2023-04-09 17:00:00,15000.00,atendida,daviplata,Luis Ortiz García,Corte de cabello Basico + barba,Lucho Precision
3129,188,6,2,2024-11-27 12:00:00,14000.00,atendida,tarjeta,Nathaly Ríos Rivera,Corte de cabello Basico + barba,Maicol Style
3130,183,14,23,2023-10-15 10:00:00,15000.00,atendida,nequi,Miguel Herrera Ríos,Corte + tinte,Santi Premium
3131,1728,3,31,2023-10-14 15:00:00,8000.00,cancelada,efectivo,Ricardo Vargas Medina,Arreglo de barba,Cristian Fade
3132,641,19,29,2023-01-11 16:00:00,60000.00,cancelada,efectivo,Miguel Cárdenas García,Cejas + barba,El Calvo Cuts
3133,1907,19,24,2024-10-26 12:00:00,60000.00,cancelada,nequi,Marcela Arias Ruiz,Cejas + barba,El Negro Barber
3134,1790,4,7,2023-08-06 11:00:00,18000.00,atendida,tarjeta,Sofia Moreno García,Corte + lavado,Pipe El Crack
3135,1702,12,21,2023-11-30 14:00:00,12000.00,atendida,efectivo,Ana Pérez Medina,Corte moderno,Wilmar Style
3136,1030,7,3,2024-04-27 15:00:00,13000.00,cancelada,daviplata,David Ruiz García,Arreglo de barba,Juancho El Indio
3137,531,26,30,2024-01-21 17:00:00,50000.00,cancelada,nequi,Sofia Bedoya Rodríguez,Masaje capilar,Pipe Navajas
3138,183,11,28,2024-07-13 15:00:00,25000.00,atendida,tarjeta,Miguel Herrera Ríos,Corte clasico,Yeison Barber
3139,1670,28,16,2024-12-07 08:00:00,55000.00,atendida,transferencia,Gabriela Parra Parra,Pack novio completo,Sebastián Blade
3140,201,22,25,2024-07-07 10:00:00,15000.00,atendida,efectivo,Ricardo Gutiérrez Díaz,Hidratacion capilar,Lucho Precision
3141,1010,19,7,2023-07-07 14:00:00,60000.00,atendida,transferencia,Jhon Pérez Ramos,Cejas + barba,Pipe El Crack
3142,885,22,23,2023-12-25 14:00:00,15000.00,atendida,transferencia,Sara Herrera Moreno,Hidratacion capilar,Santi Premium
3143,1701,8,31,2024-12-19 12:00:00,16000.00,atendida,daviplata,Yesid Reyes Sánchez,Corte + lavado,Cristian Fade
3144,1171,22,14,2024-07-10 10:00:00,15000.00,atendida,tarjeta,Alejandro Zapata Suárez,Hidratacion capilar,El Tigre Cuts
3145,1456,2,24,2023-08-24 08:00:00,15000.00,atendida,efectivo,Samuel Espinoza Parra,Corte de cabello Basico + barba,El Negro Barber
3146,1639,30,28,2024-01-14 10:00:00,40000.00,atendida,transferencia,Nicolás Montoya Reyes,Corte + lavado + barba,Yeison Barber
3147,521,30,20,2023-10-28 16:00:00,40000.00,atendida,tarjeta,Yesid Ramos Ramírez,Corte + lavado + barba,El Paisa Cuts
3148,743,7,6,2024-08-21 09:00:00,13000.00,cancelada,daviplata,Catalina Ortiz Reyes,Arreglo de barba,Chelo Cuts
3149,1113,10,5,2023-12-08 16:00:00,35000.00,atendida,nequi,Esteban Flores Moreno,Corte navaja,El Vikingo
3150,37,14,11,2024-01-28 17:00:00,15000.00,cancelada,efectivo,Johana Londoño Martínez,Corte + tinte,El Mono Barber
3151,1647,18,23,2023-11-27 08:00:00,22000.00,cancelada,daviplata,Hernán Bedoya Bedoya,Afeitado clasico navaja,Santi Premium
3152,282,23,20,2024-09-09 15:00:00,30000.00,atendida,daviplata,Isabella Medina Gómez,Keratina,El Paisa Cuts
3153,1469,28,19,2024-08-18 12:00:00,55000.00,cancelada,nequi,Xiomara Ruiz Cruz,Pack novio completo,Fercho Barber
3154,1038,22,20,2024-11-10 09:00:00,15000.00,atendida,daviplata,Kevin Guerrero Parra,Hidratacion capilar,El Paisa Cuts
3155,67,5,9,2024-12-21 09:00:00,15000.00,atendida,efectivo,Johana Espinoza Jiménez,Corte de cabello Basico,Brayan Scissors
3156,1514,2,8,2023-04-25 10:00:00,15000.00,cancelada,efectivo,Mauricio Rodríguez Medina,Corte de cabello Basico + barba,Tato Fade
3157,853,18,30,2024-11-06 12:00:00,22000.00,cancelada,daviplata,Santiago Torres Rivera,Afeitado clasico navaja,Pipe Navajas
3158,342,3,25,2024-03-11 12:00:00,8000.00,atendida,efectivo,Diana Vargas Castro,Arreglo de barba,Lucho Precision
3159,863,13,29,2024-02-04 17:00:00,18000.00,atendida,nequi,Yesid Peña Bedoya,Corte infantil,El Calvo Cuts
3160,324,9,4,2024-11-26 12:00:00,10000.00,atendida,transferencia,Nathaly Sánchez Bedoya,Corte degradado,Mateo Barber
3161,1205,30,18,2024-05-14 10:00:00,40000.00,atendida,nequi,Ferney Sánchez Arias,Corte + lavado + barba,Nico Estilo
3162,167,9,14,2023-07-10 17:00:00,10000.00,atendida,nequi,Sofia Suárez Moreno,Corte degradado,El Tigre Cuts
3163,1461,11,26,2024-03-19 18:00:00,25000.00,atendida,tarjeta,Rodrigo Suárez Silva,Corte clasico,Andres El Pro
3164,1411,23,25,2023-11-27 17:00:00,30000.00,atendida,tarjeta,Patricia Gutiérrez Ríos,Keratina,Lucho Precision
3165,210,5,3,2023-06-12 11:00:00,15000.00,atendida,daviplata,Ferney Arias Cruz,Corte de cabello Basico,Juancho El Indio
3166,726,13,19,2023-05-08 08:00:00,18000.00,atendida,transferencia,Ferney Londoño Peña,Corte infantil,Fercho Barber
3167,1337,3,18,2024-12-09 15:00:00,8000.00,atendida,efectivo,Alejandro Romero Ríos,Arreglo de barba,Nico Estilo
3168,1650,14,22,2024-02-25 09:00:00,15000.00,atendida,transferencia,Paola Reyes Díaz,Corte + tinte,Diego Fadero
3169,1211,14,10,2024-11-30 08:00:00,15000.00,atendida,transferencia,Laura Reyes Peña,Corte + tinte,Yeferson King
3170,1043,16,12,2023-08-06 10:00:00,8000.00,atendida,transferencia,Marcela Correa Muñoz,Barba completa,Duvan Fresh
3171,137,14,4,2023-03-26 12:00:00,15000.00,cancelada,nequi,Monica Espinoza Peña,Corte + tinte,Mateo Barber
3172,1905,23,15,2024-12-16 18:00:00,30000.00,cancelada,daviplata,Deisy Flores Londoño,Keratina,Jhon Navajas
3173,1772,26,21,2024-09-17 12:00:00,50000.00,atendida,daviplata,Ricardo Silva Henao,Masaje capilar,Wilmar Style
3174,286,3,4,2023-05-28 14:00:00,8000.00,cancelada,tarjeta,Monica Parra Salazar,Arreglo de barba,Mateo Barber
3175,1913,3,20,2023-02-26 09:00:00,8000.00,atendida,transferencia,Leidy Mendoza Zapata,Arreglo de barba,El Paisa Cuts
3176,331,9,14,2023-11-05 09:00:00,10000.00,cancelada,nequi,Hernán Bedoya Herrera,Corte degradado,El Tigre Cuts
3177,1320,17,6,2024-06-04 15:00:00,20000.00,cancelada,transferencia,Felipe Jiménez Ospina,Barba + hidratacion,Chelo Cuts
3178,1269,27,11,2024-01-12 18:00:00,22000.00,atendida,nequi,Xiomara Bedoya Ruiz,Tratamiento anticaida,El Mono Barber
3179,552,19,27,2024-07-23 10:00:00,60000.00,atendida,transferencia,Catalina Cruz Mendoza,Cejas + barba,Tomas Clipper
3180,1214,11,12,2023-12-31 15:00:00,25000.00,atendida,tarjeta,Raúl Ríos Sánchez,Corte clasico,Duvan Fresh
3181,1912,21,3,2024-02-29 09:00:00,25000.00,atendida,tarjeta,Claudia Mendoza Vega,Limpieza facial,Juancho El Indio
3182,502,25,3,2024-09-20 17:00:00,80000.00,atendida,tarjeta,Rodrigo Peña Henao,Corte + hidratacion,Juancho El Indio
3183,448,7,20,2024-01-01 11:00:00,13000.00,cancelada,efectivo,Paula Salazar Romero,Arreglo de barba,El Paisa Cuts
3184,1830,24,27,2023-02-22 08:00:00,50000.00,atendida,daviplata,Rodrigo Silva Rivera,Corte + barba + cejas,Tomas Clipper
3185,1018,10,13,2023-01-17 15:00:00,35000.00,atendida,tarjeta,Andrés Herrera Suárez,Corte navaja,Camilo Pro
3186,253,23,16,2023-04-02 08:00:00,30000.00,atendida,efectivo,Johana Castro Jiménez,Keratina,Sebastián Blade
3187,331,1,10,2023-11-22 08:00:00,12000.00,atendida,tarjeta,Hernán Bedoya Herrera,Corte de cabello Basico,Yeferson King
3188,1106,20,20,2023-10-15 09:00:00,22000.00,cancelada,tarjeta,Wilmar Ramírez Mendoza,Depilacion de cejas,El Paisa Cuts
3189,265,17,26,2023-08-21 11:00:00,20000.00,atendida,nequi,Jorge Reyes Londoño,Barba + hidratacion,Andres El Pro
3190,444,5,23,2023-06-10 14:00:00,15000.00,cancelada,tarjeta,Mateo Martínez Ruiz,Corte de cabello Basico,Santi Premium
3191,1006,19,18,2023-06-07 09:00:00,60000.00,cancelada,nequi,Marcela Muñoz Morales,Cejas + barba,Nico Estilo
3192,1522,1,14,2023-10-12 14:00:00,12000.00,atendida,daviplata,Ricardo Castro Suárez,Corte de cabello Basico,El Tigre Cuts
3193,1423,17,22,2023-11-16 17:00:00,20000.00,cancelada,daviplata,Adriana Herrera Rodríguez,Barba + hidratacion,Diego Fadero
3194,1949,24,28,2024-12-04 11:00:00,50000.00,atendida,transferencia,Jhon Silva García,Corte + barba + cejas,Yeison Barber
3195,216,19,16,2023-03-10 11:00:00,60000.00,cancelada,tarjeta,Natalia Jiménez Ruiz,Cejas + barba,Sebastián Blade
3196,1212,27,28,2024-04-09 09:00:00,22000.00,atendida,transferencia,Wilmar Suárez Ramos,Tratamiento anticaida,Yeison Barber
3197,919,5,25,2023-12-14 15:00:00,15000.00,atendida,tarjeta,Leidy Montoya Ríos,Corte de cabello Basico,Lucho Precision
3198,334,28,13,2023-12-19 11:00:00,55000.00,cancelada,tarjeta,Lizeth Parra Rivera,Pack novio completo,Camilo Pro
3199,1718,27,26,2023-02-06 12:00:00,22000.00,cancelada,nequi,Alejandro Ruiz Ocampo,Tratamiento anticaida,Andres El Pro
3200,984,26,22,2023-06-18 12:00:00,50000.00,atendida,efectivo,Dayana González Delgado,Masaje capilar,Diego Fadero
3201,1877,12,29,2024-01-15 10:00:00,12000.00,atendida,nequi,Juan Ríos Suárez,Corte moderno,El Calvo Cuts
3202,726,30,3,2024-06-02 09:00:00,40000.00,atendida,transferencia,Ferney Londoño Peña,Corte + lavado + barba,Juancho El Indio
3203,1474,3,14,2023-01-27 11:00:00,8000.00,atendida,transferencia,Miguel Pérez Herrera,Arreglo de barba,El Tigre Cuts
3204,440,22,2,2023-06-21 11:00:00,15000.00,atendida,transferencia,Ricardo Ruiz Torres,Hidratacion capilar,Maicol Style
3205,1673,2,19,2024-07-07 16:00:00,15000.00,atendida,tarjeta,Oscar Ramírez Herrera,Corte de cabello Basico + barba,Fercho Barber
3206,1355,2,8,2024-12-22 11:00:00,15000.00,atendida,tarjeta,Carolina Sánchez Ortiz,Corte de cabello Basico + barba,Tato Fade
3207,1207,27,17,2023-10-20 09:00:00,22000.00,cancelada,transferencia,Isabella Morales Salazar,Tratamiento anticaida,Kevin El Maestro
3208,827,22,5,2024-07-11 15:00:00,15000.00,atendida,transferencia,Jhon Delgado Ortiz,Hidratacion capilar,El Vikingo
3209,897,15,14,2023-02-03 12:00:00,14000.00,cancelada,efectivo,Alejandro Suárez Sánchez,Tinte completo,El Tigre Cuts
3210,627,2,9,2024-11-12 08:00:00,15000.00,atendida,efectivo,Carlos Rivera Morales,Corte de cabello Basico + barba,Brayan Scissors
3211,1553,8,11,2023-11-15 12:00:00,16000.00,atendida,efectivo,Patricia Delgado Ospina,Corte + lavado,El Mono Barber
3212,886,15,28,2023-05-21 14:00:00,14000.00,atendida,efectivo,Ricardo Jiménez Montoya,Tinte completo,Yeison Barber
3213,1309,11,23,2023-02-17 10:00:00,25000.00,atendida,daviplata,Alejandro Castro Castro,Corte clasico,Santi Premium
3214,570,10,17,2024-04-14 16:00:00,35000.00,atendida,nequi,Samuel Ospina Rojas,Corte navaja,Kevin El Maestro
3215,1757,24,25,2023-01-19 11:00:00,50000.00,cancelada,efectivo,Kevin Suárez Pérez,Corte + barba + cejas,Lucho Precision
3216,123,6,7,2024-09-04 16:00:00,14000.00,atendida,daviplata,Ferney Silva Díaz,Corte de cabello Basico + barba,Pipe El Crack
3217,465,22,29,2024-02-19 14:00:00,15000.00,atendida,tarjeta,Fernando Flores Montoya,Hidratacion capilar,El Calvo Cuts
3218,47,18,7,2023-11-05 16:00:00,22000.00,cancelada,daviplata,Andrés Pérez Ramos,Afeitado clasico navaja,Pipe El Crack
3219,781,9,27,2024-12-29 18:00:00,10000.00,atendida,efectivo,Sara Espinoza Flores,Corte degradado,Tomas Clipper
3220,1448,29,9,2023-11-08 17:00:00,50000.00,cancelada,nequi,Lucia Gómez Rodríguez,Coloracion fantasia,Brayan Scissors
3221,1194,24,5,2023-12-27 10:00:00,50000.00,atendida,efectivo,Laura Vargas Peña,Corte + barba + cejas,El Vikingo
3222,898,19,31,2023-12-24 16:00:00,60000.00,atendida,nequi,Oscar Correa Ramos,Cejas + barba,Cristian Fade
3223,1166,23,5,2023-04-09 10:00:00,30000.00,cancelada,nequi,Yesid Rivera Ruiz,Keratina,El Vikingo
3224,1272,25,21,2024-08-02 16:00:00,80000.00,cancelada,transferencia,Andrés Peña Zapata,Corte + hidratacion,Wilmar Style
3225,1319,29,4,2024-09-29 12:00:00,50000.00,cancelada,daviplata,Ricardo Londoño Mendoza,Coloracion fantasia,Mateo Barber
3226,211,18,30,2024-07-25 16:00:00,22000.00,cancelada,transferencia,Miguel Guerrero Arias,Afeitado clasico navaja,Pipe Navajas
3227,619,10,31,2024-05-02 14:00:00,35000.00,cancelada,tarjeta,Kevin Espinoza González,Corte navaja,Cristian Fade
3228,32,8,12,2024-01-04 11:00:00,16000.00,atendida,transferencia,Hernán Henao Gómez,Corte + lavado,Duvan Fresh
3229,1458,16,15,2024-02-11 08:00:00,8000.00,atendida,daviplata,Sebastián Morales Díaz,Barba completa,Jhon Navajas
3230,804,1,22,2023-08-20 14:00:00,12000.00,cancelada,nequi,Xiomara Zapata Reyes,Corte de cabello Basico,Diego Fadero
3231,1009,7,7,2024-05-17 10:00:00,13000.00,atendida,daviplata,Wilmar Correa Parra,Arreglo de barba,Pipe El Crack
3232,266,23,12,2023-09-18 17:00:00,30000.00,cancelada,daviplata,Melissa Gutiérrez Rojas,Keratina,Duvan Fresh
3233,942,20,23,2024-05-08 17:00:00,22000.00,atendida,daviplata,Sara Pérez González,Depilacion de cejas,Santi Premium
3234,780,2,9,2023-11-06 10:00:00,15000.00,cancelada,efectivo,Luis Vargas Bedoya,Corte de cabello Basico + barba,Brayan Scissors
3235,1454,17,25,2024-03-18 15:00:00,20000.00,atendida,daviplata,Miguel López Suárez,Barba + hidratacion,Lucho Precision
3236,1060,21,28,2024-03-16 14:00:00,25000.00,atendida,tarjeta,Felipe Martínez López,Limpieza facial,Yeison Barber
3237,415,30,30,2023-02-24 15:00:00,40000.00,atendida,efectivo,Johana Peña Henao,Corte + lavado + barba,Pipe Navajas
3238,1035,29,21,2024-11-13 16:00:00,50000.00,atendida,tarjeta,Johana Sánchez Jiménez,Coloracion fantasia,Wilmar Style
3239,1924,19,15,2023-02-17 12:00:00,60000.00,cancelada,daviplata,Angie Ramos Ocampo,Cejas + barba,Jhon Navajas
3240,1838,28,4,2023-12-26 10:00:00,55000.00,atendida,nequi,Oscar Henao García,Pack novio completo,Mateo Barber
3241,843,2,31,2024-04-06 18:00:00,15000.00,atendida,transferencia,Esteban Torres Ramos,Corte de cabello Basico + barba,Cristian Fade
3242,643,18,21,2024-11-09 08:00:00,22000.00,cancelada,efectivo,Gabriela García Rivera,Afeitado clasico navaja,Wilmar Style
3243,1185,11,20,2024-04-10 12:00:00,25000.00,atendida,efectivo,Daniela Cárdenas Suárez,Corte clasico,El Paisa Cuts
3244,48,29,16,2023-03-15 18:00:00,50000.00,atendida,daviplata,Diana García Cruz,Coloracion fantasia,Sebastián Blade
3245,1420,13,11,2023-09-28 17:00:00,18000.00,cancelada,transferencia,Maria Ospina Salazar,Corte infantil,El Mono Barber
3246,1096,17,24,2023-03-25 08:00:00,20000.00,atendida,daviplata,Melissa Ramos Rodríguez,Barba + hidratacion,El Negro Barber
3247,1786,21,13,2024-01-13 14:00:00,25000.00,cancelada,nequi,Kevin Torres Pérez,Limpieza facial,Camilo Pro
3248,1944,10,3,2024-03-25 15:00:00,35000.00,cancelada,tarjeta,Raúl Silva Ocampo,Corte navaja,Juancho El Indio
3249,1959,10,5,2024-08-15 10:00:00,35000.00,cancelada,transferencia,Camila Correa Reyes,Corte navaja,El Vikingo
3250,564,15,18,2023-10-15 08:00:00,14000.00,cancelada,tarjeta,Fernando Ocampo Suárez,Tinte completo,Nico Estilo
3251,42,27,21,2023-09-08 15:00:00,22000.00,atendida,tarjeta,Sebastián López Cruz,Tratamiento anticaida,Wilmar Style
3252,324,18,10,2024-03-18 15:00:00,22000.00,atendida,transferencia,Nathaly Sánchez Bedoya,Afeitado clasico navaja,Yeferson King
3253,1316,2,4,2023-07-24 17:00:00,15000.00,atendida,tarjeta,Monica Muñoz Ocampo,Corte de cabello Basico + barba,Mateo Barber
3254,1827,5,12,2024-05-29 11:00:00,15000.00,atendida,tarjeta,Brayan Peña Rodríguez,Corte de cabello Basico,Duvan Fresh
3255,1305,4,22,2023-03-16 15:00:00,18000.00,atendida,daviplata,Felipe Cárdenas Montoya,Corte + lavado,Diego Fadero
3256,1195,10,24,2023-03-29 18:00:00,35000.00,cancelada,daviplata,Felipe Medina Moreno,Corte navaja,El Negro Barber
3257,444,15,13,2023-06-30 10:00:00,14000.00,atendida,tarjeta,Mateo Martínez Ruiz,Tinte completo,Camilo Pro
3258,303,24,16,2024-03-07 14:00:00,50000.00,atendida,transferencia,Diego Morales Rojas,Corte + barba + cejas,Sebastián Blade
3259,1513,12,9,2023-01-09 14:00:00,12000.00,atendida,transferencia,Alejandro Mendoza Ríos,Corte moderno,Brayan Scissors
3260,1800,19,15,2024-03-14 15:00:00,60000.00,atendida,daviplata,Esteban Zapata Henao,Cejas + barba,Jhon Navajas
3261,1183,26,6,2024-12-17 15:00:00,50000.00,cancelada,transferencia,Mariana Delgado Jiménez,Masaje capilar,Chelo Cuts
3262,1414,21,23,2024-10-10 12:00:00,25000.00,cancelada,efectivo,Sara Herrera Henao,Limpieza facial,Santi Premium
3263,1843,23,17,2024-04-24 17:00:00,30000.00,cancelada,transferencia,Esteban Gutiérrez Gómez,Keratina,Kevin El Maestro
3264,730,22,18,2024-06-09 12:00:00,15000.00,cancelada,tarjeta,Andrea Herrera Delgado,Hidratacion capilar,Nico Estilo
3265,710,16,17,2024-08-21 09:00:00,8000.00,atendida,nequi,Luis Henao Delgado,Barba completa,Kevin El Maestro
3266,192,10,29,2023-09-03 09:00:00,35000.00,atendida,daviplata,Ana Arias Medina,Corte navaja,El Calvo Cuts
3267,1958,26,3,2023-02-21 17:00:00,50000.00,atendida,tarjeta,Isabella Díaz Ramírez,Masaje capilar,Juancho El Indio
3268,104,6,16,2024-02-05 15:00:00,14000.00,atendida,efectivo,Wilmar Ocampo Ramos,Corte de cabello Basico + barba,Sebastián Blade
3269,895,17,7,2024-01-26 08:00:00,20000.00,atendida,tarjeta,Sergio Flores López,Barba + hidratacion,Pipe El Crack
3270,1208,7,27,2023-08-15 15:00:00,13000.00,atendida,transferencia,Sebastián Parra Guerrero,Arreglo de barba,Tomas Clipper
3271,1181,29,17,2024-02-03 16:00:00,50000.00,atendida,transferencia,Paola Gutiérrez Vargas,Coloracion fantasia,Kevin El Maestro
3272,1258,18,20,2023-05-19 17:00:00,22000.00,atendida,tarjeta,Yeison Peña Reyes,Afeitado clasico navaja,El Paisa Cuts
3273,1901,20,7,2023-09-30 16:00:00,22000.00,cancelada,nequi,Alejandro Silva Medina,Depilacion de cejas,Pipe El Crack
3274,104,15,7,2024-12-20 12:00:00,14000.00,cancelada,tarjeta,Wilmar Ocampo Ramos,Tinte completo,Pipe El Crack
3275,93,17,11,2023-04-02 08:00:00,20000.00,atendida,efectivo,Gabriela Montoya Mendoza,Barba + hidratacion,El Mono Barber
3276,778,2,12,2023-05-13 10:00:00,15000.00,cancelada,nequi,Sara Ramírez Cruz,Corte de cabello Basico + barba,Duvan Fresh
3277,608,28,29,2024-02-15 11:00:00,55000.00,cancelada,daviplata,Brayan Ruiz Díaz,Pack novio completo,El Calvo Cuts
3278,1144,11,21,2023-06-15 18:00:00,25000.00,atendida,daviplata,Isabella Peña Gómez,Corte clasico,Wilmar Style
3279,826,4,17,2023-10-09 18:00:00,18000.00,atendida,efectivo,Ricardo Gutiérrez Cárdenas,Corte + lavado,Kevin El Maestro
3280,81,20,14,2024-07-24 12:00:00,22000.00,atendida,efectivo,Yeison Reyes Vargas,Depilacion de cejas,El Tigre Cuts
3281,630,2,10,2024-12-18 15:00:00,15000.00,cancelada,daviplata,Laura Montoya Correa,Corte de cabello Basico + barba,Yeferson King
3282,709,30,5,2023-04-26 11:00:00,40000.00,atendida,transferencia,Sebastián Moreno López,Corte + lavado + barba,El Vikingo
3283,1908,20,21,2023-04-18 09:00:00,22000.00,atendida,tarjeta,Catalina Montoya Montoya,Depilacion de cejas,Wilmar Style
3284,1040,18,14,2024-04-13 11:00:00,22000.00,atendida,tarjeta,Miguel Medina López,Afeitado clasico navaja,El Tigre Cuts
3285,122,1,3,2024-02-28 09:00:00,12000.00,atendida,efectivo,Sofia García Montoya,Corte de cabello Basico,Juancho El Indio
3286,389,8,18,2024-12-08 17:00:00,16000.00,cancelada,tarjeta,Diana Gómez Moreno,Corte + lavado,Nico Estilo
3287,1314,5,24,2023-10-22 11:00:00,15000.00,atendida,tarjeta,Nathaly Gutiérrez Cárdenas,Corte de cabello Basico,El Negro Barber
3288,1930,14,17,2023-04-22 12:00:00,15000.00,atendida,transferencia,Alejandro Martínez Espinoza,Corte + tinte,Kevin El Maestro
3289,1325,1,15,2023-01-28 14:00:00,12000.00,cancelada,tarjeta,Camila Zapata Mendoza,Corte de cabello Basico,Jhon Navajas
3290,1995,20,2,2024-07-28 15:00:00,22000.00,atendida,daviplata,Wilmar Herrera Flores,Depilacion de cejas,Maicol Style
3291,149,28,20,2023-02-01 09:00:00,55000.00,cancelada,daviplata,Mariana Vega Gómez,Pack novio completo,El Paisa Cuts
3292,209,20,2,2024-03-12 09:00:00,22000.00,atendida,nequi,Sofia Ramos Peña,Depilacion de cejas,Maicol Style
3293,2008,17,3,2023-06-02 14:00:00,20000.00,atendida,nequi,Catalina Díaz Muñoz,Barba + hidratacion,Juancho El Indio
3294,1718,20,28,2024-02-13 18:00:00,22000.00,atendida,nequi,Alejandro Ruiz Ocampo,Depilacion de cejas,Yeison Barber
3295,243,2,27,2024-05-29 09:00:00,15000.00,atendida,tarjeta,Carlos Reyes Ramírez,Corte de cabello Basico + barba,Tomas Clipper
3296,1285,8,18,2023-11-25 09:00:00,16000.00,atendida,tarjeta,Leidy Romero Castro,Corte + lavado,Nico Estilo
3297,872,2,17,2024-12-16 15:00:00,15000.00,atendida,transferencia,Hernán Gómez Zapata,Corte de cabello Basico + barba,Kevin El Maestro
3298,979,1,11,2023-04-25 09:00:00,12000.00,atendida,tarjeta,Sara Zapata González,Corte de cabello Basico,El Mono Barber
3299,455,14,12,2024-07-28 14:00:00,15000.00,cancelada,daviplata,Rodrigo Arias Martínez,Corte + tinte,Duvan Fresh
3300,1329,27,22,2023-06-13 16:00:00,22000.00,cancelada,transferencia,Johana Moreno Sánchez,Tratamiento anticaida,Diego Fadero
3301,1505,3,10,2023-12-06 11:00:00,8000.00,atendida,nequi,Andrés Ocampo Ríos,Arreglo de barba,Yeferson King
3302,1785,3,15,2023-09-23 09:00:00,8000.00,atendida,tarjeta,Raúl Cárdenas Cruz,Arreglo de barba,Jhon Navajas
3303,917,8,11,2024-11-30 12:00:00,16000.00,cancelada,nequi,Deisy Moreno Vega,Corte + lavado,El Mono Barber
3304,1005,24,5,2023-07-01 10:00:00,50000.00,atendida,tarjeta,Julián Zapata Pérez,Corte + barba + cejas,El Vikingo
3305,610,30,26,2024-12-21 11:00:00,40000.00,atendida,tarjeta,Nathaly García Ortiz,Corte + lavado + barba,Andres El Pro
3306,1301,28,6,2023-05-29 16:00:00,55000.00,cancelada,transferencia,Nicolás Vega López,Pack novio completo,Chelo Cuts
3307,621,27,3,2023-05-21 18:00:00,22000.00,atendida,transferencia,Kevin Gutiérrez Sánchez,Tratamiento anticaida,Juancho El Indio
3308,954,20,22,2023-06-01 18:00:00,22000.00,atendida,transferencia,Camila López Gómez,Depilacion de cejas,Diego Fadero
3309,1666,3,8,2024-08-13 15:00:00,8000.00,cancelada,transferencia,Yulieth Arias Vargas,Arreglo de barba,Tato Fade
3310,1028,5,8,2023-08-14 12:00:00,15000.00,cancelada,efectivo,Mariana Vega Bedoya,Corte de cabello Basico,Tato Fade
3311,1217,5,10,2023-12-18 17:00:00,15000.00,cancelada,daviplata,Fernando Arias García,Corte de cabello Basico,Yeferson King
3312,377,19,7,2023-11-26 18:00:00,60000.00,cancelada,efectivo,Fabian Ramos González,Cejas + barba,Pipe El Crack
3313,1140,6,17,2023-08-12 17:00:00,14000.00,atendida,nequi,Luis Ramírez Londoño,Corte de cabello Basico + barba,Kevin El Maestro
3314,1855,7,23,2023-12-19 11:00:00,13000.00,atendida,daviplata,Isabella Moreno Pérez,Arreglo de barba,Santi Premium
3315,319,25,7,2023-07-28 10:00:00,80000.00,atendida,daviplata,Luis Cárdenas Guerrero,Corte + hidratacion,Pipe El Crack
3316,872,28,31,2024-09-13 12:00:00,55000.00,atendida,tarjeta,Hernán Gómez Zapata,Pack novio completo,Cristian Fade
3317,78,7,13,2024-08-27 14:00:00,13000.00,atendida,efectivo,Angie Moreno Torres,Arreglo de barba,Camilo Pro
3318,431,29,20,2024-05-28 17:00:00,50000.00,atendida,efectivo,Mauricio Díaz Peña,Coloracion fantasia,El Paisa Cuts
3319,750,11,17,2023-06-13 12:00:00,25000.00,atendida,tarjeta,Santiago Montoya Romero,Corte clasico,Kevin El Maestro
3320,1853,9,20,2023-05-03 17:00:00,10000.00,atendida,transferencia,Hernán Pérez Montoya,Corte degradado,El Paisa Cuts
3321,676,11,25,2024-11-01 16:00:00,25000.00,atendida,daviplata,Carlos Salazar Gutiérrez,Corte clasico,Lucho Precision
3322,1514,3,17,2024-08-29 10:00:00,8000.00,atendida,transferencia,Mauricio Rodríguez Medina,Arreglo de barba,Kevin El Maestro
3323,913,7,13,2023-01-30 17:00:00,13000.00,atendida,nequi,Camila Guerrero Muñoz,Arreglo de barba,Camilo Pro
3324,1082,10,12,2023-08-18 08:00:00,35000.00,atendida,tarjeta,Marcela Morales Reyes,Corte navaja,Duvan Fresh
3325,1624,7,7,2024-08-01 12:00:00,13000.00,atendida,nequi,Jorge Cárdenas Gutiérrez,Arreglo de barba,Pipe El Crack
3326,1638,23,23,2024-12-01 15:00:00,30000.00,atendida,efectivo,Fernando Delgado Gómez,Keratina,Santi Premium
3327,475,15,30,2023-01-17 16:00:00,14000.00,atendida,tarjeta,Juan Gutiérrez Morales,Tinte completo,Pipe Navajas
3328,1180,1,26,2023-07-29 11:00:00,12000.00,atendida,transferencia,Brayan Flores Mendoza,Corte de cabello Basico,Andres El Pro
3329,136,29,13,2023-08-20 12:00:00,50000.00,atendida,efectivo,Carlos Muñoz Medina,Coloracion fantasia,Camilo Pro
3330,253,18,5,2024-03-19 10:00:00,22000.00,atendida,nequi,Johana Castro Jiménez,Afeitado clasico navaja,El Vikingo
3331,41,5,12,2024-04-28 09:00:00,15000.00,cancelada,nequi,Leidy Díaz Salazar,Corte de cabello Basico,Duvan Fresh
3332,989,3,19,2024-04-23 09:00:00,8000.00,atendida,tarjeta,Kevin Muñoz Espinoza,Arreglo de barba,Fercho Barber
3333,509,29,3,2024-05-10 16:00:00,50000.00,cancelada,daviplata,Oscar Delgado Gutiérrez,Coloracion fantasia,Juancho El Indio
3334,1046,27,29,2023-10-16 16:00:00,22000.00,cancelada,tarjeta,Felipe García Rivera,Tratamiento anticaida,El Calvo Cuts
3335,283,30,5,2024-12-10 18:00:00,40000.00,atendida,tarjeta,Esteban Guerrero Castro,Corte + lavado + barba,El Vikingo
3336,661,9,30,2023-12-19 17:00:00,10000.00,atendida,efectivo,Johana Martínez Martínez,Corte degradado,Pipe Navajas
3337,359,4,15,2023-07-24 16:00:00,18000.00,atendida,transferencia,Carlos Henao Zapata,Corte + lavado,Jhon Navajas
3338,754,27,12,2023-12-15 10:00:00,22000.00,atendida,daviplata,Sergio García Flores,Tratamiento anticaida,Duvan Fresh
3339,1199,19,6,2024-08-09 18:00:00,60000.00,atendida,nequi,Patricia Montoya Rodríguez,Cejas + barba,Chelo Cuts
3340,783,18,10,2024-06-03 11:00:00,22000.00,atendida,daviplata,Monica Muñoz Suárez,Afeitado clasico navaja,Yeferson King
3341,1279,26,7,2023-04-13 08:00:00,50000.00,atendida,transferencia,Kevin Guerrero Guerrero,Masaje capilar,Pipe El Crack
3342,1860,8,11,2024-11-07 11:00:00,16000.00,cancelada,transferencia,Nicolás Salazar Silva,Corte + lavado,El Mono Barber
3343,520,11,9,2024-02-13 12:00:00,25000.00,atendida,nequi,Leidy Espinoza Rodríguez,Corte clasico,Brayan Scissors
3344,908,26,30,2024-07-20 10:00:00,50000.00,atendida,tarjeta,Sergio Ruiz Correa,Masaje capilar,Pipe Navajas
3345,1403,26,22,2023-10-12 16:00:00,50000.00,atendida,daviplata,Monica Gómez Bedoya,Masaje capilar,Diego Fadero
3346,1785,14,29,2024-10-21 16:00:00,15000.00,atendida,transferencia,Raúl Cárdenas Cruz,Corte + tinte,El Calvo Cuts
3347,593,18,18,2024-05-14 17:00:00,22000.00,cancelada,efectivo,Yeison Díaz Díaz,Afeitado clasico navaja,Nico Estilo
3348,560,1,28,2023-08-21 15:00:00,12000.00,atendida,daviplata,Daniela Rivera González,Corte de cabello Basico,Yeison Barber
3349,1996,12,23,2023-01-05 11:00:00,12000.00,atendida,efectivo,Yulieth Ramos Martínez,Corte moderno,Santi Premium
3350,1966,29,22,2024-08-22 18:00:00,50000.00,atendida,tarjeta,Fernando Ocampo Ocampo,Coloracion fantasia,Diego Fadero
3351,154,4,27,2024-08-23 17:00:00,18000.00,atendida,daviplata,Carolina Muñoz Romero,Corte + lavado,Tomas Clipper
3352,536,27,26,2023-12-04 16:00:00,22000.00,cancelada,efectivo,Santiago Ramírez Mendoza,Tratamiento anticaida,Andres El Pro
3353,1693,24,2,2023-03-05 10:00:00,50000.00,cancelada,daviplata,Angie González Pérez,Corte + barba + cejas,Maicol Style
3354,126,14,10,2023-05-19 11:00:00,15000.00,atendida,nequi,Ana Henao Bedoya,Corte + tinte,Yeferson King
3355,122,11,26,2023-12-04 09:00:00,25000.00,atendida,daviplata,Sofia García Montoya,Corte clasico,Andres El Pro
3356,278,23,2,2024-12-19 18:00:00,30000.00,atendida,transferencia,Steven Cárdenas Henao,Keratina,Maicol Style
3357,1050,4,30,2024-03-08 09:00:00,18000.00,cancelada,transferencia,Leidy Silva Medina,Corte + lavado,Pipe Navajas
3358,827,8,20,2024-07-15 15:00:00,16000.00,atendida,transferencia,Jhon Delgado Ortiz,Corte + lavado,El Paisa Cuts
3359,1207,28,30,2024-09-26 15:00:00,55000.00,cancelada,tarjeta,Isabella Morales Salazar,Pack novio completo,Pipe Navajas
3360,107,10,14,2023-07-30 11:00:00,35000.00,atendida,daviplata,Isabella Parra Gutiérrez,Corte navaja,El Tigre Cuts
3361,643,17,26,2024-10-06 15:00:00,20000.00,atendida,nequi,Gabriela García Rivera,Barba + hidratacion,Andres El Pro
3362,1996,11,11,2024-07-21 14:00:00,25000.00,atendida,tarjeta,Yulieth Ramos Martínez,Corte clasico,El Mono Barber
3363,575,17,20,2023-05-07 14:00:00,20000.00,atendida,tarjeta,Xiomara Ramos Montoya,Barba + hidratacion,El Paisa Cuts
3364,1568,21,20,2023-01-24 18:00:00,25000.00,cancelada,tarjeta,Leidy Morales Parra,Limpieza facial,El Paisa Cuts
3365,1670,23,7,2024-04-04 08:00:00,30000.00,cancelada,nequi,Gabriela Parra Parra,Keratina,Pipe El Crack
3366,1797,23,11,2023-09-30 09:00:00,30000.00,atendida,daviplata,Leidy Torres Ramos,Keratina,El Mono Barber
3367,1374,19,20,2024-06-06 17:00:00,60000.00,cancelada,efectivo,Wilmar Reyes Arias,Cejas + barba,El Paisa Cuts
3368,888,9,28,2023-09-20 14:00:00,10000.00,atendida,tarjeta,Rodrigo Ortiz Ospina,Corte degradado,Yeison Barber
3369,871,4,6,2024-06-26 12:00:00,18000.00,atendida,daviplata,Angie Cruz Vega,Corte + lavado,Chelo Cuts
3370,2000,1,16,2024-10-17 11:00:00,12000.00,atendida,daviplata,Mariana Herrera Sánchez,Corte de cabello Basico,Sebastián Blade
3371,346,6,25,2023-10-28 16:00:00,14000.00,cancelada,tarjeta,Wilmar Muñoz Suárez,Corte de cabello Basico + barba,Lucho Precision
3372,550,30,14,2024-07-15 09:00:00,40000.00,atendida,efectivo,Sofia Correa Montoya,Corte + lavado + barba,El Tigre Cuts
3373,1100,28,5,2024-08-24 14:00:00,55000.00,atendida,daviplata,Maria González Castro,Pack novio completo,El Vikingo
3374,980,30,13,2023-10-17 17:00:00,40000.00,cancelada,transferencia,Monica Medina Suárez,Corte + lavado + barba,Camilo Pro
3375,557,23,5,2024-07-29 18:00:00,30000.00,atendida,nequi,Andrés Herrera Morales,Keratina,El Vikingo
3376,463,24,26,2023-05-30 11:00:00,50000.00,cancelada,efectivo,Alejandro Flores Castro,Corte + barba + cejas,Andres El Pro
3377,563,10,7,2023-12-24 17:00:00,35000.00,atendida,daviplata,Rodrigo Delgado Romero,Corte navaja,Pipe El Crack
3378,1478,1,23,2023-05-14 16:00:00,12000.00,atendida,daviplata,Esteban Gutiérrez Ríos,Corte de cabello Basico,Santi Premium
3379,1632,1,5,2024-05-20 09:00:00,12000.00,cancelada,tarjeta,Wilmar Gutiérrez Reyes,Corte de cabello Basico,El Vikingo
3380,683,24,31,2024-07-20 15:00:00,50000.00,atendida,transferencia,Jorge Salazar Guerrero,Corte + barba + cejas,Cristian Fade
3381,1109,20,12,2023-03-05 14:00:00,22000.00,atendida,tarjeta,Camila Bedoya Parra,Depilacion de cejas,Duvan Fresh
3382,1720,27,5,2024-01-25 08:00:00,22000.00,atendida,nequi,Camila Gutiérrez Torres,Tratamiento anticaida,El Vikingo
3383,609,17,4,2023-09-25 17:00:00,20000.00,atendida,tarjeta,Adriana Henao Cruz,Barba + hidratacion,Mateo Barber
3384,1785,8,10,2023-04-10 10:00:00,16000.00,atendida,efectivo,Raúl Cárdenas Cruz,Corte + lavado,Yeferson King
3385,781,8,25,2024-06-23 18:00:00,16000.00,atendida,nequi,Sara Espinoza Flores,Corte + lavado,Lucho Precision
3386,466,16,20,2023-05-24 11:00:00,8000.00,cancelada,daviplata,Luis Ruiz Ramírez,Barba completa,El Paisa Cuts
3387,91,23,13,2023-06-19 11:00:00,30000.00,atendida,tarjeta,Steven Medina Cruz,Keratina,Camilo Pro
3388,1812,6,17,2023-10-13 16:00:00,14000.00,cancelada,efectivo,Lizeth Ospina Guerrero,Corte de cabello Basico + barba,Kevin El Maestro
3389,749,5,4,2023-01-05 11:00:00,15000.00,atendida,daviplata,Alejandro Jiménez González,Corte de cabello Basico,Mateo Barber
3390,2029,24,6,2023-07-11 12:00:00,50000.00,atendida,transferencia,Angie Muñoz Ramos,Corte + barba + cejas,Chelo Cuts
3391,799,7,9,2023-11-16 18:00:00,13000.00,atendida,efectivo,Marcela Guerrero Rodríguez,Arreglo de barba,Brayan Scissors
3392,2011,12,25,2023-05-27 09:00:00,12000.00,atendida,tarjeta,Melissa Londoño Muñoz,Corte moderno,Lucho Precision
3393,1618,10,24,2023-11-25 08:00:00,35000.00,cancelada,transferencia,Johana Flores Delgado,Corte navaja,El Negro Barber
3394,1287,27,15,2024-07-07 18:00:00,22000.00,atendida,tarjeta,Mauricio Ruiz Silva,Tratamiento anticaida,Jhon Navajas
3395,1520,23,17,2023-06-07 14:00:00,30000.00,atendida,nequi,Alejandro Jiménez Sánchez,Keratina,Kevin El Maestro
3396,156,23,30,2023-01-26 15:00:00,30000.00,atendida,daviplata,Mariana Martínez Ortiz,Keratina,Pipe Navajas
3397,86,30,2,2024-05-09 09:00:00,40000.00,cancelada,tarjeta,Angie Cárdenas Parra,Corte + lavado + barba,Maicol Style
3398,1475,14,2,2024-07-03 18:00:00,15000.00,cancelada,daviplata,Laura Arias Herrera,Corte + tinte,Maicol Style
3399,1994,25,28,2023-05-28 10:00:00,80000.00,atendida,nequi,Nicolás Moreno Montoya,Corte + hidratacion,Yeison Barber
3400,232,4,23,2023-05-20 14:00:00,18000.00,cancelada,transferencia,Lizeth Reyes Cruz,Corte + lavado,Santi Premium
3401,1128,12,11,2023-11-17 18:00:00,12000.00,atendida,transferencia,Camila Castro Flores,Corte moderno,El Mono Barber
3402,1912,26,11,2023-01-25 17:00:00,50000.00,atendida,tarjeta,Claudia Mendoza Vega,Masaje capilar,El Mono Barber
3403,971,1,29,2024-10-23 14:00:00,12000.00,cancelada,tarjeta,Ferney Ramos Díaz,Corte de cabello Basico,El Calvo Cuts
3404,1213,23,21,2023-02-24 12:00:00,30000.00,cancelada,tarjeta,Patricia Díaz Torres,Keratina,Wilmar Style
3405,294,28,23,2024-12-05 12:00:00,55000.00,cancelada,daviplata,Marcela Díaz Ortiz,Pack novio completo,Santi Premium
3406,707,5,13,2024-04-12 16:00:00,15000.00,atendida,tarjeta,Natalia Suárez Henao,Corte de cabello Basico,Camilo Pro
3407,1186,29,7,2023-07-25 11:00:00,50000.00,atendida,daviplata,Carlos Jiménez Ríos,Coloracion fantasia,Pipe El Crack
3408,695,16,6,2023-02-05 15:00:00,8000.00,cancelada,tarjeta,Oscar Vargas Ospina,Barba completa,Chelo Cuts
3409,71,22,19,2023-06-01 10:00:00,15000.00,atendida,efectivo,Sergio Suárez Pérez,Hidratacion capilar,Fercho Barber
3410,1014,25,29,2024-12-20 08:00:00,80000.00,atendida,tarjeta,Julián Vargas Pérez,Corte + hidratacion,El Calvo Cuts
3411,686,14,24,2024-07-22 15:00:00,15000.00,atendida,nequi,Hernán Rodríguez Espinoza,Corte + tinte,El Negro Barber
3412,1860,27,29,2023-12-14 15:00:00,22000.00,atendida,tarjeta,Nicolás Salazar Silva,Tratamiento anticaida,El Calvo Cuts
3413,1315,17,23,2024-02-09 16:00:00,20000.00,atendida,nequi,Daniela Vega Silva,Barba + hidratacion,Santi Premium
3414,925,15,27,2023-09-17 14:00:00,14000.00,atendida,daviplata,Duvan Ramos Ramírez,Tinte completo,Tomas Clipper
3415,899,3,16,2023-04-22 16:00:00,8000.00,cancelada,tarjeta,Valentina Delgado Flores,Arreglo de barba,Sebastián Blade
3416,207,13,15,2023-01-25 15:00:00,18000.00,atendida,nequi,Julián Sánchez Ospina,Corte infantil,Jhon Navajas
3417,1680,13,11,2024-12-06 10:00:00,18000.00,atendida,daviplata,Laura Ortiz Silva,Corte infantil,El Mono Barber
3418,1654,4,2,2024-06-12 17:00:00,18000.00,atendida,transferencia,Paola Guerrero Guerrero,Corte + lavado,Maicol Style
3419,1964,3,20,2024-12-02 12:00:00,8000.00,atendida,nequi,Steven Muñoz Reyes,Arreglo de barba,El Paisa Cuts
3420,576,29,22,2023-09-13 17:00:00,50000.00,atendida,transferencia,Paola García Montoya,Coloracion fantasia,Diego Fadero
3421,1070,21,8,2024-04-14 14:00:00,25000.00,atendida,nequi,David Ocampo Gutiérrez,Limpieza facial,Tato Fade
3422,270,16,31,2023-04-03 09:00:00,8000.00,cancelada,transferencia,Nathaly Torres Jiménez,Barba completa,Cristian Fade
3423,1269,14,20,2024-07-10 15:00:00,15000.00,atendida,daviplata,Xiomara Bedoya Ruiz,Corte + tinte,El Paisa Cuts
3424,1057,2,8,2023-08-17 12:00:00,15000.00,atendida,tarjeta,Andrés Martínez Rojas,Corte de cabello Basico + barba,Tato Fade
3425,854,21,25,2023-01-17 15:00:00,25000.00,atendida,transferencia,Jhon Vega Medina,Limpieza facial,Lucho Precision
3426,1638,30,21,2024-02-04 08:00:00,40000.00,atendida,efectivo,Fernando Delgado Gómez,Corte + lavado + barba,Wilmar Style
3427,1425,17,5,2024-10-22 17:00:00,20000.00,atendida,efectivo,Wilmar Bedoya García,Barba + hidratacion,El Vikingo
3428,1779,9,30,2023-09-30 18:00:00,10000.00,atendida,daviplata,Xiomara Espinoza Moreno,Corte degradado,Pipe Navajas
3429,1741,1,11,2023-11-24 15:00:00,12000.00,atendida,efectivo,Catalina Bedoya Ospina,Corte de cabello Basico,El Mono Barber
3430,710,6,8,2024-04-02 10:00:00,14000.00,atendida,daviplata,Luis Henao Delgado,Corte de cabello Basico + barba,Tato Fade
3431,1788,21,16,2023-08-23 17:00:00,25000.00,cancelada,tarjeta,Mateo Jiménez Parra,Limpieza facial,Sebastián Blade
3432,1808,25,18,2023-11-02 15:00:00,80000.00,cancelada,tarjeta,Dayana Henao Sánchez,Corte + hidratacion,Nico Estilo
3433,132,19,16,2024-07-29 15:00:00,60000.00,atendida,nequi,Camila Herrera Parra,Cejas + barba,Sebastián Blade
3434,730,22,19,2024-11-14 18:00:00,15000.00,atendida,transferencia,Andrea Herrera Delgado,Hidratacion capilar,Fercho Barber
3435,317,13,24,2023-01-10 08:00:00,18000.00,cancelada,daviplata,Jorge Morales Castro,Corte infantil,El Negro Barber
3436,882,21,21,2024-05-15 11:00:00,25000.00,cancelada,daviplata,Gabriela Reyes Medina,Limpieza facial,Wilmar Style
3437,1145,16,2,2023-10-12 09:00:00,8000.00,atendida,efectivo,Mariana Ruiz Ocampo,Barba completa,Maicol Style
3438,806,28,29,2023-05-07 18:00:00,55000.00,cancelada,transferencia,Gabriela López Bedoya,Pack novio completo,El Calvo Cuts
3439,894,1,27,2023-11-29 15:00:00,12000.00,atendida,tarjeta,Wilmar Gómez Gutiérrez,Corte de cabello Basico,Tomas Clipper
3440,1538,23,14,2023-06-19 12:00:00,30000.00,atendida,efectivo,Marcela Zapata Ramírez,Keratina,El Tigre Cuts
3441,307,14,13,2024-10-23 08:00:00,15000.00,cancelada,nequi,Ricardo Mendoza Ortiz,Corte + tinte,Camilo Pro
3442,1713,26,30,2023-04-14 12:00:00,50000.00,atendida,transferencia,Jhon Peña Ríos,Masaje capilar,Pipe Navajas
3443,1139,19,16,2023-08-12 10:00:00,60000.00,atendida,tarjeta,Mateo López Mendoza,Cejas + barba,Sebastián Blade
3444,986,28,9,2024-11-19 12:00:00,55000.00,atendida,daviplata,Angie Cárdenas Ospina,Pack novio completo,Brayan Scissors
3445,1014,12,10,2023-10-31 18:00:00,12000.00,atendida,efectivo,Julián Vargas Pérez,Corte moderno,Yeferson King
3446,1544,10,10,2024-06-28 17:00:00,35000.00,atendida,nequi,Fabian Ortiz Silva,Corte navaja,Yeferson King
3447,1323,18,15,2024-06-15 08:00:00,22000.00,atendida,tarjeta,Valentina Rivera Salazar,Afeitado clasico navaja,Jhon Navajas
3448,1759,25,6,2024-06-25 08:00:00,80000.00,atendida,tarjeta,Melissa Ortiz Delgado,Corte + hidratacion,Chelo Cuts
3449,1422,30,25,2023-10-09 14:00:00,40000.00,atendida,efectivo,Nathaly González Romero,Corte + lavado + barba,Lucho Precision
3450,1859,26,27,2023-01-29 09:00:00,50000.00,cancelada,tarjeta,Esteban Suárez Martínez,Masaje capilar,Tomas Clipper
3451,1327,19,5,2024-07-13 16:00:00,60000.00,atendida,nequi,Yulieth Montoya Espinoza,Cejas + barba,El Vikingo
3452,1253,30,19,2024-12-04 15:00:00,40000.00,atendida,nequi,Lizeth Mendoza Correa,Corte + lavado + barba,Fercho Barber
3453,367,6,12,2024-07-04 15:00:00,14000.00,cancelada,tarjeta,Jorge Herrera Medina,Corte de cabello Basico + barba,Duvan Fresh
3454,289,6,3,2023-07-04 10:00:00,14000.00,cancelada,efectivo,Wilmar Mendoza Ríos,Corte de cabello Basico + barba,Juancho El Indio
3455,303,9,30,2023-10-28 16:00:00,10000.00,atendida,nequi,Diego Morales Rojas,Corte degradado,Pipe Navajas
3456,874,4,7,2023-11-26 12:00:00,18000.00,atendida,daviplata,Carolina Delgado Montoya,Corte + lavado,Pipe El Crack
3457,1566,27,22,2024-01-06 08:00:00,22000.00,atendida,nequi,Natalia Morales Rivera,Tratamiento anticaida,Diego Fadero
3458,812,14,26,2023-02-01 14:00:00,15000.00,atendida,daviplata,David Vargas Ramos,Corte + tinte,Andres El Pro
3459,1116,23,5,2023-11-12 12:00:00,30000.00,atendida,efectivo,Sergio Delgado Henao,Keratina,El Vikingo
3460,943,6,12,2023-07-23 14:00:00,14000.00,atendida,tarjeta,Lizeth Jiménez Cruz,Corte de cabello Basico + barba,Duvan Fresh
3461,397,29,7,2024-12-02 16:00:00,50000.00,atendida,tarjeta,Mariana Rojas Vargas,Coloracion fantasia,Pipe El Crack
3462,1302,22,9,2024-12-30 18:00:00,15000.00,atendida,transferencia,Natalia Vega Rojas,Hidratacion capilar,Brayan Scissors
3463,1032,23,14,2024-11-07 14:00:00,30000.00,atendida,nequi,Camila Ríos Martínez,Keratina,El Tigre Cuts
3464,1729,20,20,2023-01-10 16:00:00,22000.00,atendida,transferencia,Santiago Suárez Delgado,Depilacion de cejas,El Paisa Cuts
3465,996,12,30,2024-07-06 16:00:00,12000.00,cancelada,transferencia,David Arias Ramírez,Corte moderno,Pipe Navajas
3466,177,11,20,2023-12-07 14:00:00,25000.00,atendida,transferencia,Mauricio Moreno Londoño,Corte clasico,El Paisa Cuts
3467,1310,2,17,2024-03-07 14:00:00,15000.00,cancelada,daviplata,Brayan González González,Corte de cabello Basico + barba,Kevin El Maestro
3468,1708,1,29,2024-12-22 15:00:00,12000.00,atendida,tarjeta,Xiomara López Ramírez,Corte de cabello Basico,El Calvo Cuts
3469,445,29,20,2023-08-13 12:00:00,50000.00,cancelada,transferencia,Santiago Zapata Peña,Coloracion fantasia,El Paisa Cuts
3470,1163,16,23,2023-02-19 17:00:00,8000.00,atendida,daviplata,Patricia Ramos Parra,Barba completa,Santi Premium
3471,524,18,7,2023-06-03 11:00:00,22000.00,atendida,daviplata,Ferney Parra Suárez,Afeitado clasico navaja,Pipe El Crack
3472,1878,1,13,2024-12-01 18:00:00,12000.00,atendida,tarjeta,Natalia Ortiz Montoya,Corte de cabello Basico,Camilo Pro
3473,998,20,29,2024-01-19 17:00:00,22000.00,atendida,nequi,Catalina Rodríguez Suárez,Depilacion de cejas,El Calvo Cuts
3474,642,29,30,2023-05-01 09:00:00,50000.00,cancelada,efectivo,Marcela Arias Mendoza,Coloracion fantasia,Pipe Navajas
3475,99,29,19,2023-01-10 09:00:00,50000.00,atendida,nequi,Deisy Henao Herrera,Coloracion fantasia,Fercho Barber
3476,2030,8,2,2023-06-18 15:00:00,16000.00,atendida,efectivo,Fabian Henao Jiménez,Corte + lavado,Maicol Style
3477,1859,17,15,2023-03-14 14:00:00,20000.00,atendida,transferencia,Esteban Suárez Martínez,Barba + hidratacion,Jhon Navajas
3478,1058,14,6,2024-03-07 08:00:00,15000.00,atendida,transferencia,Paola Cárdenas Medina,Corte + tinte,Chelo Cuts
3479,1836,18,11,2023-04-18 11:00:00,22000.00,atendida,efectivo,Nicolás Suárez Arias,Afeitado clasico navaja,El Mono Barber
3480,1984,5,18,2023-04-09 18:00:00,15000.00,atendida,efectivo,Santiago Herrera Díaz,Corte de cabello Basico,Nico Estilo
3481,1832,16,4,2024-09-30 15:00:00,8000.00,atendida,tarjeta,Lucia Ramos Jiménez,Barba completa,Mateo Barber
3482,1130,24,14,2024-12-16 17:00:00,50000.00,atendida,transferencia,Lucia García Delgado,Corte + barba + cejas,El Tigre Cuts
3483,536,30,12,2023-08-21 09:00:00,40000.00,atendida,nequi,Santiago Ramírez Mendoza,Corte + lavado + barba,Duvan Fresh
3484,1050,24,24,2024-08-28 17:00:00,50000.00,atendida,efectivo,Leidy Silva Medina,Corte + barba + cejas,El Negro Barber
3485,41,13,27,2023-01-21 16:00:00,18000.00,atendida,tarjeta,Leidy Díaz Salazar,Corte infantil,Tomas Clipper
3486,926,27,8,2024-11-30 14:00:00,22000.00,atendida,tarjeta,Diego Herrera Torres,Tratamiento anticaida,Tato Fade
3487,1521,23,16,2024-04-16 15:00:00,30000.00,cancelada,nequi,Paula Bedoya Moreno,Keratina,Sebastián Blade
3488,555,26,7,2023-05-04 10:00:00,50000.00,atendida,nequi,Juan Bedoya Montoya,Masaje capilar,Pipe El Crack
3489,1516,4,6,2023-11-11 17:00:00,18000.00,atendida,daviplata,Deisy Bedoya Medina,Corte + lavado,Chelo Cuts
3490,1067,21,20,2024-10-17 08:00:00,25000.00,cancelada,efectivo,Sebastián Gómez Suárez,Limpieza facial,El Paisa Cuts
3491,599,25,23,2023-10-05 17:00:00,80000.00,atendida,efectivo,Patricia Londoño Arias,Corte + hidratacion,Santi Premium
3492,297,7,24,2024-04-26 12:00:00,13000.00,atendida,transferencia,Ana Guerrero Salazar,Arreglo de barba,El Negro Barber
3493,1493,8,31,2024-10-04 08:00:00,16000.00,cancelada,tarjeta,Julián Moreno Gutiérrez,Corte + lavado,Cristian Fade
3494,1522,4,10,2024-10-05 11:00:00,18000.00,atendida,nequi,Ricardo Castro Suárez,Corte + lavado,Yeferson King
3495,1462,16,17,2024-03-13 17:00:00,8000.00,atendida,daviplata,Yesid Romero Rojas,Barba completa,Kevin El Maestro
3496,699,20,7,2024-06-16 12:00:00,22000.00,cancelada,nequi,David Guerrero Ríos,Depilacion de cejas,Pipe El Crack
3497,1383,6,21,2023-01-09 10:00:00,14000.00,atendida,efectivo,Paola Torres Rodríguez,Corte de cabello Basico + barba,Wilmar Style
3498,1040,28,9,2024-08-19 10:00:00,55000.00,atendida,tarjeta,Miguel Medina López,Pack novio completo,Brayan Scissors
3499,1503,1,24,2023-12-18 09:00:00,12000.00,atendida,tarjeta,Carolina Ortiz Cruz,Corte de cabello Basico,El Negro Barber
3500,179,20,13,2023-01-06 15:00:00,22000.00,atendida,efectivo,Diego Vega Martínez,Depilacion de cejas,Camilo Pro
3501,929,3,25,2023-01-19 09:00:00,8000.00,atendida,nequi,Carolina García Rojas,Arreglo de barba,Lucho Precision
3502,463,29,13,2024-05-07 17:00:00,50000.00,atendida,tarjeta,Alejandro Flores Castro,Coloracion fantasia,Camilo Pro
3503,2015,2,11,2023-02-21 15:00:00,15000.00,cancelada,nequi,Natalia Suárez Mendoza,Corte de cabello Basico + barba,El Mono Barber
3504,1075,19,25,2023-02-22 17:00:00,60000.00,atendida,tarjeta,Deisy Muñoz Guerrero,Cejas + barba,Lucho Precision
3505,72,24,24,2024-01-25 11:00:00,50000.00,atendida,daviplata,Ricardo Espinoza Henao,Corte + barba + cejas,El Negro Barber
3506,1917,14,4,2024-08-07 14:00:00,15000.00,atendida,efectivo,Jhon González Medina,Corte + tinte,Mateo Barber
3507,1699,15,11,2023-01-26 14:00:00,14000.00,atendida,nequi,Yesid Ocampo Gómez,Tinte completo,El Mono Barber
3508,1793,26,28,2023-03-30 08:00:00,50000.00,atendida,transferencia,Melissa Ortiz González,Masaje capilar,Yeison Barber
3509,478,12,3,2023-03-03 16:00:00,12000.00,cancelada,tarjeta,Cristian Rivera Martínez,Corte moderno,Juancho El Indio
3510,189,19,8,2023-07-06 14:00:00,60000.00,cancelada,nequi,Ferney Bedoya Correa,Cejas + barba,Tato Fade
3511,70,29,2,2024-03-04 08:00:00,50000.00,atendida,efectivo,Sofia Ríos Peña,Coloracion fantasia,Maicol Style
3512,1392,3,8,2023-11-09 17:00:00,8000.00,atendida,nequi,Fabian Delgado Ortiz,Arreglo de barba,Tato Fade
3513,137,3,25,2024-06-29 14:00:00,8000.00,atendida,tarjeta,Monica Espinoza Peña,Arreglo de barba,Lucho Precision
3514,1780,13,11,2023-05-10 14:00:00,18000.00,atendida,tarjeta,Leidy Gutiérrez Ospina,Corte infantil,El Mono Barber
3515,1873,29,9,2024-04-18 12:00:00,50000.00,cancelada,efectivo,Wilmar Cruz Martínez,Coloracion fantasia,Brayan Scissors
3516,1766,22,17,2024-04-25 18:00:00,15000.00,atendida,transferencia,Daniela Londoño Silva,Hidratacion capilar,Kevin El Maestro
3517,119,13,20,2023-12-21 16:00:00,18000.00,atendida,nequi,Ricardo Correa Jiménez,Corte infantil,El Paisa Cuts
3518,134,29,24,2024-05-10 15:00:00,50000.00,atendida,nequi,Samuel Ríos Correa,Coloracion fantasia,El Negro Barber
3519,1177,5,20,2023-02-16 11:00:00,15000.00,cancelada,daviplata,Gabriela Silva Ortiz,Corte de cabello Basico,El Paisa Cuts
3520,142,7,27,2024-02-10 09:00:00,13000.00,atendida,nequi,Lizeth Londoño Flores,Arreglo de barba,Tomas Clipper
3521,1553,13,28,2023-01-17 12:00:00,18000.00,atendida,nequi,Patricia Delgado Ospina,Corte infantil,Yeison Barber
3522,1530,19,16,2024-09-30 12:00:00,60000.00,atendida,daviplata,Yulieth Correa Vargas,Cejas + barba,Sebastián Blade
3523,408,16,20,2024-07-09 09:00:00,8000.00,atendida,transferencia,Wilmar Parra Castro,Barba completa,El Paisa Cuts
3524,1495,29,10,2024-09-28 18:00:00,50000.00,atendida,transferencia,Lizeth Henao Cárdenas,Coloracion fantasia,Yeferson King
3525,301,5,23,2024-12-18 18:00:00,15000.00,atendida,efectivo,Steven Ríos Ramírez,Corte de cabello Basico,Santi Premium
3526,289,22,11,2023-11-07 17:00:00,15000.00,atendida,nequi,Wilmar Mendoza Ríos,Hidratacion capilar,El Mono Barber
3527,1219,18,3,2024-10-16 18:00:00,22000.00,atendida,daviplata,Kevin Vega Salazar,Afeitado clasico navaja,Juancho El Indio
3528,1340,17,31,2023-11-16 17:00:00,20000.00,atendida,tarjeta,Carlos Díaz Torres,Barba + hidratacion,Cristian Fade
3529,1928,3,25,2024-10-11 14:00:00,8000.00,atendida,efectivo,Leidy Silva Ocampo,Arreglo de barba,Lucho Precision
3530,1214,4,25,2024-09-12 16:00:00,18000.00,atendida,transferencia,Raúl Ríos Sánchez,Corte + lavado,Lucho Precision
3531,1006,29,17,2024-12-18 15:00:00,50000.00,atendida,transferencia,Marcela Muñoz Morales,Coloracion fantasia,Kevin El Maestro
3532,937,3,18,2023-03-09 08:00:00,8000.00,cancelada,efectivo,Gabriela Correa Delgado,Arreglo de barba,Nico Estilo
3533,1045,21,22,2023-12-11 08:00:00,25000.00,atendida,efectivo,Yesid Guerrero Bedoya,Limpieza facial,Diego Fadero
3534,311,7,16,2024-10-30 12:00:00,13000.00,cancelada,efectivo,Yeison González Londoño,Arreglo de barba,Sebastián Blade
3535,1832,7,18,2024-12-12 12:00:00,13000.00,atendida,nequi,Lucia Ramos Jiménez,Arreglo de barba,Nico Estilo
3536,871,27,26,2024-03-20 11:00:00,22000.00,atendida,efectivo,Angie Cruz Vega,Tratamiento anticaida,Andres El Pro
3537,820,24,19,2024-09-20 11:00:00,50000.00,cancelada,tarjeta,Alejandro Mendoza Guerrero,Corte + barba + cejas,Fercho Barber
3538,549,30,11,2024-05-01 15:00:00,40000.00,atendida,daviplata,Diego Ospina Morales,Corte + lavado + barba,El Mono Barber
3539,1647,16,13,2023-01-29 17:00:00,8000.00,atendida,tarjeta,Hernán Bedoya Bedoya,Barba completa,Camilo Pro
3540,1312,21,24,2023-11-12 12:00:00,25000.00,atendida,nequi,Esteban Parra Ortiz,Limpieza facial,El Negro Barber
3541,1817,26,11,2023-06-11 10:00:00,50000.00,cancelada,nequi,Wilmar González Ortiz,Masaje capilar,El Mono Barber
3542,1604,3,14,2023-05-16 12:00:00,8000.00,atendida,daviplata,Jhon Rojas Vega,Arreglo de barba,El Tigre Cuts
3543,1929,14,25,2024-05-05 10:00:00,15000.00,atendida,efectivo,Jorge Suárez Medina,Corte + tinte,Lucho Precision
3544,1857,2,29,2024-11-24 09:00:00,15000.00,atendida,daviplata,Brayan Flores Sánchez,Corte de cabello Basico + barba,El Calvo Cuts
3545,410,24,15,2024-10-17 14:00:00,50000.00,atendida,transferencia,Cristian Arias Peña,Corte + barba + cejas,Jhon Navajas
3546,1376,17,25,2023-10-06 18:00:00,20000.00,atendida,transferencia,Raúl Martínez Zapata,Barba + hidratacion,Lucho Precision
3547,1725,29,19,2024-05-28 09:00:00,50000.00,atendida,tarjeta,Melissa Reyes Londoño,Coloracion fantasia,Fercho Barber
3548,1658,24,8,2024-11-06 14:00:00,50000.00,cancelada,tarjeta,Mariana García Zapata,Corte + barba + cejas,Tato Fade
3549,1795,18,18,2024-04-29 08:00:00,22000.00,atendida,transferencia,Fernando Martínez Martínez,Afeitado clasico navaja,Nico Estilo
3550,593,17,5,2024-08-24 09:00:00,20000.00,atendida,nequi,Yeison Díaz Díaz,Barba + hidratacion,El Vikingo
3551,639,18,21,2023-11-28 11:00:00,22000.00,cancelada,tarjeta,Paula Rivera Henao,Afeitado clasico navaja,Wilmar Style
3552,995,19,29,2023-04-08 16:00:00,60000.00,atendida,nequi,Mariana Silva Silva,Cejas + barba,El Calvo Cuts
3553,210,24,17,2024-11-26 16:00:00,50000.00,atendida,tarjeta,Ferney Arias Cruz,Corte + barba + cejas,Kevin El Maestro
3554,1287,1,21,2023-06-28 09:00:00,12000.00,atendida,nequi,Mauricio Ruiz Silva,Corte de cabello Basico,Wilmar Style
3555,1984,19,22,2024-05-07 09:00:00,60000.00,cancelada,daviplata,Santiago Herrera Díaz,Cejas + barba,Diego Fadero
3556,1928,18,9,2024-06-13 18:00:00,22000.00,cancelada,daviplata,Leidy Silva Ocampo,Afeitado clasico navaja,Brayan Scissors
3557,47,16,25,2023-01-06 09:00:00,8000.00,atendida,transferencia,Andrés Pérez Ramos,Barba completa,Lucho Precision
3558,938,6,14,2024-04-09 17:00:00,14000.00,atendida,transferencia,Fabian Guerrero Ortiz,Corte de cabello Basico + barba,El Tigre Cuts
3559,1512,22,8,2024-05-29 14:00:00,15000.00,atendida,efectivo,Paola Correa Rodríguez,Hidratacion capilar,Tato Fade
3560,1181,19,4,2024-11-18 12:00:00,60000.00,cancelada,efectivo,Paola Gutiérrez Vargas,Cejas + barba,Mateo Barber
3561,829,28,11,2023-05-20 15:00:00,55000.00,atendida,nequi,Alejandro López Cruz,Pack novio completo,El Mono Barber
3562,1891,28,11,2023-11-10 12:00:00,55000.00,atendida,nequi,Paula Díaz Martínez,Pack novio completo,El Mono Barber
3563,85,4,18,2024-09-30 09:00:00,18000.00,atendida,nequi,Melissa Suárez Ramírez,Corte + lavado,Nico Estilo
3564,1320,21,3,2023-02-15 15:00:00,25000.00,atendida,tarjeta,Felipe Jiménez Ospina,Limpieza facial,Juancho El Indio
3565,716,30,31,2024-06-16 14:00:00,40000.00,atendida,daviplata,Oscar Muñoz Ortiz,Corte + lavado + barba,Cristian Fade
3566,516,2,5,2023-05-11 17:00:00,15000.00,atendida,nequi,Yeison Castro Moreno,Corte de cabello Basico + barba,El Vikingo
3567,357,19,20,2023-03-26 14:00:00,60000.00,atendida,efectivo,Camila Cárdenas Arias,Cejas + barba,El Paisa Cuts
3568,172,14,14,2023-06-04 16:00:00,15000.00,atendida,efectivo,Xiomara Moreno Martínez,Corte + tinte,El Tigre Cuts
3569,1378,5,7,2024-08-28 08:00:00,15000.00,atendida,tarjeta,Monica Morales Correa,Corte de cabello Basico,Pipe El Crack
3570,1154,30,10,2024-05-25 09:00:00,40000.00,atendida,tarjeta,Sebastián Díaz Arias,Corte + lavado + barba,Yeferson King
3571,66,6,29,2023-07-04 16:00:00,14000.00,atendida,nequi,Angie Flores Muñoz,Corte de cabello Basico + barba,El Calvo Cuts
3572,1361,26,22,2024-06-29 15:00:00,50000.00,atendida,efectivo,Laura Muñoz González,Masaje capilar,Diego Fadero
3573,522,25,10,2024-03-06 15:00:00,80000.00,cancelada,tarjeta,Ferney Muñoz Torres,Corte + hidratacion,Yeferson King
3574,839,14,16,2023-10-10 09:00:00,15000.00,atendida,efectivo,Rodrigo Castro Ortiz,Corte + tinte,Sebastián Blade
3575,487,12,30,2024-07-01 10:00:00,12000.00,atendida,daviplata,Miguel Morales Londoño,Corte moderno,Pipe Navajas
3576,1944,10,19,2023-08-01 15:00:00,35000.00,cancelada,efectivo,Raúl Silva Ocampo,Corte navaja,Fercho Barber
3577,1549,26,20,2024-01-31 18:00:00,50000.00,cancelada,nequi,Leidy Vega Mendoza,Masaje capilar,El Paisa Cuts
3578,704,26,17,2023-08-23 16:00:00,50000.00,atendida,transferencia,Maria Ríos Torres,Masaje capilar,Kevin El Maestro
3579,1627,11,12,2024-06-06 17:00:00,25000.00,atendida,efectivo,Laura Parra Rivera,Corte clasico,Duvan Fresh
3580,833,9,17,2023-09-07 10:00:00,10000.00,atendida,daviplata,Wilmar Ruiz García,Corte degradado,Kevin El Maestro
3581,477,5,2,2024-09-10 09:00:00,15000.00,atendida,efectivo,Raúl Espinoza Ocampo,Corte de cabello Basico,Maicol Style
3582,284,2,6,2024-01-10 09:00:00,15000.00,cancelada,tarjeta,Paola Martínez Moreno,Corte de cabello Basico + barba,Chelo Cuts
3583,303,22,21,2023-08-04 14:00:00,15000.00,atendida,tarjeta,Diego Morales Rojas,Hidratacion capilar,Wilmar Style
3584,702,16,14,2023-07-05 09:00:00,8000.00,atendida,daviplata,Melissa Cruz Correa,Barba completa,El Tigre Cuts
3585,728,27,19,2023-09-26 18:00:00,22000.00,cancelada,nequi,Adriana Martínez Rivera,Tratamiento anticaida,Fercho Barber
3586,1158,16,20,2023-08-15 08:00:00,8000.00,atendida,transferencia,Melissa Moreno Pérez,Barba completa,El Paisa Cuts
3587,1755,24,2,2023-12-21 16:00:00,50000.00,cancelada,efectivo,Daniela Arias Castro,Corte + barba + cejas,Maicol Style
3588,1808,25,29,2024-07-05 08:00:00,80000.00,atendida,daviplata,Dayana Henao Sánchez,Corte + hidratacion,El Calvo Cuts
3589,150,14,4,2023-11-08 08:00:00,15000.00,atendida,daviplata,Rodrigo Correa Arias,Corte + tinte,Mateo Barber
3590,1727,29,3,2024-05-30 10:00:00,50000.00,atendida,efectivo,Angie Rodríguez Romero,Coloracion fantasia,Juancho El Indio
3591,1849,19,28,2024-03-02 10:00:00,60000.00,cancelada,nequi,Luis Ortiz García,Cejas + barba,Yeison Barber
3592,1468,24,2,2023-07-25 12:00:00,50000.00,atendida,tarjeta,Sofia Ortiz Vargas,Corte + barba + cejas,Maicol Style
3593,2022,3,6,2024-11-17 11:00:00,8000.00,atendida,transferencia,Maria Ocampo Ocampo,Arreglo de barba,Chelo Cuts
3594,187,29,30,2024-07-08 11:00:00,50000.00,cancelada,nequi,Natalia Bedoya Sánchez,Coloracion fantasia,Pipe Navajas
3595,1043,10,24,2023-07-27 08:00:00,35000.00,atendida,nequi,Marcela Correa Muñoz,Corte navaja,El Negro Barber
3596,657,26,4,2023-10-07 11:00:00,50000.00,cancelada,nequi,Brayan Mendoza Henao,Masaje capilar,Mateo Barber
3597,1798,9,20,2024-01-27 16:00:00,10000.00,cancelada,tarjeta,Valentina Gutiérrez Ruiz,Corte degradado,El Paisa Cuts
3598,1178,17,2,2023-01-31 11:00:00,20000.00,cancelada,transferencia,Deisy Delgado Herrera,Barba + hidratacion,Maicol Style
3599,356,12,13,2024-04-09 17:00:00,12000.00,atendida,daviplata,Andrés Henao Díaz,Corte moderno,Camilo Pro
3600,620,4,12,2023-12-11 15:00:00,18000.00,atendida,efectivo,Claudia Montoya Cárdenas,Corte + lavado,Duvan Fresh
3601,557,23,17,2023-03-17 11:00:00,30000.00,cancelada,tarjeta,Andrés Herrera Morales,Keratina,Kevin El Maestro
3602,1689,12,14,2024-08-14 12:00:00,12000.00,atendida,daviplata,Yulieth Herrera Cárdenas,Corte moderno,El Tigre Cuts
3603,999,15,22,2024-10-04 16:00:00,14000.00,atendida,nequi,Cristian Ocampo Reyes,Tinte completo,Diego Fadero
3604,854,3,9,2024-11-27 10:00:00,8000.00,cancelada,tarjeta,Jhon Vega Medina,Arreglo de barba,Brayan Scissors
3605,1094,4,9,2023-07-12 12:00:00,18000.00,atendida,daviplata,Diana Parra Silva,Corte + lavado,Brayan Scissors
3606,141,18,7,2023-07-10 16:00:00,22000.00,atendida,transferencia,Brayan Romero Romero,Afeitado clasico navaja,Pipe El Crack
3607,1150,22,3,2023-05-17 08:00:00,15000.00,cancelada,tarjeta,Raúl Bedoya Rodríguez,Hidratacion capilar,Juancho El Indio
3608,1587,9,8,2023-10-20 15:00:00,10000.00,atendida,efectivo,Lucia Ortiz Ríos,Corte degradado,Tato Fade
3609,2007,9,16,2023-02-08 10:00:00,10000.00,atendida,tarjeta,Ferney Díaz Correa,Corte degradado,Sebastián Blade
3610,1919,16,27,2024-04-26 14:00:00,8000.00,atendida,tarjeta,Camila Silva Ríos,Barba completa,Tomas Clipper
3611,292,23,30,2024-05-02 18:00:00,30000.00,atendida,tarjeta,Mariana Arias Herrera,Keratina,Pipe Navajas
3612,1095,18,26,2024-07-23 14:00:00,22000.00,atendida,tarjeta,Lizeth Reyes Rodríguez,Afeitado clasico navaja,Andres El Pro
3613,1196,29,21,2023-07-11 08:00:00,50000.00,atendida,tarjeta,Angie Sánchez Salazar,Coloracion fantasia,Wilmar Style
3614,1748,7,15,2023-07-27 11:00:00,13000.00,atendida,transferencia,Cristian Arias Suárez,Arreglo de barba,Jhon Navajas
3615,721,3,25,2023-03-27 18:00:00,8000.00,atendida,nequi,Miguel Ospina García,Arreglo de barba,Lucho Precision
3616,2026,22,31,2023-04-24 10:00:00,15000.00,cancelada,efectivo,Fernando Peña Vega,Hidratacion capilar,Cristian Fade
3617,1704,3,3,2024-01-04 09:00:00,8000.00,atendida,transferencia,Diana Ríos Zapata,Arreglo de barba,Juancho El Indio
3618,1142,4,25,2024-04-08 15:00:00,18000.00,atendida,efectivo,Xiomara Castro Salazar,Corte + lavado,Lucho Precision
3619,1995,2,27,2023-03-25 15:00:00,15000.00,atendida,efectivo,Wilmar Herrera Flores,Corte de cabello Basico + barba,Tomas Clipper
3620,309,27,23,2024-06-24 12:00:00,22000.00,atendida,nequi,Yeison Cruz Ramírez,Tratamiento anticaida,Santi Premium
3621,449,7,18,2024-12-07 17:00:00,13000.00,cancelada,nequi,Dayana Rodríguez Ocampo,Arreglo de barba,Nico Estilo
3622,66,15,15,2023-11-05 11:00:00,14000.00,atendida,tarjeta,Angie Flores Muñoz,Tinte completo,Jhon Navajas
3623,714,23,29,2023-06-13 10:00:00,30000.00,atendida,efectivo,Fabian Vargas Zapata,Keratina,El Calvo Cuts
3624,292,20,6,2023-12-16 10:00:00,22000.00,atendida,tarjeta,Mariana Arias Herrera,Depilacion de cejas,Chelo Cuts
3625,1380,18,11,2023-06-08 12:00:00,22000.00,atendida,transferencia,Camila Rodríguez Medina,Afeitado clasico navaja,El Mono Barber
3626,1800,14,18,2023-05-15 08:00:00,15000.00,atendida,transferencia,Esteban Zapata Henao,Corte + tinte,Nico Estilo
3627,314,14,6,2024-07-04 17:00:00,15000.00,atendida,efectivo,Valentina González Ríos,Corte + tinte,Chelo Cuts
3628,1799,5,17,2024-12-31 12:00:00,15000.00,atendida,nequi,Felipe Ortiz Ocampo,Corte de cabello Basico,Kevin El Maestro
3629,249,12,5,2023-12-24 16:00:00,12000.00,cancelada,tarjeta,Diego Herrera Martínez,Corte moderno,El Vikingo
3630,776,1,19,2023-03-26 16:00:00,12000.00,atendida,efectivo,Sergio Martínez Rodríguez,Corte de cabello Basico,Fercho Barber
3631,1197,23,15,2023-12-26 18:00:00,30000.00,atendida,tarjeta,Oscar Parra Martínez,Keratina,Jhon Navajas
3632,776,2,13,2024-09-17 14:00:00,15000.00,cancelada,nequi,Sergio Martínez Rodríguez,Corte de cabello Basico + barba,Camilo Pro
3633,189,14,17,2024-08-30 18:00:00,15000.00,cancelada,tarjeta,Ferney Bedoya Correa,Corte + tinte,Kevin El Maestro
3634,1178,17,25,2023-10-22 08:00:00,20000.00,atendida,nequi,Deisy Delgado Herrera,Barba + hidratacion,Lucho Precision
3635,1779,17,28,2023-10-31 18:00:00,20000.00,atendida,daviplata,Xiomara Espinoza Moreno,Barba + hidratacion,Yeison Barber
3636,863,15,26,2024-07-03 11:00:00,14000.00,cancelada,transferencia,Yesid Peña Bedoya,Tinte completo,Andres El Pro
3637,1317,16,30,2023-09-26 16:00:00,8000.00,atendida,efectivo,Yesid Rodríguez Espinoza,Barba completa,Pipe Navajas
3638,1801,21,17,2023-05-17 10:00:00,25000.00,atendida,daviplata,Cristian López Torres,Limpieza facial,Kevin El Maestro
3639,1737,20,16,2024-12-07 17:00:00,22000.00,atendida,nequi,Oscar Henao Suárez,Depilacion de cejas,Sebastián Blade
3640,1098,13,2,2024-03-12 18:00:00,18000.00,atendida,tarjeta,Jhon Correa Cárdenas,Corte infantil,Maicol Style
3641,392,2,21,2023-10-09 17:00:00,15000.00,cancelada,daviplata,Kevin Correa Pérez,Corte de cabello Basico + barba,Wilmar Style
3642,1954,29,12,2023-03-22 08:00:00,50000.00,atendida,transferencia,Johana Zapata Ramos,Coloracion fantasia,Duvan Fresh
3643,749,27,2,2023-03-30 11:00:00,22000.00,atendida,tarjeta,Alejandro Jiménez González,Tratamiento anticaida,Maicol Style
3644,358,13,14,2023-07-15 12:00:00,18000.00,atendida,daviplata,Lucia Cárdenas Flores,Corte infantil,El Tigre Cuts
3645,1229,27,4,2023-05-01 14:00:00,22000.00,atendida,nequi,Andrea Romero Ramírez,Tratamiento anticaida,Mateo Barber
3646,1184,28,22,2024-01-06 16:00:00,55000.00,atendida,daviplata,Laura Romero Ramírez,Pack novio completo,Diego Fadero
3647,435,12,24,2023-08-06 08:00:00,12000.00,cancelada,daviplata,Juan Silva Espinoza,Corte moderno,El Negro Barber
3648,1480,12,31,2023-07-07 17:00:00,12000.00,atendida,daviplata,Andrés Ramos Arias,Corte moderno,Cristian Fade
3649,620,14,31,2024-06-10 08:00:00,15000.00,atendida,nequi,Claudia Montoya Cárdenas,Corte + tinte,Cristian Fade
3650,94,1,15,2023-10-01 16:00:00,12000.00,atendida,daviplata,Natalia Ríos Mendoza,Corte de cabello Basico,Jhon Navajas
3651,296,28,14,2024-06-02 17:00:00,55000.00,cancelada,efectivo,Laura Guerrero Bedoya,Pack novio completo,El Tigre Cuts
3652,1463,23,24,2023-12-16 12:00:00,30000.00,cancelada,efectivo,Felipe Herrera Rivera,Keratina,El Negro Barber
3653,1435,11,9,2024-08-22 15:00:00,25000.00,atendida,tarjeta,Nicolás Ríos Cárdenas,Corte clasico,Brayan Scissors
3654,850,18,8,2023-10-31 15:00:00,22000.00,cancelada,nequi,Patricia Ocampo Bedoya,Afeitado clasico navaja,Tato Fade
3655,1103,17,21,2024-05-22 09:00:00,20000.00,atendida,daviplata,Carolina Torres Ortiz,Barba + hidratacion,Wilmar Style
3656,785,8,14,2024-07-23 14:00:00,16000.00,atendida,transferencia,Johana Rivera Silva,Corte + lavado,El Tigre Cuts
3657,90,16,14,2023-09-02 17:00:00,8000.00,atendida,efectivo,Alejandro Flores Moreno,Barba completa,El Tigre Cuts
3658,619,17,19,2024-04-04 10:00:00,20000.00,atendida,daviplata,Kevin Espinoza González,Barba + hidratacion,Fercho Barber
3659,41,13,9,2023-01-31 17:00:00,18000.00,atendida,efectivo,Leidy Díaz Salazar,Corte infantil,Brayan Scissors
3660,359,16,25,2024-02-18 18:00:00,8000.00,atendida,tarjeta,Carlos Henao Zapata,Barba completa,Lucho Precision
3661,262,24,17,2024-04-26 09:00:00,50000.00,atendida,transferencia,Nathaly Gutiérrez Moreno,Corte + barba + cejas,Kevin El Maestro
3662,1604,30,31,2023-05-07 11:00:00,40000.00,cancelada,efectivo,Jhon Rojas Vega,Corte + lavado + barba,Cristian Fade
3663,1355,7,17,2023-02-07 12:00:00,13000.00,atendida,tarjeta,Carolina Sánchez Ortiz,Arreglo de barba,Kevin El Maestro
3664,169,2,11,2023-01-07 12:00:00,15000.00,atendida,efectivo,Esteban Correa Medina,Corte de cabello Basico + barba,El Mono Barber
3665,1183,12,11,2024-10-25 18:00:00,12000.00,atendida,daviplata,Mariana Delgado Jiménez,Corte moderno,El Mono Barber
3666,247,10,8,2023-09-16 14:00:00,35000.00,atendida,efectivo,Mateo Guerrero Londoño,Corte navaja,Tato Fade
3667,1325,14,13,2023-10-22 10:00:00,15000.00,atendida,transferencia,Camila Zapata Mendoza,Corte + tinte,Camilo Pro
3668,564,10,20,2024-01-10 09:00:00,35000.00,atendida,transferencia,Fernando Ocampo Suárez,Corte navaja,El Paisa Cuts
3669,1508,8,15,2024-01-14 12:00:00,16000.00,cancelada,nequi,Camila Salazar Romero,Corte + lavado,Jhon Navajas
3670,1114,3,27,2024-03-29 14:00:00,8000.00,cancelada,nequi,Duvan Mendoza Delgado,Arreglo de barba,Tomas Clipper
3671,797,11,16,2023-11-21 09:00:00,25000.00,cancelada,nequi,Kevin Bedoya Reyes,Corte clasico,Sebastián Blade
3672,1914,9,25,2023-09-10 16:00:00,10000.00,atendida,nequi,Melissa Ramírez Ramírez,Corte degradado,Lucho Precision
3673,1277,26,13,2023-06-08 14:00:00,50000.00,cancelada,nequi,Maria Ramírez Rodríguez,Masaje capilar,Camilo Pro
3674,271,23,18,2023-05-23 11:00:00,30000.00,atendida,nequi,Ferney Suárez Rodríguez,Keratina,Nico Estilo
3675,2027,9,4,2024-01-17 15:00:00,10000.00,cancelada,efectivo,Fabian Silva Guerrero,Corte degradado,Mateo Barber
3676,1040,7,2,2023-05-30 11:00:00,13000.00,cancelada,efectivo,Miguel Medina López,Arreglo de barba,Maicol Style
3677,747,18,22,2024-01-02 10:00:00,22000.00,atendida,efectivo,Patricia Rivera Ramos,Afeitado clasico navaja,Diego Fadero
3678,1025,22,15,2023-11-21 08:00:00,15000.00,cancelada,nequi,Miguel Jiménez Rivera,Hidratacion capilar,Jhon Navajas
3679,976,21,4,2024-05-03 17:00:00,25000.00,atendida,nequi,Catalina Suárez Sánchez,Limpieza facial,Mateo Barber
3680,1411,9,5,2023-11-09 11:00:00,10000.00,atendida,daviplata,Patricia Gutiérrez Ríos,Corte degradado,El Vikingo
3681,1319,30,15,2024-04-28 12:00:00,40000.00,atendida,transferencia,Ricardo Londoño Mendoza,Corte + lavado + barba,Jhon Navajas
3682,1333,16,17,2024-11-04 08:00:00,8000.00,atendida,transferencia,Mateo Ocampo Rivera,Barba completa,Kevin El Maestro
3683,1161,13,9,2024-12-21 14:00:00,18000.00,atendida,efectivo,Fabian Ramírez Romero,Corte infantil,Brayan Scissors
3684,404,22,22,2024-04-13 15:00:00,15000.00,atendida,transferencia,Steven García Ortiz,Hidratacion capilar,Diego Fadero
3685,494,7,12,2024-11-21 09:00:00,13000.00,atendida,daviplata,Yulieth Londoño Peña,Arreglo de barba,Duvan Fresh
3686,883,1,30,2023-03-27 16:00:00,12000.00,atendida,transferencia,Patricia Henao Martínez,Corte de cabello Basico,Pipe Navajas
3687,1278,17,9,2023-12-25 15:00:00,20000.00,cancelada,daviplata,Claudia Pérez Zapata,Barba + hidratacion,Brayan Scissors
3688,173,12,14,2024-03-14 16:00:00,12000.00,cancelada,transferencia,Duvan Gómez Ruiz,Corte moderno,El Tigre Cuts
3689,920,14,3,2024-12-20 08:00:00,15000.00,cancelada,transferencia,Diego Bedoya Gutiérrez,Corte + tinte,Juancho El Indio
3690,882,18,12,2024-08-21 14:00:00,22000.00,atendida,daviplata,Gabriela Reyes Medina,Afeitado clasico navaja,Duvan Fresh
3691,1262,12,6,2023-05-19 09:00:00,12000.00,cancelada,efectivo,Juan Pérez Pérez,Corte moderno,Chelo Cuts
3692,255,29,13,2023-11-30 15:00:00,50000.00,atendida,daviplata,Laura Silva Silva,Coloracion fantasia,Camilo Pro
3693,1707,19,9,2023-09-20 18:00:00,60000.00,atendida,nequi,Diana Reyes Sánchez,Cejas + barba,Brayan Scissors
3694,1276,2,8,2023-10-28 12:00:00,15000.00,atendida,tarjeta,Diana Guerrero Vega,Corte de cabello Basico + barba,Tato Fade
3695,574,22,15,2023-07-16 11:00:00,15000.00,cancelada,nequi,Fernando Díaz Rodríguez,Hidratacion capilar,Jhon Navajas
3696,276,28,27,2023-12-04 16:00:00,55000.00,cancelada,tarjeta,Jhon Delgado Pérez,Pack novio completo,Tomas Clipper
3697,40,21,7,2024-05-09 12:00:00,25000.00,atendida,tarjeta,Mariana Ospina Rivera,Limpieza facial,Pipe El Crack
3698,1527,28,22,2023-02-09 08:00:00,55000.00,atendida,transferencia,Jhon Ramos Castro,Pack novio completo,Diego Fadero
3699,1152,12,11,2024-04-29 12:00:00,12000.00,cancelada,nequi,Carlos Zapata Pérez,Corte moderno,El Mono Barber
3700,564,2,21,2024-07-28 14:00:00,15000.00,atendida,tarjeta,Fernando Ocampo Suárez,Corte de cabello Basico + barba,Wilmar Style
3701,2026,11,16,2024-03-13 14:00:00,25000.00,atendida,nequi,Fernando Peña Vega,Corte clasico,Sebastián Blade
3702,351,26,14,2023-12-19 16:00:00,50000.00,atendida,efectivo,Lucia Suárez Correa,Masaje capilar,El Tigre Cuts
3703,1109,6,5,2024-01-03 10:00:00,14000.00,atendida,efectivo,Camila Bedoya Parra,Corte de cabello Basico + barba,El Vikingo
3704,355,26,2,2023-07-31 08:00:00,50000.00,atendida,tarjeta,Monica Cruz Rodríguez,Masaje capilar,Maicol Style
3705,1225,30,30,2023-08-30 10:00:00,40000.00,cancelada,efectivo,Sergio Rodríguez Ruiz,Corte + lavado + barba,Pipe Navajas
3706,1156,5,4,2023-07-14 09:00:00,15000.00,atendida,efectivo,Cristian Gutiérrez Gutiérrez,Corte de cabello Basico,Mateo Barber
3707,1177,7,3,2023-03-10 15:00:00,13000.00,atendida,daviplata,Gabriela Silva Ortiz,Arreglo de barba,Juancho El Indio
3708,326,14,2,2024-02-09 15:00:00,15000.00,atendida,efectivo,Diego Ramírez Arias,Corte + tinte,Maicol Style
3709,1410,10,4,2023-03-04 10:00:00,35000.00,atendida,nequi,Rodrigo Herrera Ocampo,Corte navaja,Mateo Barber
3710,392,10,23,2024-01-07 14:00:00,35000.00,atendida,efectivo,Kevin Correa Pérez,Corte navaja,Santi Premium
3711,612,19,13,2023-05-04 18:00:00,60000.00,cancelada,nequi,Johana Moreno Castro,Cejas + barba,Camilo Pro
3712,1703,6,26,2023-11-14 11:00:00,14000.00,atendida,efectivo,Mariana Ocampo Gómez,Corte de cabello Basico + barba,Andres El Pro
3713,1411,15,17,2023-08-14 11:00:00,14000.00,atendida,transferencia,Patricia Gutiérrez Ríos,Tinte completo,Kevin El Maestro
3714,1317,16,9,2024-04-30 08:00:00,8000.00,cancelada,efectivo,Yesid Rodríguez Espinoza,Barba completa,Brayan Scissors
3715,1109,20,24,2023-07-01 15:00:00,22000.00,cancelada,nequi,Camila Bedoya Parra,Depilacion de cejas,El Negro Barber
3716,1421,30,9,2023-04-02 08:00:00,40000.00,atendida,nequi,Felipe Ospina Vargas,Corte + lavado + barba,Brayan Scissors
3717,337,24,28,2024-04-04 08:00:00,50000.00,atendida,transferencia,Marcela Morales Vega,Corte + barba + cejas,Yeison Barber
3718,1744,6,19,2024-06-19 12:00:00,14000.00,atendida,tarjeta,Sara Medina Parra,Corte de cabello Basico + barba,Fercho Barber
3719,317,27,2,2024-04-04 11:00:00,22000.00,atendida,tarjeta,Jorge Morales Castro,Tratamiento anticaida,Maicol Style
3720,1242,29,20,2023-12-30 10:00:00,50000.00,atendida,daviplata,Santiago Muñoz Vega,Coloracion fantasia,El Paisa Cuts
3721,1347,21,28,2023-07-15 14:00:00,25000.00,atendida,daviplata,Yulieth Suárez Sánchez,Limpieza facial,Yeison Barber
3722,1364,16,23,2023-05-30 12:00:00,8000.00,atendida,tarjeta,Marcela Ortiz Medina,Barba completa,Santi Premium
3723,1356,25,29,2023-06-04 11:00:00,80000.00,atendida,transferencia,Esteban Londoño Londoño,Corte + hidratacion,El Calvo Cuts
3724,1909,13,8,2024-03-01 11:00:00,18000.00,cancelada,daviplata,Claudia Espinoza Espinoza,Corte infantil,Tato Fade
3725,828,22,21,2023-06-01 10:00:00,15000.00,cancelada,transferencia,Diego Cárdenas Ruiz,Hidratacion capilar,Wilmar Style
3726,1911,6,24,2023-06-13 17:00:00,14000.00,atendida,transferencia,Yeison Díaz Gómez,Corte de cabello Basico + barba,El Negro Barber
3727,571,12,13,2023-12-04 15:00:00,12000.00,cancelada,tarjeta,Esteban Díaz Rivera,Corte moderno,Camilo Pro
3728,925,18,29,2024-12-04 17:00:00,22000.00,atendida,transferencia,Duvan Ramos Ramírez,Afeitado clasico navaja,El Calvo Cuts
3729,1325,20,10,2024-11-22 16:00:00,22000.00,atendida,daviplata,Camila Zapata Mendoza,Depilacion de cejas,Yeferson King
3730,1699,1,18,2024-08-05 08:00:00,12000.00,cancelada,tarjeta,Yesid Ocampo Gómez,Corte de cabello Basico,Nico Estilo
3731,1424,8,30,2023-06-17 15:00:00,16000.00,atendida,efectivo,Wilmar Salazar González,Corte + lavado,Pipe Navajas
3732,1956,28,17,2023-09-18 17:00:00,55000.00,atendida,daviplata,Hernán Ríos Cárdenas,Pack novio completo,Kevin El Maestro
3733,441,7,6,2023-10-05 15:00:00,13000.00,atendida,transferencia,Samuel Sánchez Flores,Arreglo de barba,Chelo Cuts
3734,560,24,19,2024-01-10 16:00:00,50000.00,atendida,tarjeta,Daniela Rivera González,Corte + barba + cejas,Fercho Barber
3735,253,11,9,2024-11-24 18:00:00,25000.00,atendida,efectivo,Johana Castro Jiménez,Corte clasico,Brayan Scissors
3736,1406,30,15,2024-09-03 08:00:00,40000.00,atendida,daviplata,Miguel Peña Peña,Corte + lavado + barba,Jhon Navajas
3737,626,9,27,2023-12-05 10:00:00,10000.00,atendida,efectivo,Maria Silva García,Corte degradado,Tomas Clipper
3738,1055,11,4,2024-08-23 16:00:00,25000.00,atendida,transferencia,Carlos Delgado Gutiérrez,Corte clasico,Mateo Barber
3739,1944,8,5,2023-03-28 10:00:00,16000.00,cancelada,daviplata,Raúl Silva Ocampo,Corte + lavado,El Vikingo
3740,1594,24,16,2023-12-25 18:00:00,50000.00,atendida,daviplata,Angie Ramos Castro,Corte + barba + cejas,Sebastián Blade
3741,549,11,19,2024-07-11 08:00:00,25000.00,atendida,daviplata,Diego Ospina Morales,Corte clasico,Fercho Barber
3742,1902,8,2,2024-05-20 18:00:00,16000.00,atendida,efectivo,Santiago Reyes Vega,Corte + lavado,Maicol Style
3743,1997,11,19,2023-01-06 18:00:00,25000.00,cancelada,nequi,Daniela Bedoya Rojas,Corte clasico,Fercho Barber
3744,1187,10,21,2023-07-19 11:00:00,35000.00,atendida,transferencia,Ricardo Rojas Ortiz,Corte navaja,Wilmar Style
3745,911,23,30,2024-03-29 16:00:00,30000.00,atendida,tarjeta,Cristian González Flores,Keratina,Pipe Navajas
3746,262,3,20,2024-10-01 12:00:00,8000.00,atendida,nequi,Nathaly Gutiérrez Moreno,Arreglo de barba,El Paisa Cuts
3747,1572,1,31,2024-07-09 10:00:00,12000.00,atendida,daviplata,Fernando Martínez Rivera,Corte de cabello Basico,Cristian Fade
3748,1722,7,3,2024-03-05 17:00:00,13000.00,atendida,transferencia,Isabella Ruiz Medina,Arreglo de barba,Juancho El Indio
3749,1061,30,5,2024-05-06 18:00:00,40000.00,cancelada,tarjeta,Angie Sánchez Herrera,Corte + lavado + barba,El Vikingo
3750,314,23,25,2023-02-21 17:00:00,30000.00,cancelada,daviplata,Valentina González Ríos,Keratina,Lucho Precision
3751,1502,15,10,2023-06-27 12:00:00,14000.00,cancelada,nequi,Mariana Rivera Ríos,Tinte completo,Yeferson King
3752,1563,7,27,2023-04-02 18:00:00,13000.00,atendida,tarjeta,Sara Morales Reyes,Arreglo de barba,Tomas Clipper
3753,357,11,19,2023-05-23 11:00:00,25000.00,atendida,daviplata,Camila Cárdenas Arias,Corte clasico,Fercho Barber
3754,1988,3,17,2024-02-27 09:00:00,8000.00,cancelada,tarjeta,Nathaly Espinoza Ríos,Arreglo de barba,Kevin El Maestro
3755,1675,2,24,2023-11-03 08:00:00,15000.00,cancelada,efectivo,Patricia Martínez Pérez,Corte de cabello Basico + barba,El Negro Barber
3756,1269,19,19,2023-10-30 14:00:00,60000.00,atendida,daviplata,Xiomara Bedoya Ruiz,Cejas + barba,Fercho Barber
3757,939,12,28,2023-04-10 12:00:00,12000.00,atendida,tarjeta,Adriana Cruz Cruz,Corte moderno,Yeison Barber
3758,94,7,3,2023-08-12 18:00:00,13000.00,atendida,daviplata,Natalia Ríos Mendoza,Arreglo de barba,Juancho El Indio
3759,763,2,9,2024-12-08 16:00:00,15000.00,cancelada,nequi,Laura Rojas Medina,Corte de cabello Basico + barba,Brayan Scissors
3760,1692,10,29,2024-09-18 14:00:00,35000.00,atendida,efectivo,Mateo Flores Ortiz,Corte navaja,El Calvo Cuts
3761,911,9,18,2023-04-24 08:00:00,10000.00,atendida,efectivo,Cristian González Flores,Corte degradado,Nico Estilo
3762,1935,2,20,2023-12-23 10:00:00,15000.00,atendida,transferencia,Andrea Correa Peña,Corte de cabello Basico + barba,El Paisa Cuts
3763,974,10,31,2023-03-13 09:00:00,35000.00,cancelada,efectivo,Cristian Reyes Vargas,Corte navaja,Cristian Fade
3764,638,11,27,2023-05-30 12:00:00,25000.00,atendida,efectivo,Jorge Pérez Ríos,Corte clasico,Tomas Clipper
3765,1127,17,21,2023-03-30 10:00:00,20000.00,atendida,transferencia,Mauricio Moreno Medina,Barba + hidratacion,Wilmar Style
3766,1923,19,30,2024-08-30 18:00:00,60000.00,atendida,nequi,Natalia Herrera Silva,Cejas + barba,Pipe Navajas
3767,337,18,13,2024-04-01 12:00:00,22000.00,atendida,efectivo,Marcela Morales Vega,Afeitado clasico navaja,Camilo Pro
3768,508,12,8,2024-10-31 15:00:00,12000.00,atendida,nequi,Andrea Vega Peña,Corte moderno,Tato Fade
3769,1309,6,21,2024-09-07 17:00:00,14000.00,cancelada,nequi,Alejandro Castro Castro,Corte de cabello Basico + barba,Wilmar Style
3770,621,4,2,2023-04-29 11:00:00,18000.00,atendida,daviplata,Kevin Gutiérrez Sánchez,Corte + lavado,Maicol Style
3771,581,14,30,2023-01-08 10:00:00,15000.00,cancelada,daviplata,Melissa Morales Muñoz,Corte + tinte,Pipe Navajas
3772,79,20,25,2024-02-18 11:00:00,22000.00,cancelada,daviplata,Marcela Pérez Jiménez,Depilacion de cejas,Lucho Precision
3773,415,10,15,2023-05-16 09:00:00,35000.00,atendida,nequi,Johana Peña Henao,Corte navaja,Jhon Navajas
3774,1269,20,4,2024-01-14 17:00:00,22000.00,atendida,tarjeta,Xiomara Bedoya Ruiz,Depilacion de cejas,Mateo Barber
3775,1249,29,5,2024-06-11 15:00:00,50000.00,atendida,transferencia,Deisy Ospina Londoño,Coloracion fantasia,El Vikingo
3776,1690,19,15,2024-08-27 10:00:00,60000.00,atendida,daviplata,Lucia Londoño Gómez,Cejas + barba,Jhon Navajas
3777,1232,13,29,2023-03-13 14:00:00,18000.00,cancelada,transferencia,Camila Castro Peña,Corte infantil,El Calvo Cuts
3778,1347,7,11,2023-12-21 11:00:00,13000.00,cancelada,tarjeta,Yulieth Suárez Sánchez,Arreglo de barba,El Mono Barber
3779,1053,18,8,2023-11-30 15:00:00,22000.00,atendida,nequi,Samuel Gómez Gómez,Afeitado clasico navaja,Tato Fade
3780,247,3,15,2024-09-26 08:00:00,8000.00,cancelada,nequi,Mateo Guerrero Londoño,Arreglo de barba,Jhon Navajas
3781,1334,20,16,2023-09-23 15:00:00,22000.00,atendida,transferencia,Isabella Herrera Ríos,Depilacion de cejas,Sebastián Blade
3782,461,5,17,2024-07-15 09:00:00,15000.00,atendida,nequi,Xiomara Pérez Montoya,Corte de cabello Basico,Kevin El Maestro
3783,1095,13,6,2024-12-23 09:00:00,18000.00,atendida,tarjeta,Lizeth Reyes Rodríguez,Corte infantil,Chelo Cuts
3784,203,5,2,2024-09-22 09:00:00,15000.00,atendida,daviplata,Valentina Rodríguez Ramos,Corte de cabello Basico,Maicol Style
3785,158,22,25,2023-07-17 12:00:00,15000.00,atendida,efectivo,Miguel Ríos Zapata,Hidratacion capilar,Lucho Precision
3786,301,20,27,2024-08-24 14:00:00,22000.00,atendida,daviplata,Steven Ríos Ramírez,Depilacion de cejas,Tomas Clipper
3787,1062,30,19,2023-05-27 12:00:00,40000.00,atendida,daviplata,Marcela Rivera Rojas,Corte + lavado + barba,Fercho Barber
3788,1722,2,21,2024-02-06 11:00:00,15000.00,atendida,efectivo,Isabella Ruiz Medina,Corte de cabello Basico + barba,Wilmar Style
3789,407,3,9,2023-02-22 08:00:00,8000.00,cancelada,daviplata,Sebastián Mendoza Torres,Arreglo de barba,Brayan Scissors
3790,828,5,11,2023-07-07 09:00:00,15000.00,atendida,efectivo,Diego Cárdenas Ruiz,Corte de cabello Basico,El Mono Barber
3791,474,10,24,2023-04-28 14:00:00,35000.00,cancelada,transferencia,Deisy Ramos Salazar,Corte navaja,El Negro Barber
3792,274,23,23,2024-04-27 14:00:00,30000.00,atendida,transferencia,Ana Correa Morales,Keratina,Santi Premium
3793,494,14,9,2024-03-10 10:00:00,15000.00,cancelada,transferencia,Yulieth Londoño Peña,Corte + tinte,Brayan Scissors
3794,52,12,5,2023-11-25 17:00:00,12000.00,atendida,transferencia,Julián Martínez Romero,Corte moderno,El Vikingo
3795,567,12,21,2023-03-18 11:00:00,12000.00,cancelada,tarjeta,Sofia Salazar Rodríguez,Corte moderno,Wilmar Style
3796,1418,25,30,2024-06-10 12:00:00,80000.00,atendida,tarjeta,Mateo Ruiz Bedoya,Corte + hidratacion,Pipe Navajas
3797,901,18,31,2024-06-28 12:00:00,22000.00,atendida,transferencia,Monica Vega Rojas,Afeitado clasico navaja,Cristian Fade
3798,131,11,10,2023-09-16 12:00:00,25000.00,cancelada,tarjeta,Felipe Medina Pérez,Corte clasico,Yeferson King
3799,1773,17,31,2023-10-10 09:00:00,20000.00,cancelada,nequi,Brayan Sánchez Díaz,Barba + hidratacion,Cristian Fade
3800,756,19,28,2024-05-20 14:00:00,60000.00,cancelada,daviplata,Melissa Correa Guerrero,Cejas + barba,Yeison Barber
3801,422,9,16,2023-12-28 16:00:00,10000.00,atendida,nequi,Marcela Rojas Torres,Corte degradado,Sebastián Blade
3802,1245,1,27,2024-10-04 10:00:00,12000.00,cancelada,tarjeta,Raúl Suárez Montoya,Corte de cabello Basico,Tomas Clipper
3803,1222,15,26,2023-03-11 12:00:00,14000.00,cancelada,daviplata,Santiago Henao Muñoz,Tinte completo,Andres El Pro
3804,1835,24,22,2023-09-19 14:00:00,50000.00,atendida,efectivo,Patricia Zapata Moreno,Corte + barba + cejas,Diego Fadero
3805,1888,23,2,2024-08-06 12:00:00,30000.00,atendida,tarjeta,Yesid Mendoza Salazar,Keratina,Maicol Style
3806,1425,5,23,2024-12-15 15:00:00,15000.00,atendida,tarjeta,Wilmar Bedoya García,Corte de cabello Basico,Santi Premium
3807,1591,8,2,2023-03-31 16:00:00,16000.00,atendida,nequi,Duvan Parra Cruz,Corte + lavado,Maicol Style
3808,1393,23,11,2024-07-29 16:00:00,30000.00,atendida,daviplata,Valentina Suárez Morales,Keratina,El Mono Barber
3809,1062,5,18,2024-04-19 10:00:00,15000.00,atendida,efectivo,Marcela Rivera Rojas,Corte de cabello Basico,Nico Estilo
3810,1923,12,3,2023-01-22 16:00:00,12000.00,atendida,nequi,Natalia Herrera Silva,Corte moderno,Juancho El Indio
3811,1964,30,14,2023-01-24 15:00:00,40000.00,atendida,transferencia,Steven Muñoz Reyes,Corte + lavado + barba,El Tigre Cuts
3812,727,26,28,2023-09-27 09:00:00,50000.00,atendida,efectivo,Sergio Cárdenas Montoya,Masaje capilar,Yeison Barber
3813,646,30,25,2023-08-21 14:00:00,40000.00,atendida,daviplata,Johana Rodríguez Correa,Corte + lavado + barba,Lucho Precision
3814,923,17,23,2023-10-28 15:00:00,20000.00,atendida,daviplata,Mauricio Gómez González,Barba + hidratacion,Santi Premium
3815,1974,12,24,2023-11-07 11:00:00,12000.00,atendida,daviplata,Paola Herrera Castro,Corte moderno,El Negro Barber
3816,1181,20,9,2023-07-03 09:00:00,22000.00,atendida,nequi,Paola Gutiérrez Vargas,Depilacion de cejas,Brayan Scissors
3817,1098,29,20,2024-06-29 09:00:00,50000.00,atendida,nequi,Jhon Correa Cárdenas,Coloracion fantasia,El Paisa Cuts
3818,1622,6,18,2024-07-10 09:00:00,14000.00,atendida,efectivo,Diana Ruiz Ortiz,Corte de cabello Basico + barba,Nico Estilo
3819,1555,5,28,2023-09-22 15:00:00,15000.00,cancelada,efectivo,Xiomara Sánchez Correa,Corte de cabello Basico,Yeison Barber
3820,92,5,6,2023-07-15 08:00:00,15000.00,atendida,efectivo,Felipe García Montoya,Corte de cabello Basico,Chelo Cuts
3821,756,21,27,2024-09-05 08:00:00,25000.00,cancelada,tarjeta,Melissa Correa Guerrero,Limpieza facial,Tomas Clipper
3822,1215,17,5,2023-01-27 08:00:00,20000.00,atendida,tarjeta,Adriana Moreno Ramos,Barba + hidratacion,El Vikingo
3823,1961,2,27,2024-01-27 11:00:00,15000.00,atendida,efectivo,Nathaly Parra Pérez,Corte de cabello Basico + barba,Tomas Clipper
3824,793,23,31,2023-05-31 14:00:00,30000.00,cancelada,tarjeta,Cristian Sánchez Martínez,Keratina,Cristian Fade
3825,67,17,8,2023-05-15 15:00:00,20000.00,atendida,tarjeta,Johana Espinoza Jiménez,Barba + hidratacion,Tato Fade
3826,1286,29,16,2024-12-03 09:00:00,50000.00,cancelada,transferencia,Deisy Arias Flores,Coloracion fantasia,Sebastián Blade
3827,163,9,4,2024-09-15 12:00:00,10000.00,atendida,efectivo,Santiago Jiménez Cruz,Corte degradado,Mateo Barber
3828,1524,4,18,2024-02-21 14:00:00,18000.00,cancelada,daviplata,Dayana Montoya Guerrero,Corte + lavado,Nico Estilo
3829,390,2,2,2024-02-05 18:00:00,15000.00,cancelada,transferencia,Paula Ríos Ruiz,Corte de cabello Basico + barba,Maicol Style
3830,1268,27,5,2024-05-05 12:00:00,22000.00,atendida,daviplata,Xiomara López Flores,Tratamiento anticaida,El Vikingo
3831,1096,14,6,2023-03-25 12:00:00,15000.00,atendida,nequi,Melissa Ramos Rodríguez,Corte + tinte,Chelo Cuts
3832,70,15,22,2023-01-27 08:00:00,14000.00,atendida,nequi,Sofia Ríos Peña,Tinte completo,Diego Fadero
3833,1117,17,24,2023-12-12 17:00:00,20000.00,atendida,transferencia,Andrea Ramírez Sánchez,Barba + hidratacion,El Negro Barber
3834,694,6,3,2023-06-19 18:00:00,14000.00,atendida,efectivo,Isabella Montoya Ríos,Corte de cabello Basico + barba,Juancho El Indio
3835,70,18,12,2024-11-18 10:00:00,22000.00,cancelada,efectivo,Sofia Ríos Peña,Afeitado clasico navaja,Duvan Fresh
3836,1221,22,28,2024-10-05 16:00:00,15000.00,atendida,daviplata,Adriana Parra Jiménez,Hidratacion capilar,Yeison Barber
3837,672,15,21,2024-01-13 11:00:00,14000.00,atendida,tarjeta,Catalina Guerrero Espinoza,Tinte completo,Wilmar Style
3838,882,14,6,2023-11-27 15:00:00,15000.00,cancelada,daviplata,Gabriela Reyes Medina,Corte + tinte,Chelo Cuts
3839,840,1,22,2023-05-20 08:00:00,12000.00,atendida,daviplata,Nathaly Henao Castro,Corte de cabello Basico,Diego Fadero
3840,511,10,7,2024-06-05 11:00:00,35000.00,atendida,efectivo,Yesid Herrera Rodríguez,Corte navaja,Pipe El Crack
3841,1352,27,21,2023-02-23 09:00:00,22000.00,atendida,transferencia,Monica Parra Gutiérrez,Tratamiento anticaida,Wilmar Style
3842,605,28,17,2023-12-18 11:00:00,55000.00,cancelada,daviplata,Santiago Morales Herrera,Pack novio completo,Kevin El Maestro
3843,110,19,16,2023-08-28 11:00:00,60000.00,cancelada,nequi,Miguel Flores López,Cejas + barba,Sebastián Blade
3844,212,12,8,2023-11-10 10:00:00,12000.00,cancelada,daviplata,Felipe Peña Henao,Corte moderno,Tato Fade
3845,403,17,2,2024-01-17 16:00:00,20000.00,atendida,nequi,Steven Ocampo Guerrero,Barba + hidratacion,Maicol Style
3846,1947,21,25,2024-10-14 16:00:00,25000.00,cancelada,transferencia,Monica Rojas Ocampo,Limpieza facial,Lucho Precision
3847,1858,28,15,2024-06-20 09:00:00,55000.00,cancelada,daviplata,Nicolás Jiménez Martínez,Pack novio completo,Jhon Navajas
3848,1570,26,13,2024-04-09 10:00:00,50000.00,atendida,transferencia,Paola Pérez González,Masaje capilar,Camilo Pro
3849,1819,22,30,2023-01-24 09:00:00,15000.00,atendida,nequi,Daniela Morales Jiménez,Hidratacion capilar,Pipe Navajas
3850,760,3,8,2024-03-24 15:00:00,8000.00,atendida,transferencia,Wilmar Henao Montoya,Arreglo de barba,Tato Fade
3851,1753,5,15,2023-12-05 11:00:00,15000.00,cancelada,daviplata,Mateo Romero Salazar,Corte de cabello Basico,Jhon Navajas
3852,1849,22,11,2023-11-19 12:00:00,15000.00,cancelada,daviplata,Luis Ortiz García,Hidratacion capilar,El Mono Barber
3853,247,5,17,2024-08-23 11:00:00,15000.00,atendida,daviplata,Mateo Guerrero Londoño,Corte de cabello Basico,Kevin El Maestro
3854,931,8,21,2024-08-28 17:00:00,16000.00,atendida,efectivo,Claudia Torres Martínez,Corte + lavado,Wilmar Style
3855,136,19,15,2024-09-15 16:00:00,60000.00,atendida,tarjeta,Carlos Muñoz Medina,Cejas + barba,Jhon Navajas
3856,106,14,29,2024-10-30 17:00:00,15000.00,atendida,daviplata,Hernán Londoño Zapata,Corte + tinte,El Calvo Cuts
3857,963,22,9,2023-06-24 17:00:00,15000.00,cancelada,efectivo,Jorge Jiménez Reyes,Hidratacion capilar,Brayan Scissors
3858,1668,23,6,2024-04-14 17:00:00,30000.00,atendida,daviplata,Daniela Ocampo Espinoza,Keratina,Chelo Cuts
3859,1671,3,4,2023-11-10 11:00:00,8000.00,atendida,tarjeta,Mariana Ramos Flores,Arreglo de barba,Mateo Barber
3860,1840,5,25,2024-09-27 15:00:00,15000.00,atendida,efectivo,Juan Delgado Medina,Corte de cabello Basico,Lucho Precision
3861,1720,9,2,2023-02-24 18:00:00,10000.00,atendida,tarjeta,Camila Gutiérrez Torres,Corte degradado,Maicol Style
3862,1944,17,18,2024-04-19 17:00:00,20000.00,cancelada,efectivo,Raúl Silva Ocampo,Barba + hidratacion,Nico Estilo
3863,357,16,5,2024-11-10 12:00:00,8000.00,cancelada,nequi,Camila Cárdenas Arias,Barba completa,El Vikingo
3864,1148,28,26,2023-04-22 09:00:00,55000.00,cancelada,efectivo,Paula Medina Cárdenas,Pack novio completo,Andres El Pro
3865,1270,21,20,2023-10-26 17:00:00,25000.00,cancelada,efectivo,Paula Flores Jiménez,Limpieza facial,El Paisa Cuts
3866,467,5,21,2023-01-28 16:00:00,15000.00,atendida,transferencia,Lizeth Suárez Jiménez,Corte de cabello Basico,Wilmar Style
3867,2014,27,24,2024-10-14 08:00:00,22000.00,atendida,tarjeta,Laura Montoya Díaz,Tratamiento anticaida,El Negro Barber
3868,816,3,9,2023-01-11 14:00:00,8000.00,atendida,transferencia,Brayan Salazar Pérez,Arreglo de barba,Brayan Scissors
3869,323,13,8,2024-01-09 12:00:00,18000.00,cancelada,daviplata,Diego Zapata Mendoza,Corte infantil,Tato Fade
3870,371,30,16,2023-10-16 14:00:00,40000.00,atendida,transferencia,Sebastián Sánchez Parra,Corte + lavado + barba,Sebastián Blade
3871,1802,11,2,2024-10-01 17:00:00,25000.00,atendida,efectivo,Duvan Parra Espinoza,Corte clasico,Maicol Style
3872,1823,26,19,2023-09-02 11:00:00,50000.00,atendida,daviplata,Xiomara Ramírez López,Masaje capilar,Fercho Barber
3873,1463,11,18,2024-08-21 14:00:00,25000.00,atendida,nequi,Felipe Herrera Rivera,Corte clasico,Nico Estilo
3874,1932,8,25,2023-10-02 09:00:00,16000.00,cancelada,efectivo,Paula Henao Moreno,Corte + lavado,Lucho Precision
3875,45,25,8,2024-06-18 12:00:00,80000.00,atendida,nequi,Jhon Reyes Ríos,Corte + hidratacion,Tato Fade
3876,1680,30,14,2023-10-23 09:00:00,40000.00,atendida,efectivo,Laura Ortiz Silva,Corte + lavado + barba,El Tigre Cuts
3877,915,2,21,2024-05-30 10:00:00,15000.00,atendida,efectivo,Isabella Guerrero Pérez,Corte de cabello Basico + barba,Wilmar Style
3878,1747,30,24,2024-01-31 11:00:00,40000.00,cancelada,transferencia,Sofia Muñoz Morales,Corte + lavado + barba,El Negro Barber
3879,1576,24,26,2023-04-08 10:00:00,50000.00,atendida,nequi,Paula Rivera Montoya,Corte + barba + cejas,Andres El Pro
3880,1127,10,6,2024-03-15 15:00:00,35000.00,cancelada,efectivo,Mauricio Moreno Medina,Corte navaja,Chelo Cuts
3881,1129,5,31,2023-06-22 12:00:00,15000.00,atendida,daviplata,Alejandro Gómez Vega,Corte de cabello Basico,Cristian Fade
3882,1828,8,20,2024-06-26 11:00:00,16000.00,atendida,tarjeta,Monica López García,Corte + lavado,El Paisa Cuts
3883,282,26,9,2024-05-16 18:00:00,50000.00,atendida,efectivo,Isabella Medina Gómez,Masaje capilar,Brayan Scissors
3884,1395,21,5,2024-07-23 14:00:00,25000.00,cancelada,tarjeta,Santiago Cárdenas García,Limpieza facial,El Vikingo
3885,1571,11,5,2023-09-18 08:00:00,25000.00,cancelada,transferencia,Ricardo Castro Silva,Corte clasico,El Vikingo
3886,951,19,9,2023-09-19 14:00:00,60000.00,atendida,efectivo,Johana Morales Londoño,Cejas + barba,Brayan Scissors
3887,1988,25,9,2024-01-01 12:00:00,80000.00,atendida,daviplata,Nathaly Espinoza Ríos,Corte + hidratacion,Brayan Scissors
3888,444,3,25,2024-05-25 10:00:00,8000.00,atendida,transferencia,Mateo Martínez Ruiz,Arreglo de barba,Lucho Precision
3889,757,11,29,2024-06-07 15:00:00,25000.00,atendida,tarjeta,Brayan Ramírez Vargas,Corte clasico,El Calvo Cuts
3890,828,13,27,2024-12-28 17:00:00,18000.00,atendida,tarjeta,Diego Cárdenas Ruiz,Corte infantil,Tomas Clipper
3891,778,2,3,2024-09-11 11:00:00,15000.00,atendida,daviplata,Sara Ramírez Cruz,Corte de cabello Basico + barba,Juancho El Indio
3892,634,18,23,2023-03-25 17:00:00,22000.00,atendida,daviplata,Ferney Gutiérrez Arias,Afeitado clasico navaja,Santi Premium
3893,961,17,31,2024-03-28 11:00:00,20000.00,cancelada,tarjeta,Yesid Ramírez Ramos,Barba + hidratacion,Cristian Fade
3894,613,17,6,2024-07-02 14:00:00,20000.00,atendida,efectivo,Fernando Herrera Londoño,Barba + hidratacion,Chelo Cuts
3895,2028,17,27,2024-09-11 09:00:00,20000.00,atendida,tarjeta,Brayan Castro Henao,Barba + hidratacion,Tomas Clipper
3896,1144,29,10,2024-10-16 12:00:00,50000.00,atendida,tarjeta,Isabella Peña Gómez,Coloracion fantasia,Yeferson King
3897,1785,9,22,2024-12-18 18:00:00,10000.00,atendida,nequi,Raúl Cárdenas Cruz,Corte degradado,Diego Fadero
3898,849,5,16,2024-05-10 08:00:00,15000.00,atendida,efectivo,Jhon Herrera Romero,Corte de cabello Basico,Sebastián Blade
3899,50,9,7,2024-12-21 12:00:00,10000.00,atendida,nequi,Leidy Montoya Ortiz,Corte degradado,Pipe El Crack
3900,1641,14,12,2024-02-21 18:00:00,15000.00,atendida,daviplata,Carolina Moreno Gutiérrez,Corte + tinte,Duvan Fresh
3901,785,14,17,2023-12-14 18:00:00,15000.00,atendida,daviplata,Johana Rivera Silva,Corte + tinte,Kevin El Maestro
3902,758,19,22,2023-07-13 08:00:00,60000.00,atendida,tarjeta,Diana Parra Correa,Cejas + barba,Diego Fadero
3903,1405,6,16,2024-02-12 09:00:00,14000.00,cancelada,tarjeta,Wilmar Cruz Mendoza,Corte de cabello Basico + barba,Sebastián Blade
3904,603,8,5,2023-10-15 18:00:00,16000.00,atendida,efectivo,Yulieth Delgado Zapata,Corte + lavado,El Vikingo
3905,931,17,23,2023-07-29 10:00:00,20000.00,cancelada,transferencia,Claudia Torres Martínez,Barba + hidratacion,Santi Premium
3906,1103,2,18,2023-10-26 16:00:00,15000.00,atendida,tarjeta,Carolina Torres Ortiz,Corte de cabello Basico + barba,Nico Estilo
3907,193,4,18,2023-01-08 16:00:00,18000.00,atendida,efectivo,Sara Montoya Delgado,Corte + lavado,Nico Estilo
3908,538,18,29,2023-08-30 15:00:00,22000.00,atendida,nequi,Andrea Díaz Ruiz,Afeitado clasico navaja,El Calvo Cuts
3909,819,18,28,2024-08-04 09:00:00,22000.00,atendida,transferencia,Sara Delgado Castro,Afeitado clasico navaja,Yeison Barber
3910,656,24,23,2023-11-08 16:00:00,50000.00,atendida,daviplata,Adriana Cárdenas Parra,Corte + barba + cejas,Santi Premium
3911,1796,7,20,2023-07-01 09:00:00,13000.00,atendida,efectivo,Nicolás Delgado Vega,Arreglo de barba,El Paisa Cuts
3912,877,30,22,2024-03-05 10:00:00,40000.00,atendida,tarjeta,Lizeth Rodríguez López,Corte + lavado + barba,Diego Fadero
3913,796,8,5,2023-08-24 11:00:00,16000.00,atendida,efectivo,Rodrigo Jiménez Vargas,Corte + lavado,El Vikingo
3914,1696,29,16,2023-08-21 08:00:00,50000.00,atendida,transferencia,Sofia Herrera González,Coloracion fantasia,Sebastián Blade
3915,229,17,14,2024-11-12 11:00:00,20000.00,cancelada,tarjeta,Sergio Peña Gómez,Barba + hidratacion,El Tigre Cuts
3916,1712,8,3,2023-02-18 18:00:00,16000.00,atendida,nequi,Gabriela Vega Silva,Corte + lavado,Juancho El Indio
3917,254,26,16,2023-05-16 11:00:00,50000.00,cancelada,daviplata,Gabriela Espinoza Torres,Masaje capilar,Sebastián Blade
3918,1987,4,8,2023-05-28 10:00:00,18000.00,atendida,tarjeta,Adriana Romero Peña,Corte + lavado,Tato Fade
3919,485,4,28,2024-03-11 12:00:00,18000.00,atendida,transferencia,Xiomara Pérez Espinoza,Corte + lavado,Yeison Barber
3920,1412,18,22,2024-11-10 17:00:00,22000.00,atendida,daviplata,Miguel Castro Ospina,Afeitado clasico navaja,Diego Fadero
3921,1140,23,29,2024-07-03 10:00:00,30000.00,atendida,nequi,Luis Ramírez Londoño,Keratina,El Calvo Cuts
3922,801,30,8,2023-12-02 08:00:00,40000.00,atendida,nequi,Miguel Zapata Ospina,Corte + lavado + barba,Tato Fade
3923,1034,12,3,2023-04-18 17:00:00,12000.00,atendida,tarjeta,Sara Ríos Pérez,Corte moderno,Juancho El Indio
3924,1458,26,6,2023-03-25 08:00:00,50000.00,atendida,efectivo,Sebastián Morales Díaz,Masaje capilar,Chelo Cuts
3925,1102,4,30,2023-09-11 08:00:00,18000.00,atendida,efectivo,Raúl Vega Guerrero,Corte + lavado,Pipe Navajas
3926,119,23,26,2024-11-03 18:00:00,30000.00,cancelada,nequi,Ricardo Correa Jiménez,Keratina,Andres El Pro
3927,342,30,8,2024-02-10 09:00:00,40000.00,cancelada,nequi,Diana Vargas Castro,Corte + lavado + barba,Tato Fade
3928,488,3,28,2023-01-09 15:00:00,8000.00,atendida,tarjeta,Camila Castro Ortiz,Arreglo de barba,Yeison Barber
3929,1436,2,22,2023-04-20 10:00:00,15000.00,atendida,tarjeta,Sofia Ortiz Ramos,Corte de cabello Basico + barba,Diego Fadero
3930,758,29,25,2023-10-24 08:00:00,50000.00,atendida,nequi,Diana Parra Correa,Coloracion fantasia,Lucho Precision
3931,1493,14,22,2024-07-28 09:00:00,15000.00,cancelada,transferencia,Julián Moreno Gutiérrez,Corte + tinte,Diego Fadero
3932,1692,7,14,2023-04-12 11:00:00,13000.00,atendida,efectivo,Mateo Flores Ortiz,Arreglo de barba,El Tigre Cuts
3933,1778,4,9,2023-09-04 09:00:00,18000.00,atendida,efectivo,Catalina Torres Montoya,Corte + lavado,Brayan Scissors
3934,993,12,25,2024-11-20 10:00:00,12000.00,atendida,transferencia,Santiago Torres Jiménez,Corte moderno,Lucho Precision
3935,127,26,31,2024-12-26 15:00:00,50000.00,atendida,tarjeta,Natalia Salazar López,Masaje capilar,Cristian Fade
3936,282,5,3,2024-05-09 10:00:00,15000.00,atendida,efectivo,Isabella Medina Gómez,Corte de cabello Basico,Juancho El Indio
3937,248,2,31,2023-04-04 15:00:00,15000.00,atendida,nequi,Johana Ruiz Ramos,Corte de cabello Basico + barba,Cristian Fade
3938,1002,25,14,2023-10-12 14:00:00,80000.00,cancelada,efectivo,Miguel Arias Arias,Corte + hidratacion,El Tigre Cuts
3939,606,18,10,2024-12-18 16:00:00,22000.00,atendida,nequi,Natalia Arias Rodríguez,Afeitado clasico navaja,Yeferson King
3940,1375,24,3,2024-02-26 08:00:00,50000.00,atendida,daviplata,Yeison Montoya Muñoz,Corte + barba + cejas,Juancho El Indio
3941,1833,13,5,2024-03-26 17:00:00,18000.00,atendida,tarjeta,Raúl Rojas Ospina,Corte infantil,El Vikingo
3942,771,27,3,2024-03-26 17:00:00,22000.00,atendida,nequi,Patricia Mendoza Peña,Tratamiento anticaida,Juancho El Indio
3943,374,7,23,2023-03-20 14:00:00,13000.00,cancelada,transferencia,Camila Guerrero Rojas,Arreglo de barba,Santi Premium
3944,650,10,18,2023-04-28 11:00:00,35000.00,atendida,tarjeta,Jhon Flores Cruz,Corte navaja,Nico Estilo
3945,1147,10,30,2024-07-02 15:00:00,35000.00,cancelada,nequi,Ferney Montoya Reyes,Corte navaja,Pipe Navajas
3946,1191,20,5,2024-07-05 18:00:00,22000.00,atendida,nequi,Sebastián Muñoz Jiménez,Depilacion de cejas,El Vikingo
3947,741,14,16,2023-08-31 17:00:00,15000.00,atendida,nequi,Kevin Parra Suárez,Corte + tinte,Sebastián Blade
3948,1503,17,15,2023-08-07 16:00:00,20000.00,cancelada,transferencia,Carolina Ortiz Cruz,Barba + hidratacion,Jhon Navajas
3949,535,27,17,2023-04-06 16:00:00,22000.00,atendida,efectivo,Fabian Peña Arias,Tratamiento anticaida,Kevin El Maestro
3950,1702,25,28,2024-09-05 15:00:00,80000.00,atendida,daviplata,Ana Pérez Medina,Corte + hidratacion,Yeison Barber
3951,1607,29,7,2024-05-10 12:00:00,50000.00,atendida,tarjeta,Wilmar Zapata Espinoza,Coloracion fantasia,Pipe El Crack
3952,1590,24,18,2024-07-18 18:00:00,50000.00,atendida,tarjeta,Paula Ospina Guerrero,Corte + barba + cejas,Nico Estilo
3953,1928,5,2,2023-02-11 16:00:00,15000.00,atendida,nequi,Leidy Silva Ocampo,Corte de cabello Basico,Maicol Style
3954,1102,22,19,2024-01-17 14:00:00,15000.00,cancelada,transferencia,Raúl Vega Guerrero,Hidratacion capilar,Fercho Barber
3955,1982,29,2,2024-11-28 09:00:00,50000.00,atendida,transferencia,Raúl Parra Ramírez,Coloracion fantasia,Maicol Style
3956,1579,16,22,2024-09-23 09:00:00,8000.00,atendida,efectivo,Diana Castro Díaz,Barba completa,Diego Fadero
3957,183,19,26,2023-02-02 17:00:00,60000.00,atendida,tarjeta,Miguel Herrera Ríos,Cejas + barba,Andres El Pro
3958,983,22,2,2023-03-10 15:00:00,15000.00,atendida,tarjeta,Yesid Martínez Rodríguez,Hidratacion capilar,Maicol Style
3959,1984,24,31,2023-09-24 14:00:00,50000.00,atendida,nequi,Santiago Herrera Díaz,Corte + barba + cejas,Cristian Fade
3960,1531,10,27,2023-07-27 17:00:00,35000.00,atendida,transferencia,Yulieth Vega Vega,Corte navaja,Tomas Clipper
3961,286,3,28,2024-12-02 15:00:00,8000.00,atendida,transferencia,Monica Parra Salazar,Arreglo de barba,Yeison Barber
3962,227,12,29,2023-06-23 08:00:00,12000.00,atendida,daviplata,Fabian Bedoya Montoya,Corte moderno,El Calvo Cuts
3963,1692,26,8,2023-08-04 12:00:00,50000.00,atendida,transferencia,Mateo Flores Ortiz,Masaje capilar,Tato Fade
3964,954,19,17,2024-03-18 10:00:00,60000.00,atendida,tarjeta,Camila López Gómez,Cejas + barba,Kevin El Maestro
3965,931,20,24,2023-03-17 15:00:00,22000.00,atendida,nequi,Claudia Torres Martínez,Depilacion de cejas,El Negro Barber
3966,1360,3,30,2024-10-06 09:00:00,8000.00,cancelada,transferencia,Sara García Castro,Arreglo de barba,Pipe Navajas
3967,583,1,17,2023-04-08 16:00:00,12000.00,atendida,nequi,Adriana Muñoz Ospina,Corte de cabello Basico,Kevin El Maestro
3968,1946,15,18,2024-05-02 09:00:00,14000.00,cancelada,daviplata,Patricia Gómez Ramos,Tinte completo,Nico Estilo
3969,619,14,25,2023-07-10 10:00:00,15000.00,atendida,efectivo,Kevin Espinoza González,Corte + tinte,Lucho Precision
3970,140,13,10,2024-05-03 11:00:00,18000.00,atendida,transferencia,Lizeth Rojas Peña,Corte infantil,Yeferson King
3971,593,22,20,2023-05-28 10:00:00,15000.00,cancelada,efectivo,Yeison Díaz Díaz,Hidratacion capilar,El Paisa Cuts
3972,1560,17,3,2024-09-27 09:00:00,20000.00,atendida,tarjeta,Jorge Peña Correa,Barba + hidratacion,Juancho El Indio
3973,1003,10,7,2023-05-16 15:00:00,35000.00,cancelada,efectivo,Maria Parra Castro,Corte navaja,Pipe El Crack
3974,205,4,6,2023-12-13 14:00:00,18000.00,atendida,transferencia,Fabian Pérez Jiménez,Corte + lavado,Chelo Cuts
3975,897,15,2,2023-03-26 16:00:00,14000.00,atendida,transferencia,Alejandro Suárez Sánchez,Tinte completo,Maicol Style
3976,2015,8,18,2023-05-30 16:00:00,16000.00,atendida,nequi,Natalia Suárez Mendoza,Corte + lavado,Nico Estilo
3977,1602,28,9,2023-09-17 09:00:00,55000.00,cancelada,efectivo,Maria González Ospina,Pack novio completo,Brayan Scissors
3978,274,17,2,2023-08-19 17:00:00,20000.00,atendida,daviplata,Ana Correa Morales,Barba + hidratacion,Maicol Style
3979,1746,6,4,2024-06-18 16:00:00,14000.00,atendida,nequi,Cristian Peña Henao,Corte de cabello Basico + barba,Mateo Barber
3980,809,2,4,2023-01-05 12:00:00,15000.00,atendida,efectivo,Andrea Díaz Gutiérrez,Corte de cabello Basico + barba,Mateo Barber
3981,94,6,20,2024-01-26 14:00:00,14000.00,atendida,nequi,Natalia Ríos Mendoza,Corte de cabello Basico + barba,El Paisa Cuts
3982,262,4,22,2024-11-09 08:00:00,18000.00,atendida,transferencia,Nathaly Gutiérrez Moreno,Corte + lavado,Diego Fadero
3983,849,22,16,2023-04-13 12:00:00,15000.00,atendida,efectivo,Jhon Herrera Romero,Hidratacion capilar,Sebastián Blade
3984,1669,28,9,2023-05-31 18:00:00,55000.00,atendida,transferencia,Camila Sánchez García,Pack novio completo,Brayan Scissors
3985,507,18,2,2024-01-13 14:00:00,22000.00,atendida,transferencia,Alejandro Arias Moreno,Afeitado clasico navaja,Maicol Style
3986,64,4,31,2024-03-24 08:00:00,18000.00,atendida,transferencia,Brayan Silva González,Corte + lavado,Cristian Fade
3987,1481,20,27,2024-04-30 14:00:00,22000.00,cancelada,transferencia,Nicolás Rodríguez Flores,Depilacion de cejas,Tomas Clipper
3988,1711,20,21,2023-04-15 15:00:00,22000.00,atendida,daviplata,Santiago Londoño Martínez,Depilacion de cejas,Wilmar Style
3989,847,28,22,2023-02-13 17:00:00,55000.00,cancelada,nequi,Felipe García Pérez,Pack novio completo,Diego Fadero
3990,1303,10,4,2024-09-15 09:00:00,35000.00,atendida,nequi,Monica Peña Martínez,Corte navaja,Mateo Barber
3991,902,7,6,2024-05-24 10:00:00,13000.00,atendida,efectivo,Carolina Gutiérrez Ruiz,Arreglo de barba,Chelo Cuts
3992,496,28,16,2023-04-21 16:00:00,55000.00,atendida,efectivo,Sara Cárdenas Espinoza,Pack novio completo,Sebastián Blade
3993,679,10,16,2024-06-19 12:00:00,35000.00,atendida,tarjeta,Dayana Díaz Romero,Corte navaja,Sebastián Blade
3994,1392,11,28,2023-08-04 18:00:00,25000.00,cancelada,nequi,Fabian Delgado Ortiz,Corte clasico,Yeison Barber
3995,792,11,8,2023-12-09 16:00:00,25000.00,cancelada,nequi,Fernando Ramírez Gómez,Corte clasico,Tato Fade
3996,1219,13,2,2024-05-13 08:00:00,18000.00,atendida,efectivo,Kevin Vega Salazar,Corte infantil,Maicol Style
3997,228,10,5,2023-07-01 11:00:00,35000.00,atendida,transferencia,Ricardo Correa Martínez,Corte navaja,El Vikingo
3998,1831,20,5,2023-10-03 08:00:00,22000.00,atendida,daviplata,Fabian Cárdenas Ospina,Depilacion de cejas,El Vikingo
3999,54,4,4,2023-02-26 14:00:00,18000.00,cancelada,daviplata,Nicolás Moreno Martínez,Corte + lavado,Mateo Barber
4000,972,5,6,2023-08-15 08:00:00,15000.00,atendida,daviplata,Angie Peña Pérez,Corte de cabello Basico,Chelo Cuts
4001,1258,22,7,2023-12-31 14:00:00,15000.00,cancelada,transferencia,Yeison Peña Reyes,Hidratacion capilar,Pipe El Crack
4002,1533,4,6,2024-02-20 16:00:00,18000.00,atendida,nequi,Daniela Ramos Vega,Corte + lavado,Chelo Cuts
4003,497,30,28,2024-12-06 17:00:00,40000.00,atendida,daviplata,Felipe Londoño Jiménez,Corte + lavado + barba,Yeison Barber
4004,1015,25,19,2024-03-20 11:00:00,80000.00,atendida,efectivo,Sara Silva López,Corte + hidratacion,Fercho Barber
4005,259,7,4,2024-01-02 12:00:00,13000.00,atendida,daviplata,Ricardo Ocampo García,Arreglo de barba,Mateo Barber
4006,1900,5,28,2023-06-04 17:00:00,15000.00,atendida,efectivo,Lucia Moreno Gómez,Corte de cabello Basico,Yeison Barber
4007,632,26,17,2023-02-28 18:00:00,50000.00,atendida,efectivo,Hernán Ocampo Guerrero,Masaje capilar,Kevin El Maestro
4008,1819,29,24,2024-11-06 10:00:00,50000.00,atendida,transferencia,Daniela Morales Jiménez,Coloracion fantasia,El Negro Barber
4009,2022,2,9,2023-04-05 17:00:00,15000.00,atendida,tarjeta,Maria Ocampo Ocampo,Corte de cabello Basico + barba,Brayan Scissors
4010,1868,16,11,2024-12-10 09:00:00,8000.00,cancelada,transferencia,Cristian Moreno López,Barba completa,El Mono Barber
4011,679,21,11,2023-04-02 10:00:00,25000.00,atendida,tarjeta,Dayana Díaz Romero,Limpieza facial,El Mono Barber
4012,1847,27,9,2023-04-10 11:00:00,22000.00,cancelada,transferencia,Jhon Suárez Romero,Tratamiento anticaida,Brayan Scissors
4013,1615,6,26,2023-07-31 10:00:00,14000.00,atendida,transferencia,Jhon López Salazar,Corte de cabello Basico + barba,Andres El Pro
4014,974,21,8,2024-05-19 16:00:00,25000.00,cancelada,efectivo,Cristian Reyes Vargas,Limpieza facial,Tato Fade
4015,1108,14,11,2024-07-19 17:00:00,15000.00,atendida,daviplata,Mariana Montoya Torres,Corte + tinte,El Mono Barber
4016,810,23,27,2024-07-27 11:00:00,30000.00,atendida,daviplata,Paola Romero Peña,Keratina,Tomas Clipper
4017,1836,13,13,2023-08-06 18:00:00,18000.00,atendida,efectivo,Nicolás Suárez Arias,Corte infantil,Camilo Pro
4018,1282,8,4,2023-07-10 16:00:00,16000.00,atendida,efectivo,Wilmar Gómez Cruz,Corte + lavado,Mateo Barber
4019,454,29,22,2023-01-06 14:00:00,50000.00,cancelada,nequi,Mauricio Espinoza Delgado,Coloracion fantasia,Diego Fadero
4020,1106,23,22,2024-05-23 08:00:00,30000.00,atendida,efectivo,Wilmar Ramírez Mendoza,Keratina,Diego Fadero
4021,1028,6,9,2024-10-19 18:00:00,14000.00,atendida,tarjeta,Mariana Vega Bedoya,Corte de cabello Basico + barba,Brayan Scissors
4022,1880,12,31,2023-10-24 12:00:00,12000.00,atendida,tarjeta,Adriana Arias Delgado,Corte moderno,Cristian Fade
4023,1941,1,14,2024-08-30 12:00:00,12000.00,atendida,transferencia,Esteban Montoya Arias,Corte de cabello Basico,El Tigre Cuts
4024,715,7,4,2023-11-28 17:00:00,13000.00,atendida,daviplata,Lizeth Montoya Flores,Arreglo de barba,Mateo Barber
4025,509,2,7,2023-10-03 10:00:00,15000.00,atendida,nequi,Oscar Delgado Gutiérrez,Corte de cabello Basico + barba,Pipe El Crack
4026,55,12,20,2023-10-28 10:00:00,12000.00,atendida,daviplata,Paula Martínez Londoño,Corte moderno,El Paisa Cuts
4027,1660,1,31,2024-01-31 08:00:00,12000.00,cancelada,efectivo,Catalina López Ramírez,Corte de cabello Basico,Cristian Fade
4028,761,17,10,2023-07-11 14:00:00,20000.00,cancelada,transferencia,Nicolás López Díaz,Barba + hidratacion,Yeferson King
4029,1416,18,6,2023-07-27 14:00:00,22000.00,atendida,daviplata,Alejandro Londoño Ríos,Afeitado clasico navaja,Chelo Cuts
4030,2029,8,25,2024-09-30 14:00:00,16000.00,atendida,tarjeta,Angie Muñoz Ramos,Corte + lavado,Lucho Precision
4031,1593,15,9,2023-11-23 09:00:00,14000.00,atendida,tarjeta,Alejandro Guerrero Ospina,Tinte completo,Brayan Scissors
4032,1114,26,19,2023-10-16 12:00:00,50000.00,atendida,nequi,Duvan Mendoza Delgado,Masaje capilar,Fercho Barber
4033,1759,21,8,2024-07-31 08:00:00,25000.00,cancelada,efectivo,Melissa Ortiz Delgado,Limpieza facial,Tato Fade
4034,1563,13,26,2024-02-24 16:00:00,18000.00,cancelada,efectivo,Sara Morales Reyes,Corte infantil,Andres El Pro
4035,906,6,26,2024-12-13 10:00:00,14000.00,cancelada,nequi,Wilmar Suárez Ospina,Corte de cabello Basico + barba,Andres El Pro
4036,813,5,3,2023-02-27 12:00:00,15000.00,cancelada,nequi,Wilmar Rivera Muñoz,Corte de cabello Basico,Juancho El Indio
4037,759,15,23,2024-10-23 15:00:00,14000.00,atendida,efectivo,Adriana Reyes Ramírez,Tinte completo,Santi Premium
4038,651,5,26,2024-11-06 14:00:00,15000.00,atendida,nequi,Oscar Suárez Reyes,Corte de cabello Basico,Andres El Pro
4039,716,25,9,2024-04-14 17:00:00,80000.00,cancelada,tarjeta,Oscar Muñoz Ortiz,Corte + hidratacion,Brayan Scissors
4040,1004,19,25,2024-01-10 16:00:00,60000.00,cancelada,tarjeta,Wilmar Ramos Rivera,Cejas + barba,Lucho Precision
4041,1213,18,11,2024-07-29 14:00:00,22000.00,atendida,nequi,Patricia Díaz Torres,Afeitado clasico navaja,El Mono Barber
4042,88,4,25,2023-04-21 15:00:00,18000.00,atendida,tarjeta,Gabriela Parra Peña,Corte + lavado,Lucho Precision
4043,700,13,6,2023-12-31 16:00:00,18000.00,atendida,transferencia,Yulieth Rivera Pérez,Corte infantil,Chelo Cuts
4044,1211,27,7,2024-12-12 18:00:00,22000.00,cancelada,tarjeta,Laura Reyes Peña,Tratamiento anticaida,Pipe El Crack
4045,655,29,21,2024-07-14 15:00:00,50000.00,cancelada,tarjeta,Santiago Torres Jiménez,Coloracion fantasia,Wilmar Style
4046,1426,22,19,2023-07-27 14:00:00,15000.00,atendida,daviplata,Luis Salazar Ríos,Hidratacion capilar,Fercho Barber
4047,2014,8,30,2023-01-04 10:00:00,16000.00,atendida,nequi,Laura Montoya Díaz,Corte + lavado,Pipe Navajas
4048,1997,11,18,2023-11-16 16:00:00,25000.00,atendida,daviplata,Daniela Bedoya Rojas,Corte clasico,Nico Estilo
4049,2029,27,16,2024-07-05 11:00:00,22000.00,atendida,daviplata,Angie Muñoz Ramos,Tratamiento anticaida,Sebastián Blade
4050,554,9,8,2023-06-05 08:00:00,10000.00,atendida,transferencia,Sebastián Muñoz Romero,Corte degradado,Tato Fade
4051,1152,27,5,2024-02-12 18:00:00,22000.00,cancelada,transferencia,Carlos Zapata Pérez,Tratamiento anticaida,El Vikingo
4052,983,24,27,2023-02-20 16:00:00,50000.00,atendida,transferencia,Yesid Martínez Rodríguez,Corte + barba + cejas,Tomas Clipper
4053,605,20,8,2024-04-10 09:00:00,22000.00,atendida,efectivo,Santiago Morales Herrera,Depilacion de cejas,Tato Fade
4054,1457,5,4,2024-05-14 18:00:00,15000.00,atendida,efectivo,Fabian Ospina Rivera,Corte de cabello Basico,Mateo Barber
4055,1497,30,27,2023-12-06 09:00:00,40000.00,atendida,efectivo,Nathaly Londoño Ramos,Corte + lavado + barba,Tomas Clipper
4056,131,15,16,2023-11-07 16:00:00,14000.00,atendida,efectivo,Felipe Medina Pérez,Tinte completo,Sebastián Blade
4057,1746,17,2,2023-09-06 18:00:00,20000.00,atendida,daviplata,Cristian Peña Henao,Barba + hidratacion,Maicol Style
4058,1901,11,15,2024-07-25 10:00:00,25000.00,atendida,tarjeta,Alejandro Silva Medina,Corte clasico,Jhon Navajas
4059,2007,2,25,2024-04-27 16:00:00,15000.00,atendida,efectivo,Ferney Díaz Correa,Corte de cabello Basico + barba,Lucho Precision
4060,111,29,22,2023-02-05 11:00:00,50000.00,atendida,efectivo,Wilmar Díaz García,Coloracion fantasia,Diego Fadero
4061,881,7,26,2023-05-04 11:00:00,13000.00,atendida,nequi,Natalia Suárez Silva,Arreglo de barba,Andres El Pro
4062,1261,12,10,2023-02-17 18:00:00,12000.00,atendida,tarjeta,Oscar Reyes Díaz,Corte moderno,Yeferson King
4063,446,23,25,2023-08-18 09:00:00,30000.00,atendida,daviplata,Ricardo Moreno Romero,Keratina,Lucho Precision
4064,107,11,5,2024-04-06 17:00:00,25000.00,atendida,efectivo,Isabella Parra Gutiérrez,Corte clasico,El Vikingo
4065,770,30,24,2023-08-13 08:00:00,40000.00,atendida,daviplata,Sara Medina Flores,Corte + lavado + barba,El Negro Barber
4066,172,23,27,2024-12-31 17:00:00,30000.00,cancelada,efectivo,Xiomara Moreno Martínez,Keratina,Tomas Clipper
4067,1764,9,10,2024-12-24 18:00:00,10000.00,atendida,efectivo,Natalia Arias Ramírez,Corte degradado,Yeferson King
4068,1215,17,21,2023-07-05 08:00:00,20000.00,atendida,transferencia,Adriana Moreno Ramos,Barba + hidratacion,Wilmar Style
4069,571,13,27,2024-12-12 15:00:00,18000.00,atendida,daviplata,Esteban Díaz Rivera,Corte infantil,Tomas Clipper
4070,344,8,3,2024-05-19 10:00:00,16000.00,atendida,tarjeta,Natalia Ortiz Cárdenas,Corte + lavado,Juancho El Indio
4071,520,4,16,2023-03-01 18:00:00,18000.00,atendida,daviplata,Leidy Espinoza Rodríguez,Corte + lavado,Sebastián Blade
4072,1462,8,11,2024-10-14 12:00:00,16000.00,atendida,tarjeta,Yesid Romero Rojas,Corte + lavado,El Mono Barber
4073,987,22,10,2023-07-09 11:00:00,15000.00,atendida,tarjeta,Xiomara Morales Jiménez,Hidratacion capilar,Yeferson King
4074,1300,2,9,2024-11-29 08:00:00,15000.00,atendida,transferencia,Catalina Cruz Silva,Corte de cabello Basico + barba,Brayan Scissors
4075,1994,16,31,2024-05-15 15:00:00,8000.00,cancelada,transferencia,Nicolás Moreno Montoya,Barba completa,Cristian Fade
4076,618,19,6,2023-09-19 09:00:00,60000.00,cancelada,efectivo,Patricia Vega Gómez,Cejas + barba,Chelo Cuts
4077,541,19,4,2024-09-02 09:00:00,60000.00,atendida,transferencia,Monica Ocampo Salazar,Cejas + barba,Mateo Barber
4078,1841,6,23,2023-10-08 16:00:00,14000.00,atendida,tarjeta,Andrea Bedoya Ríos,Corte de cabello Basico + barba,Santi Premium
4079,974,11,4,2023-05-21 10:00:00,25000.00,cancelada,nequi,Cristian Reyes Vargas,Corte clasico,Mateo Barber
4080,159,10,14,2023-07-31 14:00:00,35000.00,atendida,transferencia,Yeison Guerrero Ruiz,Corte navaja,El Tigre Cuts
4081,687,15,19,2024-03-06 10:00:00,14000.00,cancelada,daviplata,Esteban Flores Gutiérrez,Tinte completo,Fercho Barber
4082,602,3,12,2024-10-24 15:00:00,8000.00,cancelada,nequi,Daniela Ospina Londoño,Arreglo de barba,Duvan Fresh
4083,1048,14,21,2024-02-28 18:00:00,15000.00,atendida,efectivo,Jhon Bedoya García,Corte + tinte,Wilmar Style
4084,393,25,18,2023-06-06 12:00:00,80000.00,atendida,transferencia,Melissa Castro Pérez,Corte + hidratacion,Nico Estilo
4085,983,22,15,2023-12-13 15:00:00,15000.00,atendida,tarjeta,Yesid Martínez Rodríguez,Hidratacion capilar,Jhon Navajas
4086,920,28,24,2024-02-10 16:00:00,55000.00,cancelada,daviplata,Diego Bedoya Gutiérrez,Pack novio completo,El Negro Barber
4087,823,29,26,2024-03-17 08:00:00,50000.00,atendida,efectivo,Cristian Londoño Mendoza,Coloracion fantasia,Andres El Pro
4088,1486,12,3,2023-08-13 18:00:00,12000.00,cancelada,efectivo,Natalia Correa Delgado,Corte moderno,Juancho El Indio
4089,1083,9,11,2024-07-26 12:00:00,10000.00,atendida,transferencia,Mauricio Rojas Reyes,Corte degradado,El Mono Barber
4090,308,4,24,2023-05-23 12:00:00,18000.00,atendida,nequi,Xiomara Salazar Ramos,Corte + lavado,El Negro Barber
4091,689,2,27,2023-07-03 10:00:00,15000.00,atendida,transferencia,Laura Montoya Henao,Corte de cabello Basico + barba,Tomas Clipper
4092,2021,4,9,2024-07-06 18:00:00,18000.00,atendida,tarjeta,Valentina Ruiz Ospina,Corte + lavado,Brayan Scissors
4093,35,29,30,2024-06-18 12:00:00,50000.00,atendida,tarjeta,David Ríos Mendoza,Coloracion fantasia,Pipe Navajas
4094,306,29,31,2024-04-23 15:00:00,50000.00,atendida,daviplata,Wilmar Correa Ocampo,Coloracion fantasia,Cristian Fade
4095,1104,20,19,2024-01-05 10:00:00,22000.00,atendida,nequi,Alejandro López Ospina,Depilacion de cejas,Fercho Barber
4096,352,18,4,2023-07-13 17:00:00,22000.00,cancelada,efectivo,Yulieth García Ramírez,Afeitado clasico navaja,Mateo Barber
4097,1037,8,11,2023-10-11 15:00:00,16000.00,atendida,tarjeta,Daniela Londoño Parra,Corte + lavado,El Mono Barber
4098,1572,11,16,2024-01-26 08:00:00,25000.00,cancelada,transferencia,Fernando Martínez Rivera,Corte clasico,Sebastián Blade
4099,241,20,26,2023-05-01 16:00:00,22000.00,atendida,efectivo,Samuel Reyes Moreno,Depilacion de cejas,Andres El Pro
4100,1183,25,7,2023-10-20 11:00:00,80000.00,atendida,efectivo,Mariana Delgado Jiménez,Corte + hidratacion,Pipe El Crack
4101,569,20,5,2023-06-06 12:00:00,22000.00,atendida,daviplata,Felipe Gutiérrez Silva,Depilacion de cejas,El Vikingo
4102,1760,11,11,2024-08-13 17:00:00,25000.00,cancelada,daviplata,Mauricio González Herrera,Corte clasico,El Mono Barber
4103,786,1,24,2023-10-09 12:00:00,12000.00,cancelada,daviplata,Leidy Flores Cruz,Corte de cabello Basico,El Negro Barber
4104,1396,10,15,2024-11-25 09:00:00,35000.00,cancelada,tarjeta,Paula Cárdenas Correa,Corte navaja,Jhon Navajas
4105,719,16,16,2024-01-03 11:00:00,8000.00,cancelada,tarjeta,Ricardo Zapata Cruz,Barba completa,Sebastián Blade
4106,942,23,10,2023-10-04 09:00:00,30000.00,atendida,daviplata,Sara Pérez González,Keratina,Yeferson King
4107,269,27,18,2023-09-11 11:00:00,22000.00,atendida,transferencia,Yulieth Ospina López,Tratamiento anticaida,Nico Estilo
4108,1940,10,31,2024-01-02 18:00:00,35000.00,cancelada,nequi,Oscar Reyes Martínez,Corte navaja,Cristian Fade
4109,1813,27,3,2024-03-21 17:00:00,22000.00,atendida,transferencia,Diego Guerrero Martínez,Tratamiento anticaida,Juancho El Indio
4110,481,9,25,2024-10-04 11:00:00,10000.00,cancelada,efectivo,Hernán Herrera Sánchez,Corte degradado,Lucho Precision
4111,771,24,7,2023-06-25 15:00:00,50000.00,cancelada,transferencia,Patricia Mendoza Peña,Corte + barba + cejas,Pipe El Crack
4112,1049,22,12,2023-08-10 08:00:00,15000.00,atendida,tarjeta,Isabella Morales Medina,Hidratacion capilar,Duvan Fresh
4113,315,21,19,2023-10-05 11:00:00,25000.00,atendida,tarjeta,Andrés Cruz Vega,Limpieza facial,Fercho Barber
4114,825,22,11,2024-03-29 17:00:00,15000.00,atendida,efectivo,Sebastián Silva Gutiérrez,Hidratacion capilar,El Mono Barber
4115,1506,21,6,2023-05-10 18:00:00,25000.00,cancelada,transferencia,Mauricio Muñoz Parra,Limpieza facial,Chelo Cuts
4116,1335,3,6,2024-09-02 09:00:00,8000.00,cancelada,efectivo,Sebastián García Morales,Arreglo de barba,Chelo Cuts
4117,813,14,27,2023-06-21 10:00:00,15000.00,atendida,transferencia,Wilmar Rivera Muñoz,Corte + tinte,Tomas Clipper
4118,546,17,27,2024-08-18 10:00:00,20000.00,atendida,transferencia,Sofia García Parra,Barba + hidratacion,Tomas Clipper
4119,817,25,5,2023-06-17 15:00:00,80000.00,atendida,efectivo,Raúl Peña García,Corte + hidratacion,El Vikingo
4120,1560,23,31,2023-12-07 17:00:00,30000.00,atendida,efectivo,Jorge Peña Correa,Keratina,Cristian Fade
4121,1791,30,31,2023-01-13 15:00:00,40000.00,cancelada,tarjeta,Johana Cruz Ospina,Corte + lavado + barba,Cristian Fade
4122,585,25,15,2024-01-26 10:00:00,80000.00,cancelada,efectivo,Fabian Correa Flores,Corte + hidratacion,Jhon Navajas
4123,285,24,8,2023-01-20 10:00:00,50000.00,cancelada,nequi,Paola Ocampo Vargas,Corte + barba + cejas,Tato Fade
4124,1334,11,16,2024-10-29 08:00:00,25000.00,atendida,efectivo,Isabella Herrera Ríos,Corte clasico,Sebastián Blade
4125,1205,8,17,2023-07-30 14:00:00,16000.00,atendida,tarjeta,Ferney Sánchez Arias,Corte + lavado,Kevin El Maestro
4126,1817,25,27,2024-04-27 09:00:00,80000.00,atendida,daviplata,Wilmar González Ortiz,Corte + hidratacion,Tomas Clipper
4127,438,2,24,2023-04-07 17:00:00,15000.00,cancelada,daviplata,Ferney Rodríguez González,Corte de cabello Basico + barba,El Negro Barber
4128,1654,8,4,2024-06-09 16:00:00,16000.00,atendida,efectivo,Paola Guerrero Guerrero,Corte + lavado,Mateo Barber
4129,843,21,22,2024-01-11 18:00:00,25000.00,cancelada,daviplata,Esteban Torres Ramos,Limpieza facial,Diego Fadero
4130,735,12,30,2024-04-19 09:00:00,12000.00,cancelada,daviplata,Marcela Ramos Ocampo,Corte moderno,Pipe Navajas
4131,1489,24,16,2024-01-16 08:00:00,50000.00,atendida,efectivo,Isabella Londoño Correa,Corte + barba + cejas,Sebastián Blade
4132,427,2,4,2024-05-15 17:00:00,15000.00,atendida,efectivo,Valentina Londoño Delgado,Corte de cabello Basico + barba,Mateo Barber
4133,1085,2,10,2024-05-18 15:00:00,15000.00,atendida,efectivo,Sofia Gómez Cárdenas,Corte de cabello Basico + barba,Yeferson King
4134,1929,17,20,2023-11-26 17:00:00,20000.00,cancelada,tarjeta,Jorge Suárez Medina,Barba + hidratacion,El Paisa Cuts
4135,476,26,13,2023-02-01 11:00:00,50000.00,atendida,nequi,Mariana Ortiz Mendoza,Masaje capilar,Camilo Pro
4136,1572,18,9,2023-08-11 11:00:00,22000.00,cancelada,nequi,Fernando Martínez Rivera,Afeitado clasico navaja,Brayan Scissors
4137,459,28,26,2024-09-01 08:00:00,55000.00,cancelada,efectivo,David Zapata Herrera,Pack novio completo,Andres El Pro
4138,1914,4,12,2023-04-12 12:00:00,18000.00,atendida,nequi,Melissa Ramírez Ramírez,Corte + lavado,Duvan Fresh
4139,1928,21,11,2024-12-12 18:00:00,25000.00,cancelada,efectivo,Leidy Silva Ocampo,Limpieza facial,El Mono Barber
4140,1396,12,6,2024-01-12 12:00:00,12000.00,atendida,nequi,Paula Cárdenas Correa,Corte moderno,Chelo Cuts
4141,929,30,28,2024-03-26 17:00:00,40000.00,cancelada,transferencia,Carolina García Rojas,Corte + lavado + barba,Yeison Barber
4142,1487,27,28,2023-10-15 17:00:00,22000.00,atendida,nequi,Yeison Delgado Martínez,Tratamiento anticaida,Yeison Barber
4143,1010,23,12,2024-02-28 15:00:00,30000.00,cancelada,daviplata,Jhon Pérez Ramos,Keratina,Duvan Fresh
4144,939,28,24,2023-05-30 18:00:00,55000.00,atendida,daviplata,Adriana Cruz Cruz,Pack novio completo,El Negro Barber
4145,66,15,10,2024-08-01 16:00:00,14000.00,atendida,efectivo,Angie Flores Muñoz,Tinte completo,Yeferson King
4146,1395,10,7,2023-05-18 08:00:00,35000.00,atendida,daviplata,Santiago Cárdenas García,Corte navaja,Pipe El Crack
4147,1465,18,21,2024-10-12 16:00:00,22000.00,atendida,nequi,Sebastián Cruz Zapata,Afeitado clasico navaja,Wilmar Style
4148,760,18,16,2023-06-22 08:00:00,22000.00,cancelada,daviplata,Wilmar Henao Montoya,Afeitado clasico navaja,Sebastián Blade
4149,1030,7,28,2024-05-11 18:00:00,13000.00,atendida,daviplata,David Ruiz García,Arreglo de barba,Yeison Barber
4150,564,21,13,2024-11-06 18:00:00,25000.00,atendida,transferencia,Fernando Ocampo Suárez,Limpieza facial,Camilo Pro
4151,1336,5,5,2024-12-23 18:00:00,15000.00,atendida,transferencia,Nathaly Medina Parra,Corte de cabello Basico,El Vikingo
4152,920,15,8,2023-07-12 08:00:00,14000.00,atendida,nequi,Diego Bedoya Gutiérrez,Tinte completo,Tato Fade
4153,1164,4,13,2024-10-17 09:00:00,18000.00,atendida,daviplata,Deisy Herrera Ruiz,Corte + lavado,Camilo Pro
4154,167,29,7,2023-07-22 17:00:00,50000.00,atendida,nequi,Sofia Suárez Moreno,Coloracion fantasia,Pipe El Crack
4155,600,8,11,2023-07-06 16:00:00,16000.00,atendida,efectivo,Ferney López Arias,Corte + lavado,El Mono Barber
4156,1398,3,13,2023-01-14 09:00:00,8000.00,atendida,efectivo,Cristian Rodríguez Romero,Arreglo de barba,Camilo Pro
4157,513,7,23,2024-01-25 08:00:00,13000.00,atendida,tarjeta,Natalia Flores Guerrero,Arreglo de barba,Santi Premium
4158,340,2,29,2023-07-11 12:00:00,15000.00,atendida,nequi,Alejandro Ramos Montoya,Corte de cabello Basico + barba,El Calvo Cuts
4159,987,14,12,2023-02-17 10:00:00,15000.00,cancelada,tarjeta,Xiomara Morales Jiménez,Corte + tinte,Duvan Fresh
4160,685,14,24,2023-07-09 09:00:00,15000.00,cancelada,nequi,Oscar Morales Cárdenas,Corte + tinte,El Negro Barber
4161,1832,26,21,2023-01-18 16:00:00,50000.00,atendida,nequi,Lucia Ramos Jiménez,Masaje capilar,Wilmar Style
4162,1333,21,26,2023-12-09 18:00:00,25000.00,cancelada,tarjeta,Mateo Ocampo Rivera,Limpieza facial,Andres El Pro
4163,1460,4,19,2023-02-05 08:00:00,18000.00,atendida,efectivo,Patricia Correa Ríos,Corte + lavado,Fercho Barber
4164,147,22,17,2024-12-25 08:00:00,15000.00,atendida,tarjeta,Sara Parra Morales,Hidratacion capilar,Kevin El Maestro
4165,2013,19,9,2024-04-21 09:00:00,60000.00,cancelada,efectivo,Isabella Bedoya Jiménez,Cejas + barba,Brayan Scissors
4166,1478,5,28,2024-10-18 17:00:00,15000.00,atendida,efectivo,Esteban Gutiérrez Ríos,Corte de cabello Basico,Yeison Barber
4167,1796,4,26,2024-10-11 18:00:00,18000.00,atendida,nequi,Nicolás Delgado Vega,Corte + lavado,Andres El Pro
4168,776,12,6,2023-05-18 12:00:00,12000.00,atendida,nequi,Sergio Martínez Rodríguez,Corte moderno,Chelo Cuts
4169,1063,23,3,2024-09-09 16:00:00,30000.00,atendida,tarjeta,Maria Vargas González,Keratina,Juancho El Indio
4170,1479,11,27,2024-02-14 11:00:00,25000.00,atendida,tarjeta,Carolina Peña Peña,Corte clasico,Tomas Clipper
4171,1731,17,17,2023-04-20 09:00:00,20000.00,atendida,transferencia,Camila González Ríos,Barba + hidratacion,Kevin El Maestro
4172,1940,26,7,2023-09-06 15:00:00,50000.00,atendida,efectivo,Oscar Reyes Martínez,Masaje capilar,Pipe El Crack
4173,1622,23,4,2024-01-30 15:00:00,30000.00,atendida,transferencia,Diana Ruiz Ortiz,Keratina,Mateo Barber
4174,532,27,3,2024-11-20 08:00:00,22000.00,atendida,nequi,Felipe Espinoza Zapata,Tratamiento anticaida,Juancho El Indio
4175,1861,3,13,2024-03-26 10:00:00,8000.00,atendida,nequi,Fernando Rojas Parra,Arreglo de barba,Camilo Pro
4176,1947,19,15,2024-08-30 12:00:00,60000.00,cancelada,efectivo,Monica Rojas Ocampo,Cejas + barba,Jhon Navajas
4177,1232,1,15,2024-02-29 11:00:00,12000.00,atendida,daviplata,Camila Castro Peña,Corte de cabello Basico,Jhon Navajas
4178,302,19,8,2023-05-11 09:00:00,60000.00,cancelada,nequi,Camila Muñoz Castro,Cejas + barba,Tato Fade
4179,632,21,12,2024-03-21 18:00:00,25000.00,atendida,transferencia,Hernán Ocampo Guerrero,Limpieza facial,Duvan Fresh
4180,794,16,31,2024-02-05 11:00:00,8000.00,cancelada,tarjeta,Angie Pérez Morales,Barba completa,Cristian Fade
4181,321,5,20,2023-07-14 17:00:00,15000.00,atendida,efectivo,Andrés Rivera Salazar,Corte de cabello Basico,El Paisa Cuts
4182,1893,12,8,2023-03-11 12:00:00,12000.00,atendida,efectivo,Valentina Espinoza Vargas,Corte moderno,Tato Fade
4183,1138,2,28,2024-08-04 14:00:00,15000.00,cancelada,tarjeta,Jhon Espinoza Ruiz,Corte de cabello Basico + barba,Yeison Barber
4184,899,29,19,2023-12-25 18:00:00,50000.00,cancelada,daviplata,Valentina Delgado Flores,Coloracion fantasia,Fercho Barber
4185,2021,6,30,2023-02-12 17:00:00,14000.00,atendida,nequi,Valentina Ruiz Ospina,Corte de cabello Basico + barba,Pipe Navajas
4186,1315,9,6,2024-03-27 08:00:00,10000.00,atendida,daviplata,Daniela Vega Silva,Corte degradado,Chelo Cuts
4187,1546,21,11,2023-08-25 12:00:00,25000.00,atendida,nequi,Sofia Londoño Arias,Limpieza facial,El Mono Barber
4188,1514,26,29,2024-07-19 17:00:00,50000.00,cancelada,nequi,Mauricio Rodríguez Medina,Masaje capilar,El Calvo Cuts
4189,256,7,9,2024-01-20 12:00:00,13000.00,atendida,nequi,Diego Salazar Díaz,Arreglo de barba,Brayan Scissors
4190,88,10,2,2024-09-26 16:00:00,35000.00,cancelada,transferencia,Gabriela Parra Peña,Corte navaja,Maicol Style
4191,1174,10,9,2024-07-12 08:00:00,35000.00,atendida,transferencia,Diego Gutiérrez Guerrero,Corte navaja,Brayan Scissors
4192,1037,18,20,2023-08-04 12:00:00,22000.00,atendida,transferencia,Daniela Londoño Parra,Afeitado clasico navaja,El Paisa Cuts
4193,1942,18,9,2023-09-01 08:00:00,22000.00,atendida,nequi,Nathaly Ramos García,Afeitado clasico navaja,Brayan Scissors
4194,885,6,8,2024-04-22 12:00:00,14000.00,cancelada,tarjeta,Sara Herrera Moreno,Corte de cabello Basico + barba,Tato Fade
4195,1182,23,21,2024-08-24 18:00:00,30000.00,cancelada,tarjeta,Paola Vargas Delgado,Keratina,Wilmar Style
4196,1086,27,24,2024-09-20 15:00:00,22000.00,atendida,tarjeta,Angie Espinoza Ríos,Tratamiento anticaida,El Negro Barber
4197,1861,27,15,2024-07-21 14:00:00,22000.00,atendida,transferencia,Fernando Rojas Parra,Tratamiento anticaida,Jhon Navajas
4198,1071,23,19,2023-11-15 14:00:00,30000.00,cancelada,daviplata,Natalia Ocampo Rodríguez,Keratina,Fercho Barber
4199,1190,8,2,2023-06-05 18:00:00,16000.00,cancelada,efectivo,Johana Mendoza Reyes,Corte + lavado,Maicol Style
4200,551,21,2,2024-04-19 12:00:00,25000.00,cancelada,nequi,Natalia Martínez Díaz,Limpieza facial,Maicol Style
4201,1504,22,9,2023-02-04 16:00:00,15000.00,cancelada,tarjeta,Yeison Montoya López,Hidratacion capilar,Brayan Scissors
4202,794,1,8,2024-10-17 17:00:00,12000.00,atendida,efectivo,Angie Pérez Morales,Corte de cabello Basico,Tato Fade
4203,400,16,28,2023-08-01 09:00:00,8000.00,atendida,efectivo,Catalina Ruiz Bedoya,Barba completa,Yeison Barber
4204,1376,15,12,2024-11-27 14:00:00,14000.00,atendida,efectivo,Raúl Martínez Zapata,Tinte completo,Duvan Fresh
4205,1033,29,19,2024-04-28 15:00:00,50000.00,cancelada,transferencia,Alejandro Ramos Medina,Coloracion fantasia,Fercho Barber
4206,584,30,30,2024-11-21 08:00:00,40000.00,atendida,daviplata,Diego Salazar Ramos,Corte + lavado + barba,Pipe Navajas
4207,333,20,18,2024-09-21 17:00:00,22000.00,atendida,transferencia,Samuel Reyes Pérez,Depilacion de cejas,Nico Estilo
4208,1169,29,22,2024-07-29 09:00:00,50000.00,atendida,nequi,Jhon Reyes Herrera,Coloracion fantasia,Diego Fadero
4209,816,12,21,2024-05-15 11:00:00,12000.00,atendida,efectivo,Brayan Salazar Pérez,Corte moderno,Wilmar Style
4210,459,23,20,2024-11-20 11:00:00,30000.00,atendida,efectivo,David Zapata Herrera,Keratina,El Paisa Cuts
4211,1575,28,23,2023-06-18 12:00:00,55000.00,atendida,tarjeta,Carolina García Jiménez,Pack novio completo,Santi Premium
4212,883,10,26,2023-12-26 17:00:00,35000.00,atendida,efectivo,Patricia Henao Martínez,Corte navaja,Andres El Pro
4213,150,27,8,2024-12-18 15:00:00,22000.00,cancelada,transferencia,Rodrigo Correa Arias,Tratamiento anticaida,Tato Fade
4214,1983,16,31,2024-03-20 18:00:00,8000.00,atendida,transferencia,Lizeth Pérez Cruz,Barba completa,Cristian Fade
4215,291,11,28,2024-06-14 10:00:00,25000.00,atendida,nequi,Lizeth González Muñoz,Corte clasico,Yeison Barber
4216,518,9,11,2024-01-05 09:00:00,10000.00,cancelada,nequi,Raúl Rojas Arias,Corte degradado,El Mono Barber
4217,1493,25,21,2023-09-29 10:00:00,80000.00,atendida,transferencia,Julián Moreno Gutiérrez,Corte + hidratacion,Wilmar Style
4218,855,14,11,2023-03-22 10:00:00,15000.00,atendida,tarjeta,Sofia Zapata González,Corte + tinte,El Mono Barber
4219,1121,14,10,2024-05-16 12:00:00,15000.00,atendida,efectivo,Carlos Rivera Ocampo,Corte + tinte,Yeferson King
4220,926,29,8,2024-12-29 11:00:00,50000.00,atendida,tarjeta,Diego Herrera Torres,Coloracion fantasia,Tato Fade
4221,893,8,3,2024-07-31 09:00:00,16000.00,cancelada,tarjeta,Nathaly Sánchez Rodríguez,Corte + lavado,Juancho El Indio
4222,1471,17,6,2023-04-19 09:00:00,20000.00,cancelada,tarjeta,Mauricio Correa Montoya,Barba + hidratacion,Chelo Cuts
4223,1861,16,22,2023-10-21 18:00:00,8000.00,atendida,tarjeta,Fernando Rojas Parra,Barba completa,Diego Fadero
4224,1530,23,12,2024-05-18 15:00:00,30000.00,atendida,daviplata,Yulieth Correa Vargas,Keratina,Duvan Fresh
4225,1067,14,15,2023-03-11 18:00:00,15000.00,atendida,daviplata,Sebastián Gómez Suárez,Corte + tinte,Jhon Navajas
4226,418,27,25,2023-08-24 18:00:00,22000.00,atendida,daviplata,Felipe Reyes Zapata,Tratamiento anticaida,Lucho Precision
4227,1017,30,16,2023-12-18 16:00:00,40000.00,cancelada,tarjeta,Deisy Arias Ocampo,Corte + lavado + barba,Sebastián Blade
4228,981,22,19,2023-06-17 14:00:00,15000.00,atendida,nequi,Catalina Ruiz Castro,Hidratacion capilar,Fercho Barber
4229,1921,23,17,2023-10-26 15:00:00,30000.00,atendida,transferencia,Johana Ospina Ortiz,Keratina,Kevin El Maestro
4230,1002,15,31,2024-08-18 16:00:00,14000.00,atendida,tarjeta,Miguel Arias Arias,Tinte completo,Cristian Fade
4231,43,25,10,2024-06-10 16:00:00,80000.00,atendida,transferencia,Fabian Peña Cárdenas,Corte + hidratacion,Yeferson King
4232,1156,27,18,2024-02-24 09:00:00,22000.00,atendida,tarjeta,Cristian Gutiérrez Gutiérrez,Tratamiento anticaida,Nico Estilo
4233,1303,13,18,2023-07-28 11:00:00,18000.00,atendida,efectivo,Monica Peña Martínez,Corte infantil,Nico Estilo
4234,1494,21,12,2024-04-29 16:00:00,25000.00,atendida,efectivo,Nathaly Silva Moreno,Limpieza facial,Duvan Fresh
4235,834,18,6,2023-11-29 11:00:00,22000.00,cancelada,transferencia,Mateo García Torres,Afeitado clasico navaja,Chelo Cuts
4236,1128,7,11,2024-06-18 15:00:00,13000.00,atendida,transferencia,Camila Castro Flores,Arreglo de barba,El Mono Barber
4237,317,13,3,2024-07-13 11:00:00,18000.00,cancelada,nequi,Jorge Morales Castro,Corte infantil,Juancho El Indio
4238,1194,7,12,2024-09-14 12:00:00,13000.00,atendida,tarjeta,Laura Vargas Peña,Arreglo de barba,Duvan Fresh
4239,1657,10,9,2024-06-30 12:00:00,35000.00,atendida,daviplata,Catalina Parra Moreno,Corte navaja,Brayan Scissors
4240,1303,13,2,2023-06-25 09:00:00,18000.00,atendida,tarjeta,Monica Peña Martínez,Corte infantil,Maicol Style
4241,1393,10,13,2023-09-24 10:00:00,35000.00,atendida,efectivo,Valentina Suárez Morales,Corte navaja,Camilo Pro
4242,1102,10,24,2024-04-27 12:00:00,35000.00,atendida,nequi,Raúl Vega Guerrero,Corte navaja,El Negro Barber
4243,432,26,11,2023-02-09 09:00:00,50000.00,atendida,transferencia,Yesid García Ramírez,Masaje capilar,El Mono Barber
4244,1670,14,14,2023-02-13 09:00:00,15000.00,atendida,tarjeta,Gabriela Parra Parra,Corte + tinte,El Tigre Cuts
4245,1745,3,28,2024-03-19 16:00:00,8000.00,atendida,nequi,Carolina Ocampo González,Arreglo de barba,Yeison Barber
4246,1887,6,14,2024-08-01 14:00:00,14000.00,cancelada,efectivo,Patricia Ruiz Henao,Corte de cabello Basico + barba,El Tigre Cuts
4247,1420,21,16,2024-11-06 14:00:00,25000.00,atendida,transferencia,Maria Ospina Salazar,Limpieza facial,Sebastián Blade
4248,1590,18,2,2023-03-27 18:00:00,22000.00,atendida,daviplata,Paula Ospina Guerrero,Afeitado clasico navaja,Maicol Style
4249,62,8,13,2023-06-04 11:00:00,16000.00,atendida,tarjeta,Angie Rivera Vargas,Corte + lavado,Camilo Pro
4250,439,7,16,2024-09-10 14:00:00,13000.00,cancelada,tarjeta,Monica Ríos Rodríguez,Arreglo de barba,Sebastián Blade
4251,230,30,27,2023-05-05 08:00:00,40000.00,cancelada,tarjeta,Kevin Ríos Arias,Corte + lavado + barba,Tomas Clipper
4252,703,10,2,2024-08-08 18:00:00,35000.00,atendida,nequi,Fabian Rojas Ortiz,Corte navaja,Maicol Style
4253,106,24,14,2024-08-03 08:00:00,50000.00,cancelada,daviplata,Hernán Londoño Zapata,Corte + barba + cejas,El Tigre Cuts
4254,1421,8,14,2024-01-28 16:00:00,16000.00,cancelada,daviplata,Felipe Ospina Vargas,Corte + lavado,El Tigre Cuts
4255,1775,12,6,2023-11-02 08:00:00,12000.00,atendida,transferencia,Paola García Cruz,Corte moderno,Chelo Cuts
4256,941,15,9,2023-01-06 18:00:00,14000.00,atendida,daviplata,Rodrigo Flores Arias,Tinte completo,Brayan Scissors
4257,247,22,21,2024-11-18 09:00:00,15000.00,cancelada,tarjeta,Mateo Guerrero Londoño,Hidratacion capilar,Wilmar Style
4258,1209,10,4,2024-05-09 16:00:00,35000.00,atendida,nequi,Yesid Salazar Reyes,Corte navaja,Mateo Barber
4259,1403,19,8,2023-06-03 15:00:00,60000.00,atendida,efectivo,Monica Gómez Bedoya,Cejas + barba,Tato Fade
4260,1211,8,21,2024-02-03 15:00:00,16000.00,atendida,daviplata,Laura Reyes Peña,Corte + lavado,Wilmar Style
4261,893,11,16,2023-05-06 17:00:00,25000.00,cancelada,efectivo,Nathaly Sánchez Rodríguez,Corte clasico,Sebastián Blade
4262,1706,22,17,2024-10-12 15:00:00,15000.00,atendida,tarjeta,Dayana Mendoza Ocampo,Hidratacion capilar,Kevin El Maestro
4263,443,5,26,2024-11-26 11:00:00,15000.00,atendida,transferencia,Hernán Muñoz Vargas,Corte de cabello Basico,Andres El Pro
4264,99,13,14,2023-07-03 16:00:00,18000.00,atendida,transferencia,Deisy Henao Herrera,Corte infantil,El Tigre Cuts
4265,347,2,18,2024-09-06 17:00:00,15000.00,atendida,efectivo,Paola Torres Reyes,Corte de cabello Basico + barba,Nico Estilo
4266,1973,10,11,2024-12-11 18:00:00,35000.00,atendida,daviplata,Dayana Rodríguez Londoño,Corte navaja,El Mono Barber
4267,802,19,23,2024-10-11 14:00:00,60000.00,atendida,tarjeta,Carolina Herrera Medina,Cejas + barba,Santi Premium
4268,74,9,25,2024-11-19 12:00:00,10000.00,atendida,transferencia,Carlos Rivera Cárdenas,Corte degradado,Lucho Precision
4269,497,16,30,2023-09-03 14:00:00,8000.00,atendida,efectivo,Felipe Londoño Jiménez,Barba completa,Pipe Navajas
4270,564,30,15,2023-05-04 14:00:00,40000.00,atendida,nequi,Fernando Ocampo Suárez,Corte + lavado + barba,Jhon Navajas
4271,605,29,25,2024-09-13 18:00:00,50000.00,cancelada,tarjeta,Santiago Morales Herrera,Coloracion fantasia,Lucho Precision
4272,1528,2,17,2024-08-18 18:00:00,15000.00,atendida,daviplata,Catalina Arias Ortiz,Corte de cabello Basico + barba,Kevin El Maestro
4273,1675,24,20,2024-12-07 16:00:00,50000.00,atendida,efectivo,Patricia Martínez Pérez,Corte + barba + cejas,El Paisa Cuts
4274,1014,14,31,2024-05-10 09:00:00,15000.00,atendida,efectivo,Julián Vargas Pérez,Corte + tinte,Cristian Fade
4275,388,16,8,2023-01-28 17:00:00,8000.00,atendida,efectivo,Mariana Moreno Morales,Barba completa,Tato Fade
4276,650,1,10,2024-07-08 14:00:00,12000.00,cancelada,efectivo,Jhon Flores Cruz,Corte de cabello Basico,Yeferson King
4277,1124,6,9,2023-06-14 09:00:00,14000.00,atendida,tarjeta,Kevin Mendoza Londoño,Corte de cabello Basico + barba,Brayan Scissors
4278,1805,25,9,2023-05-21 15:00:00,80000.00,atendida,transferencia,Sebastián Ríos Rivera,Corte + hidratacion,Brayan Scissors
4279,1522,26,3,2023-11-19 09:00:00,50000.00,atendida,transferencia,Ricardo Castro Suárez,Masaje capilar,Juancho El Indio
4280,579,22,15,2024-05-02 17:00:00,15000.00,atendida,nequi,Andrea Vargas Ramos,Hidratacion capilar,Jhon Navajas
4281,1617,11,14,2023-01-26 18:00:00,25000.00,atendida,efectivo,Claudia Flores Rivera,Corte clasico,El Tigre Cuts
4282,1208,8,17,2024-01-10 10:00:00,16000.00,atendida,nequi,Sebastián Parra Guerrero,Corte + lavado,Kevin El Maestro
4283,1316,25,12,2023-10-04 17:00:00,80000.00,atendida,efectivo,Monica Muñoz Ocampo,Corte + hidratacion,Duvan Fresh
4284,451,26,8,2024-11-28 16:00:00,50000.00,atendida,daviplata,Johana Sánchez Peña,Masaje capilar,Tato Fade
4285,1694,30,28,2024-05-10 16:00:00,40000.00,cancelada,tarjeta,Natalia Martínez Ospina,Corte + lavado + barba,Yeison Barber
4286,1821,10,17,2023-06-07 18:00:00,35000.00,atendida,nequi,Oscar Guerrero Ríos,Corte navaja,Kevin El Maestro
4287,195,16,19,2023-09-16 09:00:00,8000.00,atendida,nequi,Mauricio López Ramos,Barba completa,Fercho Barber
4288,343,3,30,2023-03-18 17:00:00,8000.00,atendida,efectivo,Sebastián Ruiz Espinoza,Arreglo de barba,Pipe Navajas
4289,908,21,21,2023-10-25 10:00:00,25000.00,atendida,daviplata,Sergio Ruiz Correa,Limpieza facial,Wilmar Style
4290,1747,23,22,2023-12-06 14:00:00,30000.00,cancelada,tarjeta,Sofia Muñoz Morales,Keratina,Diego Fadero
4291,267,13,22,2024-09-04 08:00:00,18000.00,atendida,transferencia,Lizeth Ramírez Torres,Corte infantil,Diego Fadero
4292,1573,25,12,2023-09-04 08:00:00,80000.00,atendida,efectivo,Samuel González Martínez,Corte + hidratacion,Duvan Fresh
4293,587,26,8,2024-10-09 10:00:00,50000.00,atendida,daviplata,Natalia Ortiz Pérez,Masaje capilar,Tato Fade
4294,1340,28,2,2023-11-04 18:00:00,55000.00,atendida,efectivo,Carlos Díaz Torres,Pack novio completo,Maicol Style
4295,570,10,8,2024-07-27 11:00:00,35000.00,atendida,tarjeta,Samuel Ospina Rojas,Corte navaja,Tato Fade
4296,1346,23,20,2024-09-27 08:00:00,30000.00,atendida,efectivo,Gabriela Ríos Jiménez,Keratina,El Paisa Cuts
4297,50,29,20,2024-01-06 17:00:00,50000.00,atendida,nequi,Leidy Montoya Ortiz,Coloracion fantasia,El Paisa Cuts
4298,476,6,15,2023-07-19 17:00:00,14000.00,atendida,daviplata,Mariana Ortiz Mendoza,Corte de cabello Basico + barba,Jhon Navajas
4299,598,24,20,2024-03-23 11:00:00,50000.00,atendida,efectivo,Ricardo Vargas Vega,Corte + barba + cejas,El Paisa Cuts
4300,1230,24,8,2024-10-12 17:00:00,50000.00,atendida,tarjeta,Alejandro Rodríguez Rivera,Corte + barba + cejas,Tato Fade
4301,428,24,30,2023-10-15 12:00:00,50000.00,cancelada,nequi,Adriana Rojas Silva,Corte + barba + cejas,Pipe Navajas
4302,1595,9,2,2024-10-16 10:00:00,10000.00,cancelada,efectivo,Andrea Morales Peña,Corte degradado,Maicol Style
4303,2020,5,21,2024-05-29 14:00:00,15000.00,atendida,nequi,Marcela Pérez Flores,Corte de cabello Basico,Wilmar Style
4304,1603,12,28,2024-04-12 18:00:00,12000.00,atendida,transferencia,Duvan Rodríguez Ríos,Corte moderno,Yeison Barber
4305,202,10,27,2023-01-24 16:00:00,35000.00,atendida,daviplata,Luis Ospina Martínez,Corte navaja,Tomas Clipper
4306,143,21,24,2023-11-08 09:00:00,25000.00,atendida,tarjeta,Johana Henao Pérez,Limpieza facial,El Negro Barber
4307,1319,24,21,2024-09-17 11:00:00,50000.00,atendida,transferencia,Ricardo Londoño Mendoza,Corte + barba + cejas,Wilmar Style
4308,1399,27,29,2024-05-14 08:00:00,22000.00,atendida,efectivo,Nicolás Ríos Ramos,Tratamiento anticaida,El Calvo Cuts
4309,999,22,8,2024-12-31 18:00:00,15000.00,cancelada,daviplata,Cristian Ocampo Reyes,Hidratacion capilar,Tato Fade
4310,1323,22,23,2024-03-03 11:00:00,15000.00,atendida,efectivo,Valentina Rivera Salazar,Hidratacion capilar,Santi Premium
4311,1358,25,23,2024-09-20 11:00:00,80000.00,atendida,transferencia,Xiomara Cárdenas Sánchez,Corte + hidratacion,Santi Premium
4312,1820,6,2,2023-01-21 08:00:00,14000.00,atendida,tarjeta,Ricardo Henao Rodríguez,Corte de cabello Basico + barba,Maicol Style
4313,1423,1,18,2024-07-20 17:00:00,12000.00,atendida,transferencia,Adriana Herrera Rodríguez,Corte de cabello Basico,Nico Estilo
4314,252,28,16,2024-03-05 16:00:00,55000.00,atendida,tarjeta,Andrés López Mendoza,Pack novio completo,Sebastián Blade
4315,1519,27,25,2023-04-13 14:00:00,22000.00,atendida,nequi,Claudia Muñoz Castro,Tratamiento anticaida,Lucho Precision
4316,1038,10,20,2024-01-09 14:00:00,35000.00,atendida,tarjeta,Kevin Guerrero Parra,Corte navaja,El Paisa Cuts
4317,850,23,10,2023-08-09 18:00:00,30000.00,atendida,nequi,Patricia Ocampo Bedoya,Keratina,Yeferson King
4318,857,12,12,2024-05-01 11:00:00,12000.00,atendida,transferencia,Wilmar Gutiérrez Medina,Corte moderno,Duvan Fresh
4319,1285,1,2,2024-04-30 16:00:00,12000.00,atendida,transferencia,Leidy Romero Castro,Corte de cabello Basico,Maicol Style
4320,273,6,13,2024-10-15 15:00:00,14000.00,atendida,daviplata,Wilmar Ramos Muñoz,Corte de cabello Basico + barba,Camilo Pro
4321,1433,25,8,2024-10-10 10:00:00,80000.00,atendida,transferencia,Rodrigo Díaz Ospina,Corte + hidratacion,Tato Fade
4322,138,28,17,2024-04-29 17:00:00,55000.00,cancelada,daviplata,Yesid Medina Peña,Pack novio completo,Kevin El Maestro
4323,1267,5,4,2024-05-31 12:00:00,15000.00,cancelada,tarjeta,Johana Herrera Díaz,Corte de cabello Basico,Mateo Barber
4324,578,21,22,2023-11-19 09:00:00,25000.00,atendida,daviplata,Ana Flores Sánchez,Limpieza facial,Diego Fadero
4325,1302,15,16,2023-01-13 11:00:00,14000.00,atendida,tarjeta,Natalia Vega Rojas,Tinte completo,Sebastián Blade
4326,1326,20,21,2024-01-04 14:00:00,22000.00,atendida,tarjeta,Ricardo Parra Torres,Depilacion de cejas,Wilmar Style
4327,657,6,15,2024-07-21 10:00:00,14000.00,atendida,transferencia,Brayan Mendoza Henao,Corte de cabello Basico + barba,Jhon Navajas
4328,1067,12,3,2024-01-30 16:00:00,12000.00,atendida,nequi,Sebastián Gómez Suárez,Corte moderno,Juancho El Indio
4329,87,16,5,2023-02-19 08:00:00,8000.00,atendida,nequi,Carlos García Ocampo,Barba completa,El Vikingo
4330,1649,13,3,2024-09-17 14:00:00,18000.00,atendida,transferencia,Brayan Morales García,Corte infantil,Juancho El Indio
4331,786,11,20,2023-12-20 17:00:00,25000.00,atendida,daviplata,Leidy Flores Cruz,Corte clasico,El Paisa Cuts
4332,1586,24,31,2024-05-18 08:00:00,50000.00,cancelada,daviplata,Andrés Vargas Sánchez,Corte + barba + cejas,Cristian Fade
4333,282,23,5,2023-06-21 09:00:00,30000.00,atendida,transferencia,Isabella Medina Gómez,Keratina,El Vikingo
4334,147,4,14,2023-07-15 17:00:00,18000.00,atendida,tarjeta,Sara Parra Morales,Corte + lavado,El Tigre Cuts
4335,946,23,15,2023-06-17 14:00:00,30000.00,cancelada,efectivo,Wilmar González Reyes,Keratina,Jhon Navajas
4336,1675,22,12,2024-06-23 10:00:00,15000.00,atendida,daviplata,Patricia Martínez Pérez,Hidratacion capilar,Duvan Fresh
4337,980,30,30,2024-05-15 09:00:00,40000.00,atendida,nequi,Monica Medina Suárez,Corte + lavado + barba,Pipe Navajas
4338,601,18,2,2023-03-11 16:00:00,22000.00,cancelada,tarjeta,Diego Ramos Mendoza,Afeitado clasico navaja,Maicol Style
4339,1251,3,20,2024-10-19 16:00:00,8000.00,cancelada,nequi,Maria Pérez Arias,Arreglo de barba,El Paisa Cuts
4340,1350,14,24,2024-01-08 16:00:00,15000.00,atendida,transferencia,Lucia Moreno Rodríguez,Corte + tinte,El Negro Barber
4341,1477,2,10,2024-11-17 15:00:00,15000.00,atendida,efectivo,Steven Medina Jiménez,Corte de cabello Basico + barba,Yeferson King
4342,399,5,17,2024-03-03 08:00:00,15000.00,atendida,nequi,Sergio Torres Flores,Corte de cabello Basico,Kevin El Maestro
4343,740,1,18,2024-01-13 08:00:00,12000.00,atendida,nequi,Angie Suárez Espinoza,Corte de cabello Basico,Nico Estilo
4344,911,10,8,2024-06-28 11:00:00,35000.00,atendida,daviplata,Cristian González Flores,Corte navaja,Tato Fade
4345,1932,16,29,2023-08-20 16:00:00,8000.00,atendida,daviplata,Paula Henao Moreno,Barba completa,El Calvo Cuts
4346,234,23,7,2023-09-14 16:00:00,30000.00,cancelada,tarjeta,Fernando López Henao,Keratina,Pipe El Crack
4347,55,18,31,2024-04-15 11:00:00,22000.00,atendida,tarjeta,Paula Martínez Londoño,Afeitado clasico navaja,Cristian Fade
4348,1369,10,8,2023-04-16 18:00:00,35000.00,atendida,tarjeta,Deisy Castro López,Corte navaja,Tato Fade
4349,864,8,28,2023-07-29 16:00:00,16000.00,atendida,transferencia,Laura Espinoza Montoya,Corte + lavado,Yeison Barber
4350,701,11,20,2023-09-26 11:00:00,25000.00,atendida,transferencia,Alejandro Ruiz Díaz,Corte clasico,El Paisa Cuts
4351,1289,3,24,2023-06-23 16:00:00,8000.00,atendida,daviplata,Carolina Ríos Correa,Arreglo de barba,El Negro Barber
4352,833,28,7,2024-09-13 10:00:00,55000.00,atendida,daviplata,Wilmar Ruiz García,Pack novio completo,Pipe El Crack
4353,685,10,21,2024-07-09 12:00:00,35000.00,atendida,daviplata,Oscar Morales Cárdenas,Corte navaja,Wilmar Style
4354,369,27,18,2023-06-20 11:00:00,22000.00,cancelada,tarjeta,Paula Medina Cruz,Tratamiento anticaida,Nico Estilo
4355,354,7,15,2023-10-04 08:00:00,13000.00,cancelada,nequi,Diana Zapata Gómez,Arreglo de barba,Jhon Navajas
4356,1919,16,9,2023-03-29 18:00:00,8000.00,atendida,efectivo,Camila Silva Ríos,Barba completa,Brayan Scissors
4357,1252,15,15,2023-04-22 12:00:00,14000.00,atendida,nequi,Angie Guerrero Medina,Tinte completo,Jhon Navajas
4358,619,17,27,2023-06-04 10:00:00,20000.00,atendida,daviplata,Kevin Espinoza González,Barba + hidratacion,Tomas Clipper
4359,41,24,14,2023-05-09 08:00:00,50000.00,atendida,daviplata,Leidy Díaz Salazar,Corte + barba + cejas,El Tigre Cuts
4360,1763,20,30,2024-02-13 08:00:00,22000.00,atendida,daviplata,Leidy Gutiérrez Correa,Depilacion de cejas,Pipe Navajas
4361,1801,15,18,2023-05-25 17:00:00,14000.00,atendida,tarjeta,Cristian López Torres,Tinte completo,Nico Estilo
4362,683,7,23,2024-05-24 17:00:00,13000.00,cancelada,transferencia,Jorge Salazar Guerrero,Arreglo de barba,Santi Premium
4363,638,15,29,2023-02-03 17:00:00,14000.00,cancelada,nequi,Jorge Pérez Ríos,Tinte completo,El Calvo Cuts
4364,1215,9,31,2024-06-16 17:00:00,10000.00,atendida,transferencia,Adriana Moreno Ramos,Corte degradado,Cristian Fade
4365,1168,9,13,2024-03-29 18:00:00,10000.00,atendida,efectivo,Ferney Torres Silva,Corte degradado,Camilo Pro
4366,330,10,4,2023-08-31 09:00:00,35000.00,atendida,tarjeta,Natalia Ruiz Jiménez,Corte navaja,Mateo Barber
4367,1321,18,3,2023-03-26 14:00:00,22000.00,atendida,efectivo,Melissa Henao Londoño,Afeitado clasico navaja,Juancho El Indio
4368,1688,7,13,2024-12-08 09:00:00,13000.00,atendida,daviplata,Nicolás González Herrera,Arreglo de barba,Camilo Pro
4369,1070,24,25,2024-05-16 09:00:00,50000.00,atendida,tarjeta,David Ocampo Gutiérrez,Corte + barba + cejas,Lucho Precision
4370,770,9,24,2023-10-24 16:00:00,10000.00,atendida,nequi,Sara Medina Flores,Corte degradado,El Negro Barber
4371,1285,5,12,2024-02-02 08:00:00,15000.00,atendida,transferencia,Leidy Romero Castro,Corte de cabello Basico,Duvan Fresh
4372,421,21,27,2024-08-10 18:00:00,25000.00,cancelada,nequi,Sara Vargas Londoño,Limpieza facial,Tomas Clipper
4373,1157,10,29,2024-02-22 18:00:00,35000.00,atendida,tarjeta,Sergio Muñoz Vargas,Corte navaja,El Calvo Cuts
4374,203,21,22,2024-06-15 15:00:00,25000.00,atendida,transferencia,Valentina Rodríguez Ramos,Limpieza facial,Diego Fadero
4375,1247,25,12,2024-01-18 10:00:00,80000.00,cancelada,transferencia,Fabian Zapata Arias,Corte + hidratacion,Duvan Fresh
4376,1080,22,22,2024-07-14 08:00:00,15000.00,atendida,nequi,Carlos Martínez Ocampo,Hidratacion capilar,Diego Fadero
4377,1480,18,24,2023-08-19 09:00:00,22000.00,cancelada,tarjeta,Andrés Ramos Arias,Afeitado clasico navaja,El Negro Barber
4378,968,30,19,2023-09-11 16:00:00,40000.00,atendida,daviplata,David Londoño González,Corte + lavado + barba,Fercho Barber
4379,166,12,4,2024-04-19 12:00:00,12000.00,atendida,efectivo,Lucia Pérez Romero,Corte moderno,Mateo Barber
4380,1738,4,12,2023-05-26 10:00:00,18000.00,atendida,efectivo,Patricia Castro Jiménez,Corte + lavado,Duvan Fresh
4381,632,18,7,2023-06-18 09:00:00,22000.00,atendida,tarjeta,Hernán Ocampo Guerrero,Afeitado clasico navaja,Pipe El Crack
4382,1572,15,13,2024-07-02 16:00:00,14000.00,atendida,tarjeta,Fernando Martínez Rivera,Tinte completo,Camilo Pro
4383,983,18,5,2023-08-04 10:00:00,22000.00,atendida,transferencia,Yesid Martínez Rodríguez,Afeitado clasico navaja,El Vikingo
4384,228,15,22,2023-02-05 08:00:00,14000.00,cancelada,efectivo,Ricardo Correa Martínez,Tinte completo,Diego Fadero
4385,868,23,15,2024-03-04 10:00:00,30000.00,cancelada,tarjeta,Marcela Ríos Vega,Keratina,Jhon Navajas
4386,971,14,4,2024-07-04 09:00:00,15000.00,atendida,tarjeta,Ferney Ramos Díaz,Corte + tinte,Mateo Barber
4387,86,12,15,2024-08-20 08:00:00,12000.00,cancelada,tarjeta,Angie Cárdenas Parra,Corte moderno,Jhon Navajas
4388,1415,14,11,2023-03-24 17:00:00,15000.00,atendida,transferencia,Valentina Gutiérrez Mendoza,Corte + tinte,El Mono Barber
4389,931,30,12,2024-04-26 15:00:00,40000.00,atendida,tarjeta,Claudia Torres Martínez,Corte + lavado + barba,Duvan Fresh
4390,1956,22,17,2023-10-30 08:00:00,15000.00,atendida,tarjeta,Hernán Ríos Cárdenas,Hidratacion capilar,Kevin El Maestro
4391,1880,18,14,2024-08-24 10:00:00,22000.00,atendida,daviplata,Adriana Arias Delgado,Afeitado clasico navaja,El Tigre Cuts
4392,290,11,13,2023-04-06 12:00:00,25000.00,atendida,transferencia,Diego Peña Ramírez,Corte clasico,Camilo Pro
4393,1355,17,14,2024-06-14 16:00:00,20000.00,atendida,tarjeta,Carolina Sánchez Ortiz,Barba + hidratacion,El Tigre Cuts
4394,54,25,22,2024-05-25 18:00:00,80000.00,atendida,efectivo,Nicolás Moreno Martínez,Corte + hidratacion,Diego Fadero
4395,77,1,9,2023-02-07 12:00:00,12000.00,atendida,efectivo,Gabriela Jiménez Londoño,Corte de cabello Basico,Brayan Scissors
4396,1886,18,3,2023-05-28 14:00:00,22000.00,atendida,nequi,Isabella González Delgado,Afeitado clasico navaja,Juancho El Indio
4397,1861,23,13,2024-06-24 15:00:00,30000.00,cancelada,daviplata,Fernando Rojas Parra,Keratina,Camilo Pro
4398,1283,8,12,2023-01-24 18:00:00,16000.00,atendida,daviplata,Mateo Ríos Zapata,Corte + lavado,Duvan Fresh
4399,1930,20,20,2024-08-05 08:00:00,22000.00,atendida,nequi,Alejandro Martínez Espinoza,Depilacion de cejas,El Paisa Cuts
4400,1464,21,3,2024-07-13 18:00:00,25000.00,cancelada,efectivo,Sergio Suárez López,Limpieza facial,Juancho El Indio
4401,1661,9,28,2023-02-10 10:00:00,10000.00,atendida,nequi,Marcela García Arias,Corte degradado,Yeison Barber
4402,1371,14,10,2023-05-31 10:00:00,15000.00,atendida,daviplata,Catalina Delgado Ocampo,Corte + tinte,Yeferson King
4403,1921,23,28,2023-09-21 12:00:00,30000.00,atendida,tarjeta,Johana Ospina Ortiz,Keratina,Yeison Barber
4404,1438,10,20,2024-10-06 17:00:00,35000.00,atendida,transferencia,Claudia Rojas Henao,Corte navaja,El Paisa Cuts
4405,1607,9,27,2024-05-08 10:00:00,10000.00,cancelada,tarjeta,Wilmar Zapata Espinoza,Corte degradado,Tomas Clipper
4406,1662,10,28,2023-01-03 09:00:00,35000.00,atendida,transferencia,Steven Sánchez Correa,Corte navaja,Yeison Barber
4407,1110,29,18,2023-03-01 09:00:00,50000.00,atendida,tarjeta,Oscar Delgado Castro,Coloracion fantasia,Nico Estilo
4408,943,8,21,2024-04-26 16:00:00,16000.00,atendida,daviplata,Lizeth Jiménez Cruz,Corte + lavado,Wilmar Style
4409,592,20,6,2023-08-07 12:00:00,22000.00,atendida,nequi,Claudia López Gutiérrez,Depilacion de cejas,Chelo Cuts
4410,1122,8,9,2023-09-16 17:00:00,16000.00,atendida,tarjeta,Paula Ospina Henao,Corte + lavado,Brayan Scissors
4411,989,12,19,2024-08-10 14:00:00,12000.00,atendida,nequi,Kevin Muñoz Espinoza,Corte moderno,Fercho Barber
4412,257,26,23,2024-06-09 15:00:00,50000.00,atendida,nequi,Sofia Rojas Cárdenas,Masaje capilar,Santi Premium
4413,1917,22,27,2024-02-13 18:00:00,15000.00,cancelada,daviplata,Jhon González Medina,Hidratacion capilar,Tomas Clipper
4414,1940,21,10,2023-07-22 14:00:00,25000.00,atendida,transferencia,Oscar Reyes Martínez,Limpieza facial,Yeferson King
4415,1430,4,29,2024-11-22 14:00:00,18000.00,atendida,nequi,Mariana Ruiz Delgado,Corte + lavado,El Calvo Cuts
4416,1952,24,21,2024-09-24 14:00:00,50000.00,atendida,efectivo,Leidy Ospina Gutiérrez,Corte + barba + cejas,Wilmar Style
4417,130,18,17,2024-08-15 10:00:00,22000.00,atendida,nequi,Camila Gutiérrez González,Afeitado clasico navaja,Kevin El Maestro
4418,1019,21,4,2023-11-12 15:00:00,25000.00,atendida,tarjeta,Santiago Parra Moreno,Limpieza facial,Mateo Barber
4419,430,20,8,2024-02-11 09:00:00,22000.00,atendida,transferencia,David Guerrero Torres,Depilacion de cejas,Tato Fade
4420,667,17,23,2023-09-06 15:00:00,20000.00,atendida,daviplata,Miguel López González,Barba + hidratacion,Santi Premium
4421,815,22,12,2023-08-28 08:00:00,15000.00,atendida,tarjeta,Johana Martínez Ramos,Hidratacion capilar,Duvan Fresh
4422,1083,20,15,2023-01-11 10:00:00,22000.00,atendida,daviplata,Mauricio Rojas Reyes,Depilacion de cejas,Jhon Navajas
4423,2007,14,16,2023-01-08 17:00:00,15000.00,atendida,nequi,Ferney Díaz Correa,Corte + tinte,Sebastián Blade
4424,544,26,24,2024-08-28 14:00:00,50000.00,atendida,daviplata,Nicolás Zapata Londoño,Masaje capilar,El Negro Barber
4425,1359,4,21,2023-10-22 14:00:00,18000.00,atendida,transferencia,Claudia Parra Rodríguez,Corte + lavado,Wilmar Style
4426,1363,12,12,2023-12-22 17:00:00,12000.00,atendida,tarjeta,Gabriela Ocampo Jiménez,Corte moderno,Duvan Fresh
4427,1403,23,24,2024-04-15 16:00:00,30000.00,atendida,nequi,Monica Gómez Bedoya,Keratina,El Negro Barber
4428,1825,12,27,2024-03-28 18:00:00,12000.00,atendida,nequi,Juan Ruiz Díaz,Corte moderno,Tomas Clipper
4429,295,1,18,2024-06-27 08:00:00,12000.00,cancelada,daviplata,Sebastián Jiménez Suárez,Corte de cabello Basico,Nico Estilo
4430,40,27,9,2024-04-13 11:00:00,22000.00,cancelada,nequi,Mariana Ospina Rivera,Tratamiento anticaida,Brayan Scissors
4431,1129,21,7,2023-05-14 09:00:00,25000.00,atendida,efectivo,Alejandro Gómez Vega,Limpieza facial,Pipe El Crack
4432,804,10,26,2023-12-09 16:00:00,35000.00,atendida,daviplata,Xiomara Zapata Reyes,Corte navaja,Andres El Pro
4433,1398,28,30,2024-03-25 15:00:00,55000.00,atendida,tarjeta,Cristian Rodríguez Romero,Pack novio completo,Pipe Navajas
4434,1444,6,31,2023-06-12 16:00:00,14000.00,atendida,tarjeta,Gabriela Castro Moreno,Corte de cabello Basico + barba,Cristian Fade
4435,1644,10,14,2023-06-08 11:00:00,35000.00,cancelada,transferencia,Felipe Vargas Reyes,Corte navaja,El Tigre Cuts
4436,1894,5,12,2024-04-01 17:00:00,15000.00,atendida,transferencia,Valentina Flores Jiménez,Corte de cabello Basico,Duvan Fresh
4437,1377,13,13,2023-09-14 14:00:00,18000.00,cancelada,transferencia,Claudia Ospina Vargas,Corte infantil,Camilo Pro
4438,723,26,6,2023-01-13 09:00:00,50000.00,atendida,daviplata,Sofia López Espinoza,Masaje capilar,Chelo Cuts
4439,1044,3,22,2024-08-07 11:00:00,8000.00,atendida,daviplata,Miguel Vargas Salazar,Arreglo de barba,Diego Fadero
4440,1593,30,22,2024-11-03 17:00:00,40000.00,atendida,daviplata,Alejandro Guerrero Ospina,Corte + lavado + barba,Diego Fadero
4441,72,11,21,2024-10-25 14:00:00,25000.00,atendida,efectivo,Ricardo Espinoza Henao,Corte clasico,Wilmar Style
4442,1709,13,16,2024-12-05 15:00:00,18000.00,atendida,nequi,Cristian Ortiz Martínez,Corte infantil,Sebastián Blade
4443,97,23,30,2024-03-31 16:00:00,30000.00,atendida,nequi,Claudia Romero Herrera,Keratina,Pipe Navajas
4444,1589,12,27,2023-10-20 11:00:00,12000.00,cancelada,transferencia,Juan Ramos Morales,Corte moderno,Tomas Clipper
4445,479,29,10,2024-12-15 16:00:00,50000.00,atendida,tarjeta,Jorge Ríos Sánchez,Coloracion fantasia,Yeferson King
4446,692,17,4,2023-12-22 17:00:00,20000.00,atendida,tarjeta,Mateo Bedoya Muñoz,Barba + hidratacion,Mateo Barber
4447,168,16,29,2023-10-23 08:00:00,8000.00,atendida,daviplata,Miguel Suárez Ospina,Barba completa,El Calvo Cuts
4448,1176,14,8,2023-12-05 18:00:00,15000.00,atendida,efectivo,Lizeth Pérez Arias,Corte + tinte,Tato Fade
4449,1488,28,21,2023-05-31 12:00:00,55000.00,atendida,nequi,Paola Silva Peña,Pack novio completo,Wilmar Style
4450,1071,16,12,2024-10-24 14:00:00,8000.00,atendida,transferencia,Natalia Ocampo Rodríguez,Barba completa,Duvan Fresh
4451,1503,22,11,2023-07-26 10:00:00,15000.00,atendida,transferencia,Carolina Ortiz Cruz,Hidratacion capilar,El Mono Barber
4452,1939,6,15,2024-07-21 18:00:00,14000.00,cancelada,transferencia,Sofia Cárdenas Herrera,Corte de cabello Basico + barba,Jhon Navajas
4453,713,24,10,2023-04-24 17:00:00,50000.00,cancelada,daviplata,Carlos Castro Rodríguez,Corte + barba + cejas,Yeferson King
4454,1092,20,19,2023-12-13 12:00:00,22000.00,atendida,efectivo,Cristian Muñoz Rivera,Depilacion de cejas,Fercho Barber
4455,215,28,4,2023-12-31 15:00:00,55000.00,atendida,daviplata,Luis Herrera Delgado,Pack novio completo,Mateo Barber
4456,1465,5,2,2023-10-10 10:00:00,15000.00,cancelada,tarjeta,Sebastián Cruz Zapata,Corte de cabello Basico,Maicol Style
4457,1911,17,24,2023-04-02 10:00:00,20000.00,atendida,transferencia,Yeison Díaz Gómez,Barba + hidratacion,El Negro Barber
4458,407,3,22,2023-03-15 08:00:00,8000.00,atendida,tarjeta,Sebastián Mendoza Torres,Arreglo de barba,Diego Fadero
4459,1781,14,27,2024-08-16 10:00:00,15000.00,atendida,efectivo,Catalina Castro Zapata,Corte + tinte,Tomas Clipper
4460,1777,19,8,2024-10-18 17:00:00,60000.00,atendida,nequi,Patricia Parra Martínez,Cejas + barba,Tato Fade
4461,1003,17,3,2024-03-03 12:00:00,20000.00,atendida,transferencia,Maria Parra Castro,Barba + hidratacion,Juancho El Indio
4462,557,15,31,2023-12-26 17:00:00,14000.00,cancelada,tarjeta,Andrés Herrera Morales,Tinte completo,Cristian Fade
4463,935,15,15,2024-12-06 12:00:00,14000.00,cancelada,transferencia,Fernando Ramos Pérez,Tinte completo,Jhon Navajas
4464,1643,9,18,2023-11-28 14:00:00,10000.00,atendida,efectivo,Diana García Rojas,Corte degradado,Nico Estilo
4465,290,12,21,2023-07-08 14:00:00,12000.00,cancelada,nequi,Diego Peña Ramírez,Corte moderno,Wilmar Style
4466,1562,10,27,2024-05-15 11:00:00,35000.00,atendida,tarjeta,Yeison Romero Morales,Corte navaja,Tomas Clipper
4467,1237,28,19,2023-11-11 09:00:00,55000.00,atendida,daviplata,Yesid Suárez Ospina,Pack novio completo,Fercho Barber
4468,1170,13,22,2023-08-04 08:00:00,18000.00,atendida,nequi,Paola Mendoza Ospina,Corte infantil,Diego Fadero
4469,1195,25,13,2024-05-19 09:00:00,80000.00,atendida,nequi,Felipe Medina Moreno,Corte + hidratacion,Camilo Pro
4470,1513,15,18,2024-01-08 17:00:00,14000.00,atendida,daviplata,Alejandro Mendoza Ríos,Tinte completo,Nico Estilo
4471,180,10,14,2023-04-15 09:00:00,35000.00,atendida,nequi,Cristian Medina Flores,Corte navaja,El Tigre Cuts
4472,512,14,30,2023-06-08 08:00:00,15000.00,atendida,nequi,Paula Salazar López,Corte + tinte,Pipe Navajas
4473,735,9,18,2024-07-17 17:00:00,10000.00,atendida,efectivo,Marcela Ramos Ocampo,Corte degradado,Nico Estilo
4474,937,7,27,2024-12-15 11:00:00,13000.00,atendida,daviplata,Gabriela Correa Delgado,Arreglo de barba,Tomas Clipper
4475,446,4,3,2024-11-09 17:00:00,18000.00,atendida,nequi,Ricardo Moreno Romero,Corte + lavado,Juancho El Indio
4476,1587,12,18,2024-12-04 18:00:00,12000.00,atendida,tarjeta,Lucia Ortiz Ríos,Corte moderno,Nico Estilo
4477,2018,17,22,2023-09-12 14:00:00,20000.00,cancelada,tarjeta,Hernán Ríos Ríos,Barba + hidratacion,Diego Fadero
4478,93,12,28,2024-09-11 18:00:00,12000.00,cancelada,tarjeta,Gabriela Montoya Mendoza,Corte moderno,Yeison Barber
4479,186,6,13,2024-01-21 08:00:00,14000.00,atendida,daviplata,Mateo Jiménez Silva,Corte de cabello Basico + barba,Camilo Pro
4480,1232,18,27,2023-09-19 12:00:00,22000.00,atendida,efectivo,Camila Castro Peña,Afeitado clasico navaja,Tomas Clipper
4481,1956,2,16,2023-11-11 18:00:00,15000.00,cancelada,transferencia,Hernán Ríos Cárdenas,Corte de cabello Basico + barba,Sebastián Blade
4482,1195,3,20,2024-12-09 12:00:00,8000.00,atendida,efectivo,Felipe Medina Moreno,Arreglo de barba,El Paisa Cuts
4483,367,18,20,2024-06-11 18:00:00,22000.00,atendida,tarjeta,Jorge Herrera Medina,Afeitado clasico navaja,El Paisa Cuts
4484,1427,14,26,2024-11-07 14:00:00,15000.00,atendida,tarjeta,Sergio Montoya Ramos,Corte + tinte,Andres El Pro
4485,1440,17,27,2023-01-22 14:00:00,20000.00,atendida,tarjeta,Diego Zapata Salazar,Barba + hidratacion,Tomas Clipper
4486,206,16,22,2023-10-20 12:00:00,8000.00,cancelada,efectivo,Andrés Jiménez Silva,Barba completa,Diego Fadero
4487,1506,22,24,2023-06-25 17:00:00,15000.00,atendida,efectivo,Mauricio Muñoz Parra,Hidratacion capilar,El Negro Barber
4488,1082,1,17,2023-03-13 12:00:00,12000.00,atendida,nequi,Marcela Morales Reyes,Corte de cabello Basico,Kevin El Maestro
4489,1101,11,21,2024-07-08 15:00:00,25000.00,atendida,tarjeta,Marcela Correa Díaz,Corte clasico,Wilmar Style
4490,520,15,21,2023-09-09 18:00:00,14000.00,atendida,transferencia,Leidy Espinoza Rodríguez,Tinte completo,Wilmar Style
4491,931,28,4,2024-10-20 08:00:00,55000.00,atendida,transferencia,Claudia Torres Martínez,Pack novio completo,Mateo Barber
4492,392,26,12,2023-08-07 09:00:00,50000.00,atendida,transferencia,Kevin Correa Pérez,Masaje capilar,Duvan Fresh
4493,628,17,3,2023-01-18 08:00:00,20000.00,atendida,daviplata,Maria Romero Ospina,Barba + hidratacion,Juancho El Indio
4494,998,11,14,2024-07-05 15:00:00,25000.00,atendida,nequi,Catalina Rodríguez Suárez,Corte clasico,El Tigre Cuts
4495,495,15,14,2024-04-22 18:00:00,14000.00,atendida,transferencia,Daniela García Henao,Tinte completo,El Tigre Cuts
4496,1915,29,17,2023-05-29 10:00:00,50000.00,cancelada,nequi,Paula Moreno Arias,Coloracion fantasia,Kevin El Maestro
4497,384,22,24,2023-10-22 14:00:00,15000.00,atendida,efectivo,Isabella Ramírez Suárez,Hidratacion capilar,El Negro Barber
4498,682,19,16,2024-08-17 08:00:00,60000.00,atendida,efectivo,Jhon Silva Parra,Cejas + barba,Sebastián Blade
4499,37,8,10,2024-02-16 16:00:00,16000.00,atendida,transferencia,Johana Londoño Martínez,Corte + lavado,Yeferson King
4500,1742,30,6,2024-04-27 09:00:00,40000.00,atendida,efectivo,David Pérez González,Corte + lavado + barba,Chelo Cuts
4501,98,3,20,2023-05-24 14:00:00,8000.00,cancelada,nequi,Julián Henao Bedoya,Arreglo de barba,El Paisa Cuts
4502,181,28,10,2023-09-27 16:00:00,55000.00,cancelada,efectivo,Yeison Martínez Suárez,Pack novio completo,Yeferson King
4503,1375,14,8,2023-08-16 11:00:00,15000.00,atendida,daviplata,Yeison Montoya Muñoz,Corte + tinte,Tato Fade
4504,1181,21,16,2023-12-01 09:00:00,25000.00,atendida,daviplata,Paola Gutiérrez Vargas,Limpieza facial,Sebastián Blade
4505,1981,1,27,2023-12-11 18:00:00,12000.00,cancelada,efectivo,Brayan Morales Cruz,Corte de cabello Basico,Tomas Clipper
4506,1236,9,31,2023-02-16 09:00:00,10000.00,atendida,nequi,Isabella Morales Bedoya,Corte degradado,Cristian Fade
4507,431,21,20,2023-11-17 08:00:00,25000.00,atendida,nequi,Mauricio Díaz Peña,Limpieza facial,El Paisa Cuts
4508,1415,23,27,2023-01-05 12:00:00,30000.00,atendida,tarjeta,Valentina Gutiérrez Mendoza,Keratina,Tomas Clipper
4509,656,23,8,2023-12-07 18:00:00,30000.00,cancelada,transferencia,Adriana Cárdenas Parra,Keratina,Tato Fade
4510,1686,26,15,2023-06-14 17:00:00,50000.00,atendida,nequi,Rodrigo Suárez Ortiz,Masaje capilar,Jhon Navajas
4511,150,19,21,2024-10-14 10:00:00,60000.00,cancelada,daviplata,Rodrigo Correa Arias,Cejas + barba,Wilmar Style
4512,760,22,26,2024-03-18 15:00:00,15000.00,cancelada,nequi,Wilmar Henao Montoya,Hidratacion capilar,Andres El Pro
4513,181,27,24,2023-03-10 11:00:00,22000.00,atendida,efectivo,Yeison Martínez Suárez,Tratamiento anticaida,El Negro Barber
4514,412,12,29,2023-06-21 15:00:00,12000.00,atendida,tarjeta,Samuel Flores Rivera,Corte moderno,El Calvo Cuts
4515,1739,26,11,2023-05-31 17:00:00,50000.00,atendida,transferencia,Lizeth Ramos Moreno,Masaje capilar,El Mono Barber
4516,1808,8,5,2024-07-29 15:00:00,16000.00,atendida,tarjeta,Dayana Henao Sánchez,Corte + lavado,El Vikingo
4517,507,4,30,2023-11-28 16:00:00,18000.00,atendida,efectivo,Alejandro Arias Moreno,Corte + lavado,Pipe Navajas
4518,78,4,11,2023-05-05 11:00:00,18000.00,cancelada,efectivo,Angie Moreno Torres,Corte + lavado,El Mono Barber
4519,520,29,16,2023-07-23 12:00:00,50000.00,cancelada,efectivo,Leidy Espinoza Rodríguez,Coloracion fantasia,Sebastián Blade
4520,1307,12,11,2024-01-30 11:00:00,12000.00,atendida,daviplata,Miguel Romero Herrera,Corte moderno,El Mono Barber
4521,1400,20,15,2024-04-23 14:00:00,22000.00,cancelada,efectivo,Diana Muñoz Cárdenas,Depilacion de cejas,Jhon Navajas
4522,931,24,13,2024-03-04 11:00:00,50000.00,atendida,efectivo,Claudia Torres Martínez,Corte + barba + cejas,Camilo Pro
4523,147,1,20,2024-09-15 16:00:00,12000.00,atendida,efectivo,Sara Parra Morales,Corte de cabello Basico,El Paisa Cuts
4524,1367,21,11,2023-02-13 16:00:00,25000.00,atendida,daviplata,Dayana Cruz Sánchez,Limpieza facial,El Mono Barber
4525,1877,8,3,2024-03-23 11:00:00,16000.00,cancelada,transferencia,Juan Ríos Suárez,Corte + lavado,Juancho El Indio
4526,1453,10,12,2024-12-23 18:00:00,35000.00,cancelada,nequi,Diana Medina Montoya,Corte navaja,Duvan Fresh
4527,1013,26,15,2023-06-30 09:00:00,50000.00,atendida,nequi,Melissa Castro Montoya,Masaje capilar,Jhon Navajas
4528,1978,18,26,2023-07-24 18:00:00,22000.00,atendida,nequi,Isabella Medina Guerrero,Afeitado clasico navaja,Andres El Pro
4529,1910,5,6,2024-11-02 17:00:00,15000.00,atendida,transferencia,Brayan Zapata Suárez,Corte de cabello Basico,Chelo Cuts
4530,113,2,13,2023-07-29 17:00:00,15000.00,atendida,daviplata,Felipe Reyes Ríos,Corte de cabello Basico + barba,Camilo Pro
4531,2020,21,28,2023-01-26 09:00:00,25000.00,atendida,daviplata,Marcela Pérez Flores,Limpieza facial,Yeison Barber
4532,1662,9,15,2023-10-25 17:00:00,10000.00,atendida,efectivo,Steven Sánchez Correa,Corte degradado,Jhon Navajas
4533,1155,11,6,2023-04-19 12:00:00,25000.00,cancelada,tarjeta,Wilmar Flores Ospina,Corte clasico,Chelo Cuts
4534,743,5,19,2023-11-30 11:00:00,15000.00,atendida,daviplata,Catalina Ortiz Reyes,Corte de cabello Basico,Fercho Barber
4535,1152,17,6,2024-06-14 16:00:00,20000.00,atendida,efectivo,Carlos Zapata Pérez,Barba + hidratacion,Chelo Cuts
4536,227,2,15,2024-10-07 18:00:00,15000.00,cancelada,tarjeta,Fabian Bedoya Montoya,Corte de cabello Basico + barba,Jhon Navajas
4537,1462,25,19,2024-05-07 11:00:00,80000.00,atendida,tarjeta,Yesid Romero Rojas,Corte + hidratacion,Fercho Barber
4538,1967,28,30,2023-07-11 18:00:00,55000.00,atendida,daviplata,Isabella Gómez Bedoya,Pack novio completo,Pipe Navajas
4539,1011,23,27,2024-05-27 17:00:00,30000.00,atendida,tarjeta,Jhon Muñoz Arias,Keratina,Tomas Clipper
4540,2011,27,18,2024-10-26 14:00:00,22000.00,cancelada,nequi,Melissa Londoño Muñoz,Tratamiento anticaida,Nico Estilo
4541,688,16,27,2023-11-28 15:00:00,8000.00,atendida,tarjeta,Raúl Ríos Torres,Barba completa,Tomas Clipper
4542,1855,13,15,2024-01-05 14:00:00,18000.00,atendida,tarjeta,Isabella Moreno Pérez,Corte infantil,Jhon Navajas
4543,772,14,29,2024-10-26 16:00:00,15000.00,cancelada,tarjeta,Claudia Castro Ospina,Corte + tinte,El Calvo Cuts
4544,1173,8,10,2024-09-20 15:00:00,16000.00,atendida,efectivo,Alejandro Londoño Salazar,Corte + lavado,Yeferson King
4545,979,1,30,2023-10-17 12:00:00,12000.00,atendida,daviplata,Sara Zapata González,Corte de cabello Basico,Pipe Navajas
4546,1515,5,31,2024-01-09 18:00:00,15000.00,atendida,tarjeta,David Martínez Espinoza,Corte de cabello Basico,Cristian Fade
4547,1631,22,3,2024-01-26 08:00:00,15000.00,atendida,transferencia,Raúl Gutiérrez Montoya,Hidratacion capilar,Juancho El Indio
4548,1535,1,2,2023-03-23 17:00:00,12000.00,atendida,transferencia,Patricia González Bedoya,Corte de cabello Basico,Maicol Style
4549,1327,18,4,2024-09-24 09:00:00,22000.00,atendida,daviplata,Yulieth Montoya Espinoza,Afeitado clasico navaja,Mateo Barber
4550,288,23,4,2023-06-09 18:00:00,30000.00,cancelada,tarjeta,Sofia Gómez Castro,Keratina,Mateo Barber
4551,34,10,2,2023-12-20 09:00:00,35000.00,atendida,tarjeta,Melissa Morales Romero,Corte navaja,Maicol Style
4552,1800,13,7,2024-10-05 11:00:00,18000.00,atendida,efectivo,Esteban Zapata Henao,Corte infantil,Pipe El Crack
4553,1283,10,31,2023-10-29 16:00:00,35000.00,atendida,tarjeta,Mateo Ríos Zapata,Corte navaja,Cristian Fade
4554,1040,6,2,2024-02-26 15:00:00,14000.00,atendida,tarjeta,Miguel Medina López,Corte de cabello Basico + barba,Maicol Style
4555,1976,27,5,2024-07-15 14:00:00,22000.00,atendida,transferencia,Julián Gutiérrez Herrera,Tratamiento anticaida,El Vikingo
4556,455,18,13,2024-02-13 12:00:00,22000.00,cancelada,tarjeta,Rodrigo Arias Martínez,Afeitado clasico navaja,Camilo Pro
4557,139,28,9,2024-01-01 17:00:00,55000.00,atendida,efectivo,Valentina Reyes Suárez,Pack novio completo,Brayan Scissors
4558,333,5,21,2024-05-30 15:00:00,15000.00,atendida,daviplata,Samuel Reyes Pérez,Corte de cabello Basico,Wilmar Style
4559,2004,25,11,2023-02-19 08:00:00,80000.00,atendida,nequi,Steven Bedoya Suárez,Corte + hidratacion,El Mono Barber
4560,1093,23,3,2024-03-29 11:00:00,30000.00,atendida,tarjeta,Marcela Rivera Díaz,Keratina,Juancho El Indio
4561,1094,26,2,2024-03-29 09:00:00,50000.00,atendida,nequi,Diana Parra Silva,Masaje capilar,Maicol Style
4562,1370,3,31,2024-07-04 09:00:00,8000.00,atendida,efectivo,Andrés Espinoza Zapata,Arreglo de barba,Cristian Fade
4563,888,4,3,2023-01-05 09:00:00,18000.00,atendida,daviplata,Rodrigo Ortiz Ospina,Corte + lavado,Juancho El Indio
4564,1638,25,19,2024-05-17 17:00:00,80000.00,atendida,daviplata,Fernando Delgado Gómez,Corte + hidratacion,Fercho Barber
4565,1347,4,10,2023-01-31 11:00:00,18000.00,atendida,tarjeta,Yulieth Suárez Sánchez,Corte + lavado,Yeferson King
4566,1904,15,14,2023-05-01 17:00:00,14000.00,cancelada,efectivo,Yulieth Arias Vargas,Tinte completo,El Tigre Cuts
4567,1471,30,10,2024-03-07 17:00:00,40000.00,cancelada,nequi,Mauricio Correa Montoya,Corte + lavado + barba,Yeferson King
4568,1365,15,24,2023-07-13 15:00:00,14000.00,atendida,transferencia,Deisy Morales Rodríguez,Tinte completo,El Negro Barber
4569,88,19,12,2024-08-03 09:00:00,60000.00,atendida,transferencia,Gabriela Parra Peña,Cejas + barba,Duvan Fresh
4570,1479,24,2,2023-02-22 09:00:00,50000.00,atendida,tarjeta,Carolina Peña Peña,Corte + barba + cejas,Maicol Style
4571,793,9,21,2024-10-08 14:00:00,10000.00,atendida,transferencia,Cristian Sánchez Martínez,Corte degradado,Wilmar Style
4572,1060,29,19,2024-07-16 10:00:00,50000.00,atendida,tarjeta,Felipe Martínez López,Coloracion fantasia,Fercho Barber
4573,1271,2,13,2024-09-07 14:00:00,15000.00,atendida,transferencia,Marcela Arias Rodríguez,Corte de cabello Basico + barba,Camilo Pro
4574,102,2,27,2023-01-26 11:00:00,15000.00,cancelada,nequi,Sergio López Sánchez,Corte de cabello Basico + barba,Tomas Clipper
4575,683,18,9,2024-06-19 11:00:00,22000.00,atendida,tarjeta,Jorge Salazar Guerrero,Afeitado clasico navaja,Brayan Scissors
4576,474,2,18,2023-02-18 14:00:00,15000.00,cancelada,efectivo,Deisy Ramos Salazar,Corte de cabello Basico + barba,Nico Estilo
4577,1342,18,30,2024-09-23 10:00:00,22000.00,atendida,tarjeta,Sofia Montoya Morales,Afeitado clasico navaja,Pipe Navajas
4578,1658,18,22,2023-12-30 18:00:00,22000.00,atendida,daviplata,Mariana García Zapata,Afeitado clasico navaja,Diego Fadero
4579,1540,23,31,2024-11-23 17:00:00,30000.00,cancelada,nequi,Claudia Rojas Ramos,Keratina,Cristian Fade
4580,1125,13,24,2023-08-23 08:00:00,18000.00,cancelada,efectivo,Mauricio Londoño Salazar,Corte infantil,El Negro Barber
4581,360,21,29,2024-09-25 12:00:00,25000.00,cancelada,nequi,Paola Ramos Pérez,Limpieza facial,El Calvo Cuts
4582,44,1,21,2024-08-08 09:00:00,12000.00,atendida,nequi,Fabian Arias Correa,Corte de cabello Basico,Wilmar Style
4583,1280,18,30,2023-02-26 08:00:00,22000.00,cancelada,daviplata,Andrea Salazar Ospina,Afeitado clasico navaja,Pipe Navajas
4584,688,17,16,2024-08-02 12:00:00,20000.00,atendida,tarjeta,Raúl Ríos Torres,Barba + hidratacion,Sebastián Blade
4585,1018,2,27,2023-06-08 18:00:00,15000.00,atendida,daviplata,Andrés Herrera Suárez,Corte de cabello Basico + barba,Tomas Clipper
4586,1656,18,27,2024-02-24 17:00:00,22000.00,atendida,daviplata,Diana Bedoya Moreno,Afeitado clasico navaja,Tomas Clipper
4587,1900,28,18,2023-06-19 15:00:00,55000.00,atendida,nequi,Lucia Moreno Gómez,Pack novio completo,Nico Estilo
4588,1607,26,4,2024-02-19 18:00:00,50000.00,atendida,nequi,Wilmar Zapata Espinoza,Masaje capilar,Mateo Barber
4589,840,28,18,2023-08-01 17:00:00,55000.00,atendida,daviplata,Nathaly Henao Castro,Pack novio completo,Nico Estilo
4590,1427,26,9,2023-07-21 12:00:00,50000.00,cancelada,tarjeta,Sergio Montoya Ramos,Masaje capilar,Brayan Scissors
4591,1450,5,16,2023-02-22 18:00:00,15000.00,atendida,nequi,Deisy Ortiz Arias,Corte de cabello Basico,Sebastián Blade
4592,1040,22,21,2023-02-17 18:00:00,15000.00,atendida,tarjeta,Miguel Medina López,Hidratacion capilar,Wilmar Style
4593,260,18,7,2024-04-28 15:00:00,22000.00,cancelada,transferencia,Marcela Martínez Zapata,Afeitado clasico navaja,Pipe El Crack
4594,721,11,24,2023-12-18 08:00:00,25000.00,atendida,efectivo,Miguel Ospina García,Corte clasico,El Negro Barber
4595,574,20,25,2023-07-15 18:00:00,22000.00,atendida,transferencia,Fernando Díaz Rodríguez,Depilacion de cejas,Lucho Precision
4596,548,29,18,2024-03-13 08:00:00,50000.00,atendida,tarjeta,Johana Muñoz Ramírez,Coloracion fantasia,Nico Estilo
4597,1375,29,28,2024-02-26 15:00:00,50000.00,atendida,daviplata,Yeison Montoya Muñoz,Coloracion fantasia,Yeison Barber
4598,1374,13,28,2024-10-27 11:00:00,18000.00,atendida,daviplata,Wilmar Reyes Arias,Corte infantil,Yeison Barber
4599,112,12,14,2024-03-11 14:00:00,12000.00,atendida,nequi,Mauricio Guerrero Flores,Corte moderno,El Tigre Cuts
4600,150,5,19,2023-01-11 15:00:00,15000.00,atendida,efectivo,Rodrigo Correa Arias,Corte de cabello Basico,Fercho Barber
4601,1483,11,4,2024-08-03 17:00:00,25000.00,atendida,daviplata,Deisy Ocampo Castro,Corte clasico,Mateo Barber
4602,120,21,12,2024-03-13 18:00:00,25000.00,atendida,nequi,Luis Rodríguez Reyes,Limpieza facial,Duvan Fresh
4603,1529,14,31,2024-04-19 15:00:00,15000.00,atendida,nequi,Camila Reyes Salazar,Corte + tinte,Cristian Fade
4604,1559,22,7,2024-09-22 12:00:00,15000.00,cancelada,daviplata,Jorge Pérez Zapata,Hidratacion capilar,Pipe El Crack
4605,1267,10,10,2023-03-03 12:00:00,35000.00,cancelada,transferencia,Johana Herrera Díaz,Corte navaja,Yeferson King
4606,1410,22,30,2023-04-13 15:00:00,15000.00,cancelada,transferencia,Rodrigo Herrera Ocampo,Hidratacion capilar,Pipe Navajas
4607,2016,5,6,2024-08-05 15:00:00,15000.00,atendida,transferencia,Natalia Ospina Rivera,Corte de cabello Basico,Chelo Cuts
4608,1373,7,26,2024-03-21 14:00:00,13000.00,atendida,daviplata,Diana Silva Medina,Arreglo de barba,Andres El Pro
4609,1652,17,30,2024-08-16 10:00:00,20000.00,atendida,nequi,Daniela Ramos Peña,Barba + hidratacion,Pipe Navajas
4610,770,23,11,2023-09-28 11:00:00,30000.00,atendida,tarjeta,Sara Medina Flores,Keratina,El Mono Barber
4611,718,5,10,2024-04-16 17:00:00,15000.00,atendida,transferencia,Brayan Medina Vega,Corte de cabello Basico,Yeferson King
4612,1740,8,25,2023-10-12 16:00:00,16000.00,atendida,nequi,Samuel Morales Montoya,Corte + lavado,Lucho Precision
4613,716,18,15,2024-06-06 09:00:00,22000.00,atendida,daviplata,Oscar Muñoz Ortiz,Afeitado clasico navaja,Jhon Navajas
4614,1711,5,10,2023-07-23 17:00:00,15000.00,atendida,tarjeta,Santiago Londoño Martínez,Corte de cabello Basico,Yeferson King
4615,209,29,7,2024-10-03 15:00:00,50000.00,atendida,efectivo,Sofia Ramos Peña,Coloracion fantasia,Pipe El Crack
4616,1993,1,29,2024-01-29 17:00:00,12000.00,atendida,nequi,Juan Herrera Sánchez,Corte de cabello Basico,El Calvo Cuts
4617,1979,11,4,2023-07-12 14:00:00,25000.00,atendida,efectivo,Yulieth Suárez Martínez,Corte clasico,Mateo Barber
4618,1075,1,14,2024-04-27 16:00:00,12000.00,cancelada,daviplata,Deisy Muñoz Guerrero,Corte de cabello Basico,El Tigre Cuts
4619,1453,14,7,2023-11-10 08:00:00,15000.00,atendida,daviplata,Diana Medina Montoya,Corte + tinte,Pipe El Crack
4620,468,15,16,2023-08-10 10:00:00,14000.00,atendida,transferencia,Alejandro Gutiérrez Parra,Tinte completo,Sebastián Blade
4621,887,6,25,2023-10-11 08:00:00,14000.00,cancelada,tarjeta,Felipe Morales Ruiz,Corte de cabello Basico + barba,Lucho Precision
4622,1214,5,30,2023-09-21 14:00:00,15000.00,atendida,efectivo,Raúl Ríos Sánchez,Corte de cabello Basico,Pipe Navajas
4623,965,27,10,2023-08-21 10:00:00,22000.00,atendida,efectivo,Sara Zapata Delgado,Tratamiento anticaida,Yeferson King
4624,1201,9,16,2024-05-01 12:00:00,10000.00,atendida,daviplata,Andrea Torres Medina,Corte degradado,Sebastián Blade
4625,1091,20,30,2023-02-21 11:00:00,22000.00,atendida,tarjeta,Fabian Ocampo Gutiérrez,Depilacion de cejas,Pipe Navajas
4626,746,14,18,2024-07-20 10:00:00,15000.00,cancelada,tarjeta,Laura Silva Medina,Corte + tinte,Nico Estilo
4627,1390,17,15,2024-10-20 09:00:00,20000.00,cancelada,daviplata,Daniela Cárdenas García,Barba + hidratacion,Jhon Navajas
4628,1404,14,12,2023-04-27 08:00:00,15000.00,atendida,daviplata,Monica Herrera Montoya,Corte + tinte,Duvan Fresh
4629,1694,1,16,2024-05-20 10:00:00,12000.00,cancelada,transferencia,Natalia Martínez Ospina,Corte de cabello Basico,Sebastián Blade
4630,1731,10,17,2023-12-28 16:00:00,35000.00,atendida,nequi,Camila González Ríos,Corte navaja,Kevin El Maestro
4631,1783,25,4,2024-11-26 14:00:00,80000.00,atendida,efectivo,Juan Londoño Gutiérrez,Corte + hidratacion,Mateo Barber
4632,303,29,16,2023-04-04 16:00:00,50000.00,atendida,transferencia,Diego Morales Rojas,Coloracion fantasia,Sebastián Blade
4633,90,20,21,2023-08-05 12:00:00,22000.00,atendida,transferencia,Alejandro Flores Moreno,Depilacion de cejas,Wilmar Style
4634,768,23,21,2023-03-21 16:00:00,30000.00,atendida,tarjeta,Felipe Parra Ospina,Keratina,Wilmar Style
4635,1142,24,2,2024-11-01 08:00:00,50000.00,atendida,nequi,Xiomara Castro Salazar,Corte + barba + cejas,Maicol Style
4636,1995,19,12,2024-11-25 16:00:00,60000.00,atendida,tarjeta,Wilmar Herrera Flores,Cejas + barba,Duvan Fresh
4637,1925,9,28,2023-10-28 12:00:00,10000.00,cancelada,transferencia,Jhon Martínez Vargas,Corte degradado,Yeison Barber
4638,1498,13,24,2024-04-08 17:00:00,18000.00,atendida,daviplata,Dayana Pérez Martínez,Corte infantil,El Negro Barber
4639,521,19,31,2023-09-05 17:00:00,60000.00,atendida,daviplata,Yesid Ramos Ramírez,Cejas + barba,Cristian Fade
4640,704,26,18,2024-04-09 14:00:00,50000.00,atendida,transferencia,Maria Ríos Torres,Masaje capilar,Nico Estilo
4641,473,8,8,2023-01-31 09:00:00,16000.00,atendida,efectivo,Monica Espinoza Silva,Corte + lavado,Tato Fade
4642,671,24,30,2024-10-29 12:00:00,50000.00,atendida,nequi,Oscar Romero Mendoza,Corte + barba + cejas,Pipe Navajas
4643,931,13,29,2024-01-08 17:00:00,18000.00,atendida,daviplata,Claudia Torres Martínez,Corte infantil,El Calvo Cuts
4644,629,3,5,2023-11-29 17:00:00,8000.00,atendida,nequi,Andrea Gutiérrez Mendoza,Arreglo de barba,El Vikingo
4645,399,21,14,2024-09-19 09:00:00,25000.00,cancelada,daviplata,Sergio Torres Flores,Limpieza facial,El Tigre Cuts
4646,1221,18,22,2023-04-13 08:00:00,22000.00,atendida,daviplata,Adriana Parra Jiménez,Afeitado clasico navaja,Diego Fadero
4647,1468,12,18,2023-01-03 12:00:00,12000.00,atendida,daviplata,Sofia Ortiz Vargas,Corte moderno,Nico Estilo
4648,961,10,23,2023-03-02 16:00:00,35000.00,cancelada,nequi,Yesid Ramírez Ramos,Corte navaja,Santi Premium
4649,1371,5,7,2024-02-27 15:00:00,15000.00,cancelada,nequi,Catalina Delgado Ocampo,Corte de cabello Basico,Pipe El Crack
4650,1186,10,21,2024-02-18 12:00:00,35000.00,cancelada,tarjeta,Carlos Jiménez Ríos,Corte navaja,Wilmar Style
4651,1994,13,21,2023-01-29 18:00:00,18000.00,atendida,tarjeta,Nicolás Moreno Montoya,Corte infantil,Wilmar Style
4652,2018,30,31,2023-09-30 11:00:00,40000.00,atendida,efectivo,Hernán Ríos Ríos,Corte + lavado + barba,Cristian Fade
4653,1455,12,9,2024-02-04 09:00:00,12000.00,atendida,tarjeta,Xiomara Romero González,Corte moderno,Brayan Scissors
4654,654,16,27,2024-01-17 10:00:00,8000.00,atendida,efectivo,Sebastián Suárez Ocampo,Barba completa,Tomas Clipper
4655,1643,5,11,2024-07-10 12:00:00,15000.00,cancelada,transferencia,Diana García Rojas,Corte de cabello Basico,El Mono Barber
4656,932,18,21,2023-05-09 11:00:00,22000.00,atendida,tarjeta,Laura Ospina Rivera,Afeitado clasico navaja,Wilmar Style
4657,1283,10,8,2023-10-12 12:00:00,35000.00,cancelada,daviplata,Mateo Ríos Zapata,Corte navaja,Tato Fade
4658,601,10,31,2024-01-23 11:00:00,35000.00,cancelada,daviplata,Diego Ramos Mendoza,Corte navaja,Cristian Fade
4659,236,9,30,2023-04-12 17:00:00,10000.00,cancelada,transferencia,Fernando González Ocampo,Corte degradado,Pipe Navajas
4660,217,3,14,2024-03-25 10:00:00,8000.00,cancelada,nequi,Valentina Henao Ruiz,Arreglo de barba,El Tigre Cuts
4661,1997,19,5,2024-09-13 17:00:00,60000.00,atendida,tarjeta,Daniela Bedoya Rojas,Cejas + barba,El Vikingo
4662,455,7,12,2023-06-20 15:00:00,13000.00,atendida,nequi,Rodrigo Arias Martínez,Arreglo de barba,Duvan Fresh
4663,1266,21,2,2024-08-28 09:00:00,25000.00,atendida,daviplata,Adriana Ramírez Guerrero,Limpieza facial,Maicol Style
4664,88,30,10,2024-09-29 18:00:00,40000.00,atendida,daviplata,Gabriela Parra Peña,Corte + lavado + barba,Yeferson King
4665,1438,24,15,2024-12-06 14:00:00,50000.00,atendida,nequi,Claudia Rojas Henao,Corte + barba + cejas,Jhon Navajas
4666,527,13,2,2023-11-19 12:00:00,18000.00,atendida,transferencia,Rodrigo Mendoza Rivera,Corte infantil,Maicol Style
4667,147,13,25,2024-07-14 16:00:00,18000.00,atendida,tarjeta,Sara Parra Morales,Corte infantil,Lucho Precision
4668,1583,5,3,2024-10-21 09:00:00,15000.00,atendida,daviplata,Fernando Arias Ortiz,Corte de cabello Basico,Juancho El Indio
4669,538,21,22,2023-07-04 08:00:00,25000.00,atendida,nequi,Andrea Díaz Ruiz,Limpieza facial,Diego Fadero
4670,536,1,14,2024-01-12 09:00:00,12000.00,atendida,daviplata,Santiago Ramírez Mendoza,Corte de cabello Basico,El Tigre Cuts
4671,1194,7,26,2024-02-09 18:00:00,13000.00,atendida,efectivo,Laura Vargas Peña,Arreglo de barba,Andres El Pro
4672,575,29,5,2024-11-20 16:00:00,50000.00,cancelada,efectivo,Xiomara Ramos Montoya,Coloracion fantasia,El Vikingo
4673,1226,5,13,2024-07-02 15:00:00,15000.00,atendida,daviplata,Sofia Suárez Vega,Corte de cabello Basico,Camilo Pro
4674,785,26,25,2024-07-01 17:00:00,50000.00,atendida,efectivo,Johana Rivera Silva,Masaje capilar,Lucho Precision
4675,768,29,6,2023-12-03 15:00:00,50000.00,cancelada,tarjeta,Felipe Parra Ospina,Coloracion fantasia,Chelo Cuts
4676,1202,8,4,2024-09-29 09:00:00,16000.00,atendida,tarjeta,Johana Correa Rivera,Corte + lavado,Mateo Barber
4677,1010,16,3,2023-11-16 16:00:00,8000.00,atendida,daviplata,Jhon Pérez Ramos,Barba completa,Juancho El Indio
4678,1650,27,12,2023-10-20 18:00:00,22000.00,cancelada,efectivo,Paola Reyes Díaz,Tratamiento anticaida,Duvan Fresh
4679,1417,19,10,2024-10-17 17:00:00,60000.00,atendida,nequi,Xiomara Muñoz Silva,Cejas + barba,Yeferson King
4680,987,18,9,2023-05-02 17:00:00,22000.00,atendida,tarjeta,Xiomara Morales Jiménez,Afeitado clasico navaja,Brayan Scissors
4681,867,7,7,2024-06-05 12:00:00,13000.00,atendida,nequi,Isabella Rojas Castro,Arreglo de barba,Pipe El Crack
4682,1285,16,16,2024-09-18 17:00:00,8000.00,atendida,nequi,Leidy Romero Castro,Barba completa,Sebastián Blade
4683,1968,12,28,2024-12-09 15:00:00,12000.00,cancelada,tarjeta,Wilmar Ruiz Rojas,Corte moderno,Yeison Barber
4684,160,14,13,2023-10-27 16:00:00,15000.00,cancelada,efectivo,Maria García Ramos,Corte + tinte,Camilo Pro
4685,1981,1,3,2024-11-26 14:00:00,12000.00,cancelada,efectivo,Brayan Morales Cruz,Corte de cabello Basico,Juancho El Indio
4686,1678,24,6,2023-12-03 17:00:00,50000.00,atendida,nequi,Brayan Silva Díaz,Corte + barba + cejas,Chelo Cuts
4687,211,9,8,2024-02-03 14:00:00,10000.00,atendida,efectivo,Miguel Guerrero Arias,Corte degradado,Tato Fade
4688,820,18,17,2023-04-06 10:00:00,22000.00,cancelada,transferencia,Alejandro Mendoza Guerrero,Afeitado clasico navaja,Kevin El Maestro
4689,1360,19,26,2023-08-29 10:00:00,60000.00,cancelada,nequi,Sara García Castro,Cejas + barba,Andres El Pro
4690,1377,25,13,2023-06-28 17:00:00,80000.00,cancelada,tarjeta,Claudia Ospina Vargas,Corte + hidratacion,Camilo Pro
4691,1127,12,6,2023-02-08 17:00:00,12000.00,atendida,daviplata,Mauricio Moreno Medina,Corte moderno,Chelo Cuts
4692,1505,24,23,2024-06-13 17:00:00,50000.00,cancelada,tarjeta,Andrés Ocampo Ríos,Corte + barba + cejas,Santi Premium
4693,1882,6,26,2024-10-21 14:00:00,14000.00,atendida,efectivo,Paola Pérez Ocampo,Corte de cabello Basico + barba,Andres El Pro
4694,539,25,3,2023-06-20 15:00:00,80000.00,atendida,nequi,Isabella Ortiz Vargas,Corte + hidratacion,Juancho El Indio
4695,601,15,8,2023-03-04 10:00:00,14000.00,atendida,efectivo,Diego Ramos Mendoza,Tinte completo,Tato Fade
4696,1901,15,22,2024-11-10 10:00:00,14000.00,cancelada,tarjeta,Alejandro Silva Medina,Tinte completo,Diego Fadero
4697,417,3,9,2023-08-04 08:00:00,8000.00,atendida,nequi,Sara Reyes Rojas,Arreglo de barba,Brayan Scissors
4698,269,16,11,2023-10-23 11:00:00,8000.00,cancelada,tarjeta,Yulieth Ospina López,Barba completa,El Mono Barber
4699,1215,27,25,2023-09-10 09:00:00,22000.00,atendida,transferencia,Adriana Moreno Ramos,Tratamiento anticaida,Lucho Precision
4700,610,16,25,2023-11-07 08:00:00,8000.00,atendida,daviplata,Nathaly García Ortiz,Barba completa,Lucho Precision
4701,850,26,4,2024-11-11 17:00:00,50000.00,atendida,nequi,Patricia Ocampo Bedoya,Masaje capilar,Mateo Barber
4702,777,24,26,2024-04-02 18:00:00,50000.00,cancelada,daviplata,Rodrigo Rodríguez Reyes,Corte + barba + cejas,Andres El Pro
4703,289,8,15,2024-05-09 14:00:00,16000.00,atendida,tarjeta,Wilmar Mendoza Ríos,Corte + lavado,Jhon Navajas
4704,529,28,27,2023-08-04 10:00:00,55000.00,atendida,tarjeta,Samuel Salazar Ocampo,Pack novio completo,Tomas Clipper
4705,1613,20,20,2024-08-25 14:00:00,22000.00,atendida,nequi,Xiomara Espinoza Parra,Depilacion de cejas,El Paisa Cuts
4706,1916,24,5,2024-11-12 15:00:00,50000.00,atendida,efectivo,Sofia Arias Pérez,Corte + barba + cejas,El Vikingo
4707,758,28,6,2024-12-19 17:00:00,55000.00,cancelada,nequi,Diana Parra Correa,Pack novio completo,Chelo Cuts
4708,1744,3,29,2024-01-26 14:00:00,8000.00,atendida,tarjeta,Sara Medina Parra,Arreglo de barba,El Calvo Cuts
4709,1137,26,18,2024-01-22 11:00:00,50000.00,atendida,efectivo,Yesid Londoño Jiménez,Masaje capilar,Nico Estilo
4710,220,27,10,2024-08-13 08:00:00,22000.00,cancelada,efectivo,Diana Delgado Torres,Tratamiento anticaida,Yeferson King
4711,1780,12,22,2024-02-19 10:00:00,12000.00,atendida,transferencia,Leidy Gutiérrez Ospina,Corte moderno,Diego Fadero
4712,1610,8,15,2024-06-03 18:00:00,16000.00,atendida,daviplata,Sofia Montoya García,Corte + lavado,Jhon Navajas
4713,449,28,15,2023-08-04 10:00:00,55000.00,atendida,transferencia,Dayana Rodríguez Ocampo,Pack novio completo,Jhon Navajas
4714,394,20,9,2023-02-07 16:00:00,22000.00,atendida,tarjeta,Andrea Ríos Vega,Depilacion de cejas,Brayan Scissors
4715,1471,20,25,2023-05-14 09:00:00,22000.00,cancelada,tarjeta,Mauricio Correa Montoya,Depilacion de cejas,Lucho Precision
4716,1487,20,24,2023-02-21 11:00:00,22000.00,atendida,daviplata,Yeison Delgado Martínez,Depilacion de cejas,El Negro Barber
4717,349,27,13,2023-12-24 16:00:00,22000.00,atendida,daviplata,Samuel García Romero,Tratamiento anticaida,Camilo Pro
4718,1956,9,27,2023-01-24 18:00:00,10000.00,cancelada,tarjeta,Hernán Ríos Cárdenas,Corte degradado,Tomas Clipper
4719,353,3,17,2024-07-16 12:00:00,8000.00,cancelada,tarjeta,Paula Jiménez Silva,Arreglo de barba,Kevin El Maestro
4720,1558,7,21,2024-09-22 14:00:00,13000.00,atendida,nequi,Valentina Herrera Espinoza,Arreglo de barba,Wilmar Style
4721,476,23,6,2024-11-19 09:00:00,30000.00,atendida,nequi,Mariana Ortiz Mendoza,Keratina,Chelo Cuts
4722,1875,9,17,2024-07-02 12:00:00,10000.00,atendida,transferencia,Isabella Sánchez Ospina,Corte degradado,Kevin El Maestro
4723,1700,4,25,2024-01-05 10:00:00,18000.00,cancelada,efectivo,Adriana Morales Ospina,Corte + lavado,Lucho Precision
4724,1136,19,11,2023-04-22 08:00:00,60000.00,cancelada,tarjeta,Angie Díaz Peña,Cejas + barba,El Mono Barber
4725,1298,23,20,2024-04-29 10:00:00,30000.00,atendida,transferencia,Brayan Ruiz Ospina,Keratina,El Paisa Cuts
4726,238,6,19,2023-03-27 11:00:00,14000.00,atendida,transferencia,Camila Medina Gutiérrez,Corte de cabello Basico + barba,Fercho Barber
4727,472,6,5,2024-12-05 09:00:00,14000.00,atendida,efectivo,Johana Ruiz García,Corte de cabello Basico + barba,El Vikingo
4728,938,29,11,2024-10-05 11:00:00,50000.00,atendida,efectivo,Fabian Guerrero Ortiz,Coloracion fantasia,El Mono Barber
4729,1854,12,16,2024-11-11 12:00:00,12000.00,atendida,nequi,Marcela Martínez Silva,Corte moderno,Sebastián Blade
4730,701,6,31,2024-11-16 18:00:00,14000.00,atendida,tarjeta,Alejandro Ruiz Díaz,Corte de cabello Basico + barba,Cristian Fade
4731,2000,22,14,2024-09-19 16:00:00,15000.00,atendida,tarjeta,Mariana Herrera Sánchez,Hidratacion capilar,El Tigre Cuts
4732,842,16,26,2023-09-06 14:00:00,8000.00,atendida,transferencia,Claudia Ocampo Londoño,Barba completa,Andres El Pro
4733,1570,27,6,2024-07-01 08:00:00,22000.00,cancelada,tarjeta,Paola Pérez González,Tratamiento anticaida,Chelo Cuts
4734,1322,5,14,2023-10-28 16:00:00,15000.00,atendida,tarjeta,Yeison Ospina Cruz,Corte de cabello Basico,El Tigre Cuts
4735,389,3,10,2024-09-01 18:00:00,8000.00,atendida,transferencia,Diana Gómez Moreno,Arreglo de barba,Yeferson King
4736,716,9,18,2023-06-09 16:00:00,10000.00,cancelada,nequi,Oscar Muñoz Ortiz,Corte degradado,Nico Estilo
4737,1519,16,30,2023-10-07 16:00:00,8000.00,atendida,efectivo,Claudia Muñoz Castro,Barba completa,Pipe Navajas
4738,1237,15,27,2024-02-23 12:00:00,14000.00,cancelada,transferencia,Yesid Suárez Ospina,Tinte completo,Tomas Clipper
4739,1627,4,28,2023-01-30 10:00:00,18000.00,atendida,efectivo,Laura Parra Rivera,Corte + lavado,Yeison Barber
4740,1491,19,6,2023-10-18 09:00:00,60000.00,atendida,daviplata,Mateo Rojas Rivera,Cejas + barba,Chelo Cuts
4741,1885,11,7,2024-01-17 12:00:00,25000.00,cancelada,tarjeta,Sara Rodríguez Romero,Corte clasico,Pipe El Crack
4742,1184,20,4,2024-01-30 16:00:00,22000.00,atendida,tarjeta,Laura Romero Ramírez,Depilacion de cejas,Mateo Barber
4743,1910,19,25,2023-03-21 09:00:00,60000.00,cancelada,nequi,Brayan Zapata Suárez,Cejas + barba,Lucho Precision
4744,1594,4,24,2023-10-27 18:00:00,18000.00,cancelada,transferencia,Angie Ramos Castro,Corte + lavado,El Negro Barber
4745,1344,2,26,2024-02-25 14:00:00,15000.00,cancelada,tarjeta,Maria Díaz Cárdenas,Corte de cabello Basico + barba,Andres El Pro
4746,1966,29,20,2023-01-26 14:00:00,50000.00,atendida,tarjeta,Fernando Ocampo Ocampo,Coloracion fantasia,El Paisa Cuts
4747,84,23,21,2023-05-25 14:00:00,30000.00,atendida,efectivo,Monica Rojas Romero,Keratina,Wilmar Style
4748,653,7,22,2024-01-30 08:00:00,13000.00,atendida,efectivo,Jorge Londoño Ríos,Arreglo de barba,Diego Fadero
4749,1978,14,14,2023-09-07 17:00:00,15000.00,atendida,transferencia,Isabella Medina Guerrero,Corte + tinte,El Tigre Cuts
4750,1814,29,4,2023-09-03 15:00:00,50000.00,atendida,tarjeta,Fernando Ramos Salazar,Coloracion fantasia,Mateo Barber
4751,396,26,6,2024-01-23 16:00:00,50000.00,atendida,efectivo,Rodrigo Suárez Cárdenas,Masaje capilar,Chelo Cuts
4752,1198,26,29,2024-02-14 10:00:00,50000.00,atendida,efectivo,Gabriela Gutiérrez Morales,Masaje capilar,El Calvo Cuts
4753,387,17,2,2023-03-18 16:00:00,20000.00,cancelada,nequi,Marcela Delgado Sánchez,Barba + hidratacion,Maicol Style
4754,582,2,27,2023-04-14 08:00:00,15000.00,cancelada,transferencia,Deisy González Jiménez,Corte de cabello Basico + barba,Tomas Clipper
4755,1342,29,7,2023-12-21 12:00:00,50000.00,atendida,efectivo,Sofia Montoya Morales,Coloracion fantasia,Pipe El Crack
4756,1441,10,10,2024-02-23 08:00:00,35000.00,cancelada,tarjeta,Sergio Martínez Ramos,Corte navaja,Yeferson King
4757,1583,2,17,2023-05-11 08:00:00,15000.00,atendida,transferencia,Fernando Arias Ortiz,Corte de cabello Basico + barba,Kevin El Maestro
4758,276,9,13,2023-07-27 17:00:00,10000.00,atendida,nequi,Jhon Delgado Pérez,Corte degradado,Camilo Pro
4759,1308,10,14,2024-11-30 12:00:00,35000.00,atendida,daviplata,Catalina Torres Ruiz,Corte navaja,El Tigre Cuts
4760,105,29,5,2023-04-04 08:00:00,50000.00,atendida,nequi,Angie Suárez Torres,Coloracion fantasia,El Vikingo
4761,1903,8,2,2024-11-12 16:00:00,16000.00,atendida,efectivo,Raúl Correa Ramírez,Corte + lavado,Maicol Style
4762,865,6,10,2024-02-23 12:00:00,14000.00,atendida,nequi,Mariana Moreno Martínez,Corte de cabello Basico + barba,Yeferson King
4763,455,5,20,2024-12-27 11:00:00,15000.00,atendida,daviplata,Rodrigo Arias Martínez,Corte de cabello Basico,El Paisa Cuts
4764,699,25,13,2023-02-15 09:00:00,80000.00,cancelada,transferencia,David Guerrero Ríos,Corte + hidratacion,Camilo Pro
4765,664,2,24,2023-05-13 17:00:00,15000.00,atendida,daviplata,Fernando Romero Londoño,Corte de cabello Basico + barba,El Negro Barber
4766,611,16,2,2023-03-05 14:00:00,8000.00,cancelada,tarjeta,Jorge Ruiz Castro,Barba completa,Maicol Style
4767,1658,28,26,2024-06-11 08:00:00,55000.00,atendida,transferencia,Mariana García Zapata,Pack novio completo,Andres El Pro
4768,912,21,16,2023-05-06 10:00:00,25000.00,atendida,efectivo,Duvan Rodríguez Gómez,Limpieza facial,Sebastián Blade
4769,2002,28,4,2023-03-24 15:00:00,55000.00,atendida,daviplata,Isabella Ríos Guerrero,Pack novio completo,Mateo Barber
4770,576,10,10,2023-04-01 14:00:00,35000.00,cancelada,tarjeta,Paola García Montoya,Corte navaja,Yeferson King
4771,1487,7,20,2024-10-04 15:00:00,13000.00,cancelada,efectivo,Yeison Delgado Martínez,Arreglo de barba,El Paisa Cuts
4772,1326,15,18,2024-10-10 10:00:00,14000.00,atendida,daviplata,Ricardo Parra Torres,Tinte completo,Nico Estilo
4773,1590,3,23,2024-05-14 14:00:00,8000.00,atendida,daviplata,Paula Ospina Guerrero,Arreglo de barba,Santi Premium
4774,2027,29,6,2023-03-15 15:00:00,50000.00,atendida,tarjeta,Fabian Silva Guerrero,Coloracion fantasia,Chelo Cuts
4775,1060,20,15,2024-04-05 11:00:00,22000.00,atendida,tarjeta,Felipe Martínez López,Depilacion de cejas,Jhon Navajas
4776,748,30,4,2024-10-07 12:00:00,40000.00,cancelada,tarjeta,Rodrigo Castro Parra,Corte + lavado + barba,Mateo Barber
4777,1081,24,29,2023-01-07 10:00:00,50000.00,atendida,transferencia,Xiomara Delgado Pérez,Corte + barba + cejas,El Calvo Cuts
4778,53,26,28,2024-05-08 09:00:00,50000.00,atendida,daviplata,Raúl Cárdenas Vega,Masaje capilar,Yeison Barber
4779,35,1,18,2024-11-01 15:00:00,12000.00,cancelada,transferencia,David Ríos Mendoza,Corte de cabello Basico,Nico Estilo
4780,313,23,7,2024-02-19 12:00:00,30000.00,cancelada,daviplata,Esteban Zapata Delgado,Keratina,Pipe El Crack
4781,1013,3,26,2023-12-21 12:00:00,8000.00,atendida,transferencia,Melissa Castro Montoya,Arreglo de barba,Andres El Pro
4782,497,29,8,2023-07-06 12:00:00,50000.00,atendida,nequi,Felipe Londoño Jiménez,Coloracion fantasia,Tato Fade
4783,1255,24,2,2024-12-22 14:00:00,50000.00,atendida,daviplata,Carlos Morales Jiménez,Corte + barba + cejas,Maicol Style
4784,1876,17,7,2024-03-31 15:00:00,20000.00,atendida,nequi,Marcela Vega García,Barba + hidratacion,Pipe El Crack
4785,1659,9,6,2024-11-08 08:00:00,10000.00,atendida,daviplata,Andrea Parra Cruz,Corte degradado,Chelo Cuts
4786,252,1,21,2023-09-20 14:00:00,12000.00,cancelada,transferencia,Andrés López Mendoza,Corte de cabello Basico,Wilmar Style
4787,368,15,8,2024-03-09 17:00:00,14000.00,cancelada,efectivo,Cristian Rivera González,Tinte completo,Tato Fade
4788,1307,9,11,2024-12-26 16:00:00,10000.00,atendida,nequi,Miguel Romero Herrera,Corte degradado,El Mono Barber
4789,1092,3,4,2023-07-29 08:00:00,8000.00,atendida,transferencia,Cristian Muñoz Rivera,Arreglo de barba,Mateo Barber
4790,542,20,31,2023-03-22 10:00:00,22000.00,cancelada,transferencia,Dayana Reyes Rivera,Depilacion de cejas,Cristian Fade
4791,1388,1,19,2024-06-22 14:00:00,12000.00,atendida,transferencia,Gabriela Rojas Gutiérrez,Corte de cabello Basico,Fercho Barber
4792,566,30,12,2024-04-19 11:00:00,40000.00,atendida,efectivo,Miguel Vega Romero,Corte + lavado + barba,Duvan Fresh
4793,1059,22,5,2023-11-22 12:00:00,15000.00,cancelada,transferencia,Leidy Correa Bedoya,Hidratacion capilar,El Vikingo
4794,1677,1,26,2023-07-20 09:00:00,12000.00,cancelada,efectivo,Cristian Rodríguez Castro,Corte de cabello Basico,Andres El Pro
4795,1702,24,17,2023-12-12 14:00:00,50000.00,atendida,tarjeta,Ana Pérez Medina,Corte + barba + cejas,Kevin El Maestro
4796,581,23,20,2023-11-11 09:00:00,30000.00,atendida,transferencia,Melissa Morales Muñoz,Keratina,El Paisa Cuts
4797,1897,27,21,2023-01-12 16:00:00,22000.00,atendida,efectivo,Alejandro Pérez Ramos,Tratamiento anticaida,Wilmar Style
4798,1535,30,17,2023-06-07 16:00:00,40000.00,atendida,daviplata,Patricia González Bedoya,Corte + lavado + barba,Kevin El Maestro
4799,1427,3,26,2024-08-20 14:00:00,8000.00,cancelada,daviplata,Sergio Montoya Ramos,Arreglo de barba,Andres El Pro
4800,1046,23,3,2024-06-27 17:00:00,30000.00,atendida,daviplata,Felipe García Rivera,Keratina,Juancho El Indio
4801,991,20,17,2024-12-02 15:00:00,22000.00,cancelada,efectivo,Andrea Medina Guerrero,Depilacion de cejas,Kevin El Maestro
4802,1331,4,13,2023-08-06 15:00:00,18000.00,atendida,transferencia,Mateo Herrera Salazar,Corte + lavado,Camilo Pro
4803,693,14,29,2023-09-23 11:00:00,15000.00,atendida,transferencia,Laura Ríos Gómez,Corte + tinte,El Calvo Cuts
4804,1886,5,21,2023-08-06 14:00:00,15000.00,atendida,tarjeta,Isabella González Delgado,Corte de cabello Basico,Wilmar Style
4805,433,7,20,2024-09-13 10:00:00,13000.00,cancelada,efectivo,Gabriela Londoño Vega,Arreglo de barba,El Paisa Cuts
4806,1231,18,13,2023-05-11 09:00:00,22000.00,atendida,tarjeta,Daniela Gómez Zapata,Afeitado clasico navaja,Camilo Pro
4807,166,23,14,2024-03-25 12:00:00,30000.00,atendida,daviplata,Lucia Pérez Romero,Keratina,El Tigre Cuts
4808,301,17,5,2023-07-03 08:00:00,20000.00,atendida,tarjeta,Steven Ríos Ramírez,Barba + hidratacion,El Vikingo
4809,1308,13,9,2023-08-24 11:00:00,18000.00,cancelada,transferencia,Catalina Torres Ruiz,Corte infantil,Brayan Scissors
4810,1589,16,10,2023-06-01 11:00:00,8000.00,atendida,nequi,Juan Ramos Morales,Barba completa,Yeferson King
4811,1746,5,24,2024-02-09 14:00:00,15000.00,atendida,efectivo,Cristian Peña Henao,Corte de cabello Basico,El Negro Barber
4812,93,5,16,2023-04-16 16:00:00,15000.00,atendida,tarjeta,Gabriela Montoya Mendoza,Corte de cabello Basico,Sebastián Blade
4813,1249,22,17,2024-01-19 16:00:00,15000.00,atendida,nequi,Deisy Ospina Londoño,Hidratacion capilar,Kevin El Maestro
4814,613,5,2,2024-01-02 11:00:00,15000.00,atendida,efectivo,Fernando Herrera Londoño,Corte de cabello Basico,Maicol Style
4815,1202,12,10,2023-12-15 08:00:00,12000.00,atendida,nequi,Johana Correa Rivera,Corte moderno,Yeferson King
4816,1673,28,16,2024-04-28 12:00:00,55000.00,atendida,tarjeta,Oscar Ramírez Herrera,Pack novio completo,Sebastián Blade
4817,541,26,16,2024-10-22 11:00:00,50000.00,cancelada,tarjeta,Monica Ocampo Salazar,Masaje capilar,Sebastián Blade
4818,1268,19,9,2023-07-28 10:00:00,60000.00,atendida,daviplata,Xiomara López Flores,Cejas + barba,Brayan Scissors
4819,197,24,5,2023-12-29 11:00:00,50000.00,cancelada,tarjeta,Ricardo Rivera Zapata,Corte + barba + cejas,El Vikingo
4820,1274,29,23,2024-05-05 11:00:00,50000.00,atendida,nequi,Sebastián Ortiz Ríos,Coloracion fantasia,Santi Premium
4821,966,3,3,2024-08-19 16:00:00,8000.00,atendida,tarjeta,Carolina Cruz Correa,Arreglo de barba,Juancho El Indio
4822,1846,14,25,2023-07-14 11:00:00,15000.00,atendida,daviplata,Xiomara Mendoza Reyes,Corte + tinte,Lucho Precision
4823,1370,13,2,2023-02-03 12:00:00,18000.00,atendida,daviplata,Andrés Espinoza Zapata,Corte infantil,Maicol Style
4824,1766,19,16,2024-04-02 17:00:00,60000.00,cancelada,tarjeta,Daniela Londoño Silva,Cejas + barba,Sebastián Blade
4825,218,8,19,2024-04-16 09:00:00,16000.00,cancelada,daviplata,Miguel Sánchez Delgado,Corte + lavado,Fercho Barber
4826,288,17,6,2023-12-22 08:00:00,20000.00,atendida,nequi,Sofia Gómez Castro,Barba + hidratacion,Chelo Cuts
4827,1353,24,3,2024-07-10 09:00:00,50000.00,cancelada,transferencia,Marcela Ramírez Martínez,Corte + barba + cejas,Juancho El Indio
4828,32,19,22,2024-10-27 11:00:00,60000.00,atendida,nequi,Hernán Henao Gómez,Cejas + barba,Diego Fadero
4829,47,15,20,2023-05-09 09:00:00,14000.00,cancelada,efectivo,Andrés Pérez Ramos,Tinte completo,El Paisa Cuts
4830,115,28,14,2023-12-20 11:00:00,55000.00,atendida,transferencia,Johana Martínez Vega,Pack novio completo,El Tigre Cuts
4831,71,8,2,2024-08-27 12:00:00,16000.00,atendida,daviplata,Sergio Suárez Pérez,Corte + lavado,Maicol Style
4832,1107,24,2,2023-03-31 09:00:00,50000.00,atendida,efectivo,Sara Ramírez Herrera,Corte + barba + cejas,Maicol Style
4833,1427,10,31,2023-03-24 16:00:00,35000.00,atendida,efectivo,Sergio Montoya Ramos,Corte navaja,Cristian Fade
4834,59,17,25,2024-08-21 11:00:00,20000.00,cancelada,daviplata,Raúl Ramos Suárez,Barba + hidratacion,Lucho Precision
4835,852,22,28,2023-08-15 18:00:00,15000.00,cancelada,efectivo,Ana Medina Delgado,Hidratacion capilar,Yeison Barber
4836,99,28,21,2024-12-05 11:00:00,55000.00,atendida,transferencia,Deisy Henao Herrera,Pack novio completo,Wilmar Style
4837,1889,15,15,2023-04-18 08:00:00,14000.00,atendida,daviplata,Andrés Romero Medina,Tinte completo,Jhon Navajas
4838,1292,12,21,2023-01-30 17:00:00,12000.00,atendida,nequi,Angie Guerrero Gómez,Corte moderno,Wilmar Style
4839,1534,17,10,2024-01-06 17:00:00,20000.00,atendida,nequi,Fernando Romero Torres,Barba + hidratacion,Yeferson King
4840,1852,23,4,2023-10-14 10:00:00,30000.00,atendida,daviplata,Lucia Ospina González,Keratina,Mateo Barber
4841,636,21,20,2024-09-20 12:00:00,25000.00,atendida,daviplata,Alejandro Romero Gómez,Limpieza facial,El Paisa Cuts
4842,1877,1,3,2024-01-16 08:00:00,12000.00,atendida,transferencia,Juan Ríos Suárez,Corte de cabello Basico,Juancho El Indio
4843,1561,28,25,2023-07-27 18:00:00,55000.00,cancelada,nequi,Santiago Correa Ospina,Pack novio completo,Lucho Precision
4844,143,24,25,2023-03-27 18:00:00,50000.00,atendida,tarjeta,Johana Henao Pérez,Corte + barba + cejas,Lucho Precision
4845,1825,2,12,2023-09-24 10:00:00,15000.00,atendida,nequi,Juan Ruiz Díaz,Corte de cabello Basico + barba,Duvan Fresh
4846,1717,5,23,2024-07-10 15:00:00,15000.00,cancelada,efectivo,Nathaly Reyes Medina,Corte de cabello Basico,Santi Premium
4847,930,5,10,2023-04-28 15:00:00,15000.00,atendida,daviplata,Patricia Silva Delgado,Corte de cabello Basico,Yeferson King
4848,1832,19,3,2024-06-10 11:00:00,60000.00,atendida,daviplata,Lucia Ramos Jiménez,Cejas + barba,Juancho El Indio
4849,1123,19,28,2024-03-10 14:00:00,60000.00,atendida,nequi,Deisy Romero Romero,Cejas + barba,Yeison Barber
4850,151,9,12,2023-10-25 12:00:00,10000.00,atendida,efectivo,Yeison Peña González,Corte degradado,Duvan Fresh
4851,1873,20,28,2023-05-12 14:00:00,22000.00,atendida,daviplata,Wilmar Cruz Martínez,Depilacion de cejas,Yeison Barber
4852,915,1,16,2023-06-22 17:00:00,12000.00,atendida,efectivo,Isabella Guerrero Pérez,Corte de cabello Basico,Sebastián Blade
4853,1614,21,8,2023-12-21 17:00:00,25000.00,atendida,nequi,Xiomara Ramos Correa,Limpieza facial,Tato Fade
4854,1794,30,23,2023-05-13 17:00:00,40000.00,atendida,nequi,Jorge Zapata Díaz,Corte + lavado + barba,Santi Premium
4855,1888,29,16,2024-02-24 18:00:00,50000.00,atendida,transferencia,Yesid Mendoza Salazar,Coloracion fantasia,Sebastián Blade
4856,1061,6,9,2024-10-19 11:00:00,14000.00,atendida,tarjeta,Angie Sánchez Herrera,Corte de cabello Basico + barba,Brayan Scissors
4857,491,14,22,2024-04-06 14:00:00,15000.00,atendida,transferencia,Paula Silva Medina,Corte + tinte,Diego Fadero
4858,1849,1,14,2024-01-29 17:00:00,12000.00,atendida,tarjeta,Luis Ortiz García,Corte de cabello Basico,El Tigre Cuts
4859,822,2,13,2023-08-17 18:00:00,15000.00,cancelada,daviplata,Daniela Flores Ruiz,Corte de cabello Basico + barba,Camilo Pro
4860,893,14,27,2023-08-04 09:00:00,15000.00,atendida,nequi,Nathaly Sánchez Rodríguez,Corte + tinte,Tomas Clipper
4861,350,15,4,2023-08-16 16:00:00,14000.00,atendida,nequi,Julián Londoño Rodríguez,Tinte completo,Mateo Barber
4862,261,9,30,2023-06-20 14:00:00,10000.00,cancelada,efectivo,Patricia Rojas Rodríguez,Corte degradado,Pipe Navajas
4863,1676,21,10,2024-09-01 10:00:00,25000.00,cancelada,daviplata,Gabriela Torres Rivera,Limpieza facial,Yeferson King
4864,1855,14,25,2024-02-03 10:00:00,15000.00,cancelada,tarjeta,Isabella Moreno Pérez,Corte + tinte,Lucho Precision
4865,1920,8,13,2023-04-23 08:00:00,16000.00,atendida,daviplata,Marcela Delgado Castro,Corte + lavado,Camilo Pro
4866,971,18,2,2023-07-12 11:00:00,22000.00,atendida,efectivo,Ferney Ramos Díaz,Afeitado clasico navaja,Maicol Style
4867,1927,12,17,2024-07-14 14:00:00,12000.00,atendida,tarjeta,Yulieth Salazar Herrera,Corte moderno,Kevin El Maestro
4868,103,22,16,2023-09-06 15:00:00,15000.00,atendida,daviplata,Mauricio Sánchez Rodríguez,Hidratacion capilar,Sebastián Blade
4869,1320,15,6,2023-11-14 12:00:00,14000.00,atendida,efectivo,Felipe Jiménez Ospina,Tinte completo,Chelo Cuts
4870,683,12,28,2024-12-24 16:00:00,12000.00,cancelada,nequi,Jorge Salazar Guerrero,Corte moderno,Yeison Barber
4871,813,5,22,2024-08-30 09:00:00,15000.00,atendida,transferencia,Wilmar Rivera Muñoz,Corte de cabello Basico,Diego Fadero
4872,80,26,15,2024-10-19 18:00:00,50000.00,cancelada,nequi,Hernán Guerrero Romero,Masaje capilar,Jhon Navajas
4873,351,28,10,2023-12-24 17:00:00,55000.00,atendida,efectivo,Lucia Suárez Correa,Pack novio completo,Yeferson King
4874,1557,25,14,2023-01-30 12:00:00,80000.00,cancelada,efectivo,Sofia Vargas López,Corte + hidratacion,El Tigre Cuts
4875,166,14,17,2023-01-16 12:00:00,15000.00,atendida,transferencia,Lucia Pérez Romero,Corte + tinte,Kevin El Maestro
4876,1025,11,31,2024-03-12 16:00:00,25000.00,atendida,daviplata,Miguel Jiménez Rivera,Corte clasico,Cristian Fade
4877,1494,28,22,2023-01-29 10:00:00,55000.00,atendida,transferencia,Nathaly Silva Moreno,Pack novio completo,Diego Fadero
4878,1349,6,15,2024-05-15 16:00:00,14000.00,atendida,nequi,Leidy Salazar Ruiz,Corte de cabello Basico + barba,Jhon Navajas
4879,1006,1,30,2023-09-11 14:00:00,12000.00,atendida,tarjeta,Marcela Muñoz Morales,Corte de cabello Basico,Pipe Navajas
4880,1113,15,19,2023-05-27 12:00:00,14000.00,atendida,tarjeta,Esteban Flores Moreno,Tinte completo,Fercho Barber
4881,1913,17,9,2023-11-05 15:00:00,20000.00,cancelada,daviplata,Leidy Mendoza Zapata,Barba + hidratacion,Brayan Scissors
4882,384,15,25,2024-08-07 17:00:00,14000.00,cancelada,nequi,Isabella Ramírez Suárez,Tinte completo,Lucho Precision
4883,1590,24,19,2023-12-30 18:00:00,50000.00,atendida,nequi,Paula Ospina Guerrero,Corte + barba + cejas,Fercho Barber
4884,88,28,27,2024-10-12 16:00:00,55000.00,atendida,efectivo,Gabriela Parra Peña,Pack novio completo,Tomas Clipper
4885,1855,27,20,2024-10-22 08:00:00,22000.00,cancelada,nequi,Isabella Moreno Pérez,Tratamiento anticaida,El Paisa Cuts
4886,1488,18,21,2024-07-20 18:00:00,22000.00,atendida,daviplata,Paola Silva Peña,Afeitado clasico navaja,Wilmar Style
4887,1327,1,15,2024-06-14 18:00:00,12000.00,atendida,tarjeta,Yulieth Montoya Espinoza,Corte de cabello Basico,Jhon Navajas
4888,1767,22,31,2023-09-04 08:00:00,15000.00,cancelada,tarjeta,Luis Jiménez Torres,Hidratacion capilar,Cristian Fade
4889,2029,19,13,2024-07-25 17:00:00,60000.00,atendida,efectivo,Angie Muñoz Ramos,Cejas + barba,Camilo Pro
4890,1030,15,29,2023-05-31 10:00:00,14000.00,cancelada,daviplata,David Ruiz García,Tinte completo,El Calvo Cuts
4891,334,6,16,2024-06-14 10:00:00,14000.00,atendida,daviplata,Lizeth Parra Rivera,Corte de cabello Basico + barba,Sebastián Blade
4892,1294,28,12,2023-03-16 16:00:00,55000.00,atendida,tarjeta,Deisy Muñoz Guerrero,Pack novio completo,Duvan Fresh
4893,1124,2,7,2023-05-31 17:00:00,15000.00,cancelada,efectivo,Kevin Mendoza Londoño,Corte de cabello Basico + barba,Pipe El Crack
4894,695,12,8,2024-04-03 12:00:00,12000.00,atendida,transferencia,Oscar Vargas Ospina,Corte moderno,Tato Fade
4895,136,19,24,2024-12-29 10:00:00,60000.00,atendida,nequi,Carlos Muñoz Medina,Cejas + barba,El Negro Barber
4896,52,9,22,2024-03-22 10:00:00,10000.00,cancelada,tarjeta,Julián Martínez Romero,Corte degradado,Diego Fadero
4897,1928,2,13,2023-04-06 12:00:00,15000.00,atendida,transferencia,Leidy Silva Ocampo,Corte de cabello Basico + barba,Camilo Pro
4898,1872,19,19,2024-07-12 17:00:00,60000.00,atendida,efectivo,Miguel Rojas Rojas,Cejas + barba,Fercho Barber
4899,193,7,20,2024-03-18 09:00:00,13000.00,atendida,transferencia,Sara Montoya Delgado,Arreglo de barba,El Paisa Cuts
4900,1315,23,22,2023-12-20 15:00:00,30000.00,atendida,transferencia,Daniela Vega Silva,Keratina,Diego Fadero
4901,106,9,24,2023-03-09 08:00:00,10000.00,atendida,daviplata,Hernán Londoño Zapata,Corte degradado,El Negro Barber
4902,1493,7,17,2023-11-29 17:00:00,13000.00,cancelada,nequi,Julián Moreno Gutiérrez,Arreglo de barba,Kevin El Maestro
4903,1673,3,9,2023-12-14 11:00:00,8000.00,cancelada,transferencia,Oscar Ramírez Herrera,Arreglo de barba,Brayan Scissors
4904,849,17,3,2024-05-10 15:00:00,20000.00,atendida,nequi,Jhon Herrera Romero,Barba + hidratacion,Juancho El Indio
4905,750,14,3,2024-09-18 15:00:00,15000.00,atendida,daviplata,Santiago Montoya Romero,Corte + tinte,Juancho El Indio
4906,1893,3,15,2024-03-14 17:00:00,8000.00,atendida,tarjeta,Valentina Espinoza Vargas,Arreglo de barba,Jhon Navajas
4907,453,25,6,2024-04-08 16:00:00,80000.00,cancelada,efectivo,Kevin Flores Jiménez,Corte + hidratacion,Chelo Cuts
4908,1880,28,22,2024-08-07 18:00:00,55000.00,atendida,daviplata,Adriana Arias Delgado,Pack novio completo,Diego Fadero
4909,1543,28,11,2024-03-05 14:00:00,55000.00,cancelada,nequi,Miguel Ruiz Herrera,Pack novio completo,El Mono Barber
4910,567,17,25,2024-12-15 11:00:00,20000.00,atendida,daviplata,Sofia Salazar Rodríguez,Barba + hidratacion,Lucho Precision
4911,645,10,24,2023-07-28 15:00:00,35000.00,cancelada,transferencia,Luis Arias Vega,Corte navaja,El Negro Barber
4912,1588,2,22,2023-04-15 17:00:00,15000.00,atendida,efectivo,Kevin Ramírez García,Corte de cabello Basico + barba,Diego Fadero
4913,49,23,29,2024-10-08 12:00:00,30000.00,atendida,efectivo,David López Ocampo,Keratina,El Calvo Cuts
4914,1612,5,7,2024-08-02 10:00:00,15000.00,atendida,efectivo,Ricardo Ospina Flores,Corte de cabello Basico,Pipe El Crack
4915,1765,6,10,2024-02-23 11:00:00,14000.00,atendida,tarjeta,Paola Ríos López,Corte de cabello Basico + barba,Yeferson King
4916,272,30,4,2024-09-17 18:00:00,40000.00,atendida,efectivo,Hernán Flores Ocampo,Corte + lavado + barba,Mateo Barber
4917,1461,6,28,2024-12-04 08:00:00,14000.00,atendida,tarjeta,Rodrigo Suárez Silva,Corte de cabello Basico + barba,Yeison Barber
4918,691,15,4,2023-08-25 14:00:00,14000.00,atendida,daviplata,Ana Romero Medina,Tinte completo,Mateo Barber
4919,353,21,4,2023-08-26 10:00:00,25000.00,cancelada,transferencia,Paula Jiménez Silva,Limpieza facial,Mateo Barber
4920,1674,6,9,2023-09-22 17:00:00,14000.00,cancelada,efectivo,Samuel Ocampo Martínez,Corte de cabello Basico + barba,Brayan Scissors
4921,818,5,10,2023-09-25 15:00:00,15000.00,atendida,nequi,Laura Vega Rojas,Corte de cabello Basico,Yeferson King
4922,1766,8,22,2023-10-11 18:00:00,16000.00,atendida,nequi,Daniela Londoño Silva,Corte + lavado,Diego Fadero
4923,457,27,15,2024-12-08 10:00:00,22000.00,atendida,nequi,Sara García Silva,Tratamiento anticaida,Jhon Navajas
4924,1736,22,6,2023-04-29 11:00:00,15000.00,cancelada,tarjeta,Felipe Jiménez Cárdenas,Hidratacion capilar,Chelo Cuts
4925,114,30,27,2023-12-04 10:00:00,40000.00,cancelada,daviplata,Mauricio Bedoya Montoya,Corte + lavado + barba,Tomas Clipper
4926,1224,27,23,2023-12-15 18:00:00,22000.00,atendida,nequi,Raúl Delgado Guerrero,Tratamiento anticaida,Santi Premium
4927,324,28,10,2024-07-20 10:00:00,55000.00,atendida,efectivo,Nathaly Sánchez Bedoya,Pack novio completo,Yeferson King
4928,837,11,8,2023-11-26 10:00:00,25000.00,atendida,nequi,Xiomara Rodríguez Muñoz,Corte clasico,Tato Fade
4929,1173,30,3,2023-01-21 17:00:00,40000.00,atendida,tarjeta,Alejandro Londoño Salazar,Corte + lavado + barba,Juancho El Indio
4930,1910,26,29,2023-11-18 15:00:00,50000.00,atendida,tarjeta,Brayan Zapata Suárez,Masaje capilar,El Calvo Cuts
4931,1666,10,12,2024-02-27 16:00:00,35000.00,cancelada,tarjeta,Yulieth Arias Vargas,Corte navaja,Duvan Fresh
4932,1806,14,8,2023-05-01 14:00:00,15000.00,atendida,daviplata,Catalina Castro Díaz,Corte + tinte,Tato Fade
4933,1379,21,21,2024-07-10 17:00:00,25000.00,atendida,transferencia,Hernán Mendoza Peña,Limpieza facial,Wilmar Style
4934,348,29,18,2024-05-10 15:00:00,50000.00,cancelada,efectivo,Brayan Parra Suárez,Coloracion fantasia,Nico Estilo
4935,1742,26,21,2023-11-03 11:00:00,50000.00,atendida,tarjeta,David Pérez González,Masaje capilar,Wilmar Style
4936,908,28,18,2024-11-28 09:00:00,55000.00,atendida,tarjeta,Sergio Ruiz Correa,Pack novio completo,Nico Estilo
4937,978,4,27,2024-11-04 15:00:00,18000.00,cancelada,efectivo,Maria Rivera Jiménez,Corte + lavado,Tomas Clipper
4938,1738,16,29,2024-08-12 18:00:00,8000.00,atendida,efectivo,Patricia Castro Jiménez,Barba completa,El Calvo Cuts
4939,1216,4,25,2024-04-20 16:00:00,18000.00,cancelada,tarjeta,Duvan Ramos Ospina,Corte + lavado,Lucho Precision
4940,1458,5,16,2023-07-23 10:00:00,15000.00,atendida,transferencia,Sebastián Morales Díaz,Corte de cabello Basico,Sebastián Blade
4941,1126,17,24,2023-01-15 14:00:00,20000.00,atendida,transferencia,Jorge Gutiérrez Ríos,Barba + hidratacion,El Negro Barber
4942,1857,5,28,2023-03-23 14:00:00,15000.00,cancelada,efectivo,Brayan Flores Sánchez,Corte de cabello Basico,Yeison Barber
4943,322,18,18,2024-04-09 08:00:00,22000.00,atendida,efectivo,Camila Pérez Guerrero,Afeitado clasico navaja,Nico Estilo
4944,856,30,30,2024-10-22 18:00:00,40000.00,atendida,efectivo,Felipe Moreno Romero,Corte + lavado + barba,Pipe Navajas
4945,1011,15,2,2023-10-21 15:00:00,14000.00,atendida,efectivo,Jhon Muñoz Arias,Tinte completo,Maicol Style
4946,1587,29,30,2023-10-05 08:00:00,50000.00,atendida,transferencia,Lucia Ortiz Ríos,Coloracion fantasia,Pipe Navajas
4947,837,30,4,2024-03-24 16:00:00,40000.00,cancelada,nequi,Xiomara Rodríguez Muñoz,Corte + lavado + barba,Mateo Barber
4948,1636,19,6,2023-01-26 11:00:00,60000.00,atendida,daviplata,Andrés Martínez Gutiérrez,Cejas + barba,Chelo Cuts
4949,658,1,25,2024-02-09 12:00:00,12000.00,atendida,tarjeta,Carlos Muñoz Jiménez,Corte de cabello Basico,Lucho Precision
4950,1179,18,11,2023-09-20 14:00:00,22000.00,atendida,efectivo,Claudia Flores Pérez,Afeitado clasico navaja,El Mono Barber
4951,460,15,21,2024-07-09 12:00:00,14000.00,cancelada,tarjeta,Santiago García Rodríguez,Tinte completo,Wilmar Style
4952,549,16,5,2023-10-02 17:00:00,8000.00,cancelada,transferencia,Diego Ospina Morales,Barba completa,El Vikingo
4953,500,15,13,2023-01-22 10:00:00,14000.00,cancelada,tarjeta,Sergio Henao Cruz,Tinte completo,Camilo Pro
4954,411,18,15,2024-01-16 16:00:00,22000.00,atendida,transferencia,Miguel Delgado Martínez,Afeitado clasico navaja,Jhon Navajas
4955,1459,28,31,2023-06-12 15:00:00,55000.00,atendida,daviplata,Angie Ospina Reyes,Pack novio completo,Cristian Fade
4956,1158,22,16,2023-04-13 16:00:00,15000.00,atendida,efectivo,Melissa Moreno Pérez,Hidratacion capilar,Sebastián Blade
4957,410,11,26,2024-01-15 09:00:00,25000.00,atendida,transferencia,Cristian Arias Peña,Corte clasico,Andres El Pro
4958,892,13,5,2024-11-28 08:00:00,18000.00,atendida,nequi,Adriana González Parra,Corte infantil,El Vikingo
4959,1288,11,4,2024-10-18 12:00:00,25000.00,atendida,efectivo,Luis Suárez Arias,Corte clasico,Mateo Barber
4960,1319,25,31,2023-11-10 08:00:00,80000.00,atendida,tarjeta,Ricardo Londoño Mendoza,Corte + hidratacion,Cristian Fade
4961,1227,20,30,2023-08-19 09:00:00,22000.00,atendida,daviplata,Sebastián Montoya Bedoya,Depilacion de cejas,Pipe Navajas
4962,959,16,3,2023-04-30 18:00:00,8000.00,atendida,tarjeta,Wilmar Flores Reyes,Barba completa,Juancho El Indio
4963,1360,8,18,2023-11-11 10:00:00,16000.00,atendida,efectivo,Sara García Castro,Corte + lavado,Nico Estilo
4964,1359,5,25,2023-02-20 18:00:00,15000.00,atendida,efectivo,Claudia Parra Rodríguez,Corte de cabello Basico,Lucho Precision
4965,900,16,22,2024-09-06 08:00:00,8000.00,atendida,daviplata,Samuel Espinoza Rojas,Barba completa,Diego Fadero
4966,296,13,27,2023-06-22 17:00:00,18000.00,atendida,daviplata,Laura Guerrero Bedoya,Corte infantil,Tomas Clipper
4967,586,23,9,2023-03-21 18:00:00,30000.00,atendida,efectivo,Nathaly Jiménez Romero,Keratina,Brayan Scissors
4968,1774,4,11,2023-02-07 17:00:00,18000.00,atendida,efectivo,Alejandro Mendoza Zapata,Corte + lavado,El Mono Barber
4969,685,16,16,2024-05-17 12:00:00,8000.00,atendida,daviplata,Oscar Morales Cárdenas,Barba completa,Sebastián Blade
4970,1448,23,19,2023-03-09 17:00:00,30000.00,atendida,transferencia,Lucia Gómez Rodríguez,Keratina,Fercho Barber
4971,1607,12,25,2023-09-12 09:00:00,12000.00,atendida,tarjeta,Wilmar Zapata Espinoza,Corte moderno,Lucho Precision
4972,1284,11,19,2024-06-04 08:00:00,25000.00,cancelada,nequi,Juan Arias Bedoya,Corte clasico,Fercho Barber
4973,1485,13,16,2023-04-11 11:00:00,18000.00,atendida,efectivo,Angie Arias Moreno,Corte infantil,Sebastián Blade
4974,1460,3,21,2024-08-07 11:00:00,8000.00,atendida,efectivo,Patricia Correa Ríos,Arreglo de barba,Wilmar Style
4975,696,30,10,2023-01-04 11:00:00,40000.00,atendida,nequi,Felipe Silva Jiménez,Corte + lavado + barba,Yeferson King
4976,827,6,2,2024-01-11 11:00:00,14000.00,atendida,transferencia,Jhon Delgado Ortiz,Corte de cabello Basico + barba,Maicol Style
4977,1204,20,19,2024-02-04 11:00:00,22000.00,atendida,tarjeta,Paula Castro Jiménez,Depilacion de cejas,Fercho Barber
4978,1174,25,11,2023-12-12 14:00:00,80000.00,cancelada,nequi,Diego Gutiérrez Guerrero,Corte + hidratacion,El Mono Barber
4979,883,17,3,2023-08-22 18:00:00,20000.00,atendida,daviplata,Patricia Henao Martínez,Barba + hidratacion,Juancho El Indio
4980,2027,21,31,2023-06-29 08:00:00,25000.00,cancelada,efectivo,Fabian Silva Guerrero,Limpieza facial,Cristian Fade
4981,661,21,6,2023-11-19 17:00:00,25000.00,cancelada,nequi,Johana Martínez Martínez,Limpieza facial,Chelo Cuts
4982,1195,12,3,2024-11-25 16:00:00,12000.00,cancelada,nequi,Felipe Medina Moreno,Corte moderno,Juancho El Indio
4983,376,1,23,2023-09-25 18:00:00,12000.00,cancelada,tarjeta,Santiago Rojas Herrera,Corte de cabello Basico,Santi Premium
4984,819,19,29,2024-12-07 15:00:00,60000.00,cancelada,tarjeta,Sara Delgado Castro,Cejas + barba,El Calvo Cuts
4985,471,10,6,2023-09-30 18:00:00,35000.00,atendida,daviplata,Isabella Mendoza Rodríguez,Corte navaja,Chelo Cuts
4986,1121,26,18,2024-01-29 15:00:00,50000.00,atendida,tarjeta,Carlos Rivera Ocampo,Masaje capilar,Nico Estilo
4987,373,11,10,2024-11-02 16:00:00,25000.00,atendida,daviplata,Juan Ríos Martínez,Corte clasico,Yeferson King
4988,497,24,19,2024-03-13 14:00:00,50000.00,atendida,transferencia,Felipe Londoño Jiménez,Corte + barba + cejas,Fercho Barber
4989,1969,30,31,2023-07-05 16:00:00,40000.00,atendida,tarjeta,Jorge Flores Morales,Corte + lavado + barba,Cristian Fade
4990,511,27,13,2024-06-04 16:00:00,22000.00,atendida,transferencia,Yesid Herrera Rodríguez,Tratamiento anticaida,Camilo Pro
4991,306,22,22,2024-06-13 08:00:00,15000.00,atendida,tarjeta,Wilmar Correa Ocampo,Hidratacion capilar,Diego Fadero
4992,973,23,23,2023-06-09 11:00:00,30000.00,cancelada,daviplata,Angie Romero Gómez,Keratina,Santi Premium
4993,441,20,25,2024-07-15 09:00:00,22000.00,cancelada,efectivo,Samuel Sánchez Flores,Depilacion de cejas,Lucho Precision
4994,1210,21,29,2024-10-09 08:00:00,25000.00,atendida,tarjeta,Hernán Muñoz Henao,Limpieza facial,El Calvo Cuts
4995,564,23,27,2023-03-10 14:00:00,30000.00,atendida,transferencia,Fernando Ocampo Suárez,Keratina,Tomas Clipper
4996,1510,12,17,2024-05-04 11:00:00,12000.00,atendida,transferencia,Deisy Flores Ortiz,Corte moderno,Kevin El Maestro
4997,1995,8,30,2023-08-14 11:00:00,16000.00,atendida,efectivo,Wilmar Herrera Flores,Corte + lavado,Pipe Navajas
4998,271,10,8,2024-08-06 14:00:00,35000.00,atendida,nequi,Ferney Suárez Rodríguez,Corte navaja,Tato Fade
4999,766,14,16,2024-04-07 10:00:00,15000.00,atendida,efectivo,Oscar García Romero,Corte + tinte,Sebastián Blade
5000,1124,30,13,2023-03-28 09:00:00,40000.00,cancelada,transferencia,Kevin Mendoza Londoño,Corte + lavado + barba,Camilo Pro
5001,1870,1,6,2024-02-14 17:00:00,12000.00,atendida,transferencia,Sebastián Gutiérrez Espinoza,Corte de cabello Basico,Chelo Cuts
5002,1879,21,29,2024-09-04 15:00:00,25000.00,cancelada,efectivo,Cristian Londoño González,Limpieza facial,El Calvo Cuts
5003,1821,8,17,2023-11-01 15:00:00,16000.00,atendida,daviplata,Oscar Guerrero Ríos,Corte + lavado,Kevin El Maestro
5004,1452,27,19,2023-10-28 11:00:00,22000.00,atendida,daviplata,Duvan Henao Vargas,Tratamiento anticaida,Fercho Barber
5005,100,17,24,2024-07-31 10:00:00,20000.00,atendida,daviplata,Leidy Gutiérrez García,Barba + hidratacion,El Negro Barber
5006,804,16,20,2023-08-11 15:00:00,8000.00,atendida,daviplata,Xiomara Zapata Reyes,Barba completa,El Paisa Cuts
5007,1470,19,4,2023-12-26 11:00:00,60000.00,atendida,transferencia,Raúl Guerrero Vargas,Cejas + barba,Mateo Barber
5008,1972,20,3,2024-06-23 10:00:00,22000.00,atendida,transferencia,Jhon Herrera Correa,Depilacion de cejas,Juancho El Indio
5009,449,23,8,2023-10-03 15:00:00,30000.00,atendida,daviplata,Dayana Rodríguez Ocampo,Keratina,Tato Fade
5010,1704,18,4,2024-05-25 15:00:00,22000.00,atendida,tarjeta,Diana Ríos Zapata,Afeitado clasico navaja,Mateo Barber
5011,732,6,30,2023-07-28 16:00:00,14000.00,atendida,efectivo,Patricia Jiménez Romero,Corte de cabello Basico + barba,Pipe Navajas
5012,1086,12,10,2024-05-09 18:00:00,12000.00,atendida,efectivo,Angie Espinoza Ríos,Corte moderno,Yeferson King
5013,962,12,21,2024-03-14 08:00:00,12000.00,atendida,nequi,Hernán Ruiz Rojas,Corte moderno,Wilmar Style
5014,504,10,24,2024-03-25 10:00:00,35000.00,cancelada,nequi,Maria Gutiérrez Peña,Corte navaja,El Negro Barber
5015,1348,8,9,2023-08-27 11:00:00,16000.00,atendida,efectivo,Andrea Cárdenas Gutiérrez,Corte + lavado,Brayan Scissors
5016,587,4,19,2023-04-26 18:00:00,18000.00,atendida,nequi,Natalia Ortiz Pérez,Corte + lavado,Fercho Barber
5017,2003,23,18,2023-02-04 09:00:00,30000.00,atendida,efectivo,Rodrigo Peña Cárdenas,Keratina,Nico Estilo
5018,1878,23,31,2024-05-26 16:00:00,30000.00,atendida,nequi,Natalia Ortiz Montoya,Keratina,Cristian Fade
5019,351,12,14,2024-09-03 17:00:00,12000.00,atendida,transferencia,Lucia Suárez Correa,Corte moderno,El Tigre Cuts
5020,398,27,28,2024-10-14 12:00:00,22000.00,atendida,tarjeta,Melissa Rojas Guerrero,Tratamiento anticaida,Yeison Barber
5021,1579,21,13,2023-02-04 17:00:00,25000.00,atendida,efectivo,Diana Castro Díaz,Limpieza facial,Camilo Pro
5022,1167,25,9,2024-12-29 15:00:00,80000.00,atendida,daviplata,Mauricio López Moreno,Corte + hidratacion,Brayan Scissors
5023,794,6,2,2023-11-25 18:00:00,14000.00,atendida,nequi,Angie Pérez Morales,Corte de cabello Basico + barba,Maicol Style
5024,462,27,3,2023-11-05 16:00:00,22000.00,atendida,transferencia,Ricardo Correa Arias,Tratamiento anticaida,Juancho El Indio
5025,63,9,30,2024-09-04 18:00:00,10000.00,cancelada,nequi,Juan Torres Jiménez,Corte degradado,Pipe Navajas
5026,1989,8,2,2023-09-07 09:00:00,16000.00,atendida,daviplata,Wilmar Zapata Muñoz,Corte + lavado,Maicol Style
5027,1641,13,31,2024-10-30 15:00:00,18000.00,atendida,nequi,Carolina Moreno Gutiérrez,Corte infantil,Cristian Fade
5028,1078,25,7,2024-01-19 12:00:00,80000.00,atendida,tarjeta,Marcela Ramos Silva,Corte + hidratacion,Pipe El Crack
5029,1765,2,24,2024-12-09 15:00:00,15000.00,atendida,tarjeta,Paola Ríos López,Corte de cabello Basico + barba,El Negro Barber
5030,163,28,3,2024-10-01 08:00:00,55000.00,atendida,daviplata,Santiago Jiménez Cruz,Pack novio completo,Juancho El Indio
5031,578,21,14,2024-01-06 12:00:00,25000.00,atendida,transferencia,Ana Flores Sánchez,Limpieza facial,El Tigre Cuts
5032,1828,17,12,2024-10-01 12:00:00,20000.00,atendida,tarjeta,Monica López García,Barba + hidratacion,Duvan Fresh
5033,1564,16,22,2023-08-03 15:00:00,8000.00,atendida,daviplata,Andrea López Ramos,Barba completa,Diego Fadero
5034,1857,18,9,2024-10-14 16:00:00,22000.00,atendida,daviplata,Brayan Flores Sánchez,Afeitado clasico navaja,Brayan Scissors
5035,1182,22,4,2023-08-02 14:00:00,15000.00,atendida,efectivo,Paola Vargas Delgado,Hidratacion capilar,Mateo Barber
5036,1377,5,25,2023-12-27 10:00:00,15000.00,cancelada,tarjeta,Claudia Ospina Vargas,Corte de cabello Basico,Lucho Precision
5037,791,24,23,2023-02-26 10:00:00,50000.00,atendida,tarjeta,Fabian Guerrero Medina,Corte + barba + cejas,Santi Premium
5038,272,6,23,2024-02-03 11:00:00,14000.00,atendida,daviplata,Hernán Flores Ocampo,Corte de cabello Basico + barba,Santi Premium
5039,1537,27,15,2024-07-12 18:00:00,22000.00,cancelada,nequi,Alejandro Suárez Bedoya,Tratamiento anticaida,Jhon Navajas
5040,1331,21,7,2024-08-29 10:00:00,25000.00,cancelada,daviplata,Mateo Herrera Salazar,Limpieza facial,Pipe El Crack
5041,1571,2,22,2024-07-05 16:00:00,15000.00,atendida,tarjeta,Ricardo Castro Silva,Corte de cabello Basico + barba,Diego Fadero
5042,325,8,22,2023-07-21 10:00:00,16000.00,atendida,efectivo,Duvan Rodríguez Ramírez,Corte + lavado,Diego Fadero
5043,1300,3,25,2023-10-16 15:00:00,8000.00,cancelada,daviplata,Catalina Cruz Silva,Arreglo de barba,Lucho Precision
5044,558,18,6,2024-10-05 09:00:00,22000.00,atendida,efectivo,Leidy Castro Parra,Afeitado clasico navaja,Chelo Cuts
5045,661,22,23,2023-01-22 10:00:00,15000.00,atendida,efectivo,Johana Martínez Martínez,Hidratacion capilar,Santi Premium
5046,784,11,17,2024-04-10 16:00:00,25000.00,atendida,tarjeta,Yesid Herrera Ramos,Corte clasico,Kevin El Maestro
5047,1877,23,26,2024-07-07 12:00:00,30000.00,atendida,nequi,Juan Ríos Suárez,Keratina,Andres El Pro
5048,239,4,30,2023-06-30 17:00:00,18000.00,atendida,nequi,Santiago Espinoza Moreno,Corte + lavado,Pipe Navajas
5049,860,18,29,2023-07-19 10:00:00,22000.00,atendida,daviplata,Lizeth Rojas González,Afeitado clasico navaja,El Calvo Cuts
5050,542,30,20,2024-04-01 12:00:00,40000.00,atendida,nequi,Dayana Reyes Rivera,Corte + lavado + barba,El Paisa Cuts
5051,1853,24,25,2024-07-28 10:00:00,50000.00,cancelada,transferencia,Hernán Pérez Montoya,Corte + barba + cejas,Lucho Precision
5052,543,23,24,2023-09-02 09:00:00,30000.00,atendida,efectivo,Sebastián Ramos Ruiz,Keratina,El Negro Barber
5053,1133,3,9,2024-04-20 18:00:00,8000.00,atendida,transferencia,Nicolás Correa Peña,Arreglo de barba,Brayan Scissors
5054,1148,15,19,2024-02-07 08:00:00,14000.00,cancelada,tarjeta,Paula Medina Cárdenas,Tinte completo,Fercho Barber
5055,1749,29,5,2024-01-23 12:00:00,50000.00,atendida,efectivo,Natalia Vega Vega,Coloracion fantasia,El Vikingo
5056,402,21,17,2024-02-21 18:00:00,25000.00,atendida,efectivo,Cristian Suárez Henao,Limpieza facial,Kevin El Maestro
5057,1344,28,29,2024-04-16 14:00:00,55000.00,cancelada,nequi,Maria Díaz Cárdenas,Pack novio completo,El Calvo Cuts
5058,1898,20,7,2023-10-29 14:00:00,22000.00,atendida,transferencia,Hernán Rivera González,Depilacion de cejas,Pipe El Crack
5059,1043,13,2,2024-04-01 17:00:00,18000.00,cancelada,transferencia,Marcela Correa Muñoz,Corte infantil,Maicol Style
5060,1377,19,2,2023-09-27 08:00:00,60000.00,atendida,daviplata,Claudia Ospina Vargas,Cejas + barba,Maicol Style
5061,1622,15,24,2023-01-07 08:00:00,14000.00,atendida,nequi,Diana Ruiz Ortiz,Tinte completo,El Negro Barber
5062,931,2,16,2024-12-17 11:00:00,15000.00,atendida,daviplata,Claudia Torres Martínez,Corte de cabello Basico + barba,Sebastián Blade
5063,1628,4,23,2023-05-10 11:00:00,18000.00,cancelada,tarjeta,Fernando Salazar Moreno,Corte + lavado,Santi Premium
5064,1071,10,10,2024-06-03 10:00:00,35000.00,atendida,tarjeta,Natalia Ocampo Rodríguez,Corte navaja,Yeferson King
5065,1580,14,9,2024-10-23 10:00:00,15000.00,atendida,tarjeta,Johana Ocampo Díaz,Corte + tinte,Brayan Scissors
5066,271,24,14,2024-04-07 11:00:00,50000.00,cancelada,transferencia,Ferney Suárez Rodríguez,Corte + barba + cejas,El Tigre Cuts
5067,87,12,4,2024-01-03 18:00:00,12000.00,atendida,daviplata,Carlos García Ocampo,Corte moderno,Mateo Barber
5068,1284,19,18,2024-08-28 12:00:00,60000.00,cancelada,transferencia,Juan Arias Bedoya,Cejas + barba,Nico Estilo
5069,494,28,4,2023-07-27 15:00:00,55000.00,cancelada,transferencia,Yulieth Londoño Peña,Pack novio completo,Mateo Barber
5070,1901,9,7,2024-08-09 17:00:00,10000.00,cancelada,nequi,Alejandro Silva Medina,Corte degradado,Pipe El Crack
5071,995,7,13,2023-08-28 11:00:00,13000.00,cancelada,transferencia,Mariana Silva Silva,Arreglo de barba,Camilo Pro
5072,1779,14,22,2023-05-08 09:00:00,15000.00,atendida,nequi,Xiomara Espinoza Moreno,Corte + tinte,Diego Fadero
5073,1500,2,8,2024-11-21 08:00:00,15000.00,atendida,tarjeta,Mariana Londoño Henao,Corte de cabello Basico + barba,Tato Fade
5074,1083,16,11,2023-07-20 09:00:00,8000.00,atendida,efectivo,Mauricio Rojas Reyes,Barba completa,El Mono Barber
5075,510,20,20,2023-07-31 10:00:00,22000.00,atendida,nequi,Sergio Bedoya Rojas,Depilacion de cejas,El Paisa Cuts
5076,1131,5,27,2024-07-25 10:00:00,15000.00,atendida,tarjeta,Sebastián Arias Gómez,Corte de cabello Basico,Tomas Clipper
5077,1091,23,10,2023-05-27 17:00:00,30000.00,atendida,nequi,Fabian Ocampo Gutiérrez,Keratina,Yeferson King
5078,1891,21,18,2024-10-19 11:00:00,25000.00,cancelada,transferencia,Paula Díaz Martínez,Limpieza facial,Nico Estilo
5079,553,19,24,2024-09-02 17:00:00,60000.00,atendida,transferencia,Nathaly Rojas Ramírez,Cejas + barba,El Negro Barber
5080,1488,13,17,2024-01-18 17:00:00,18000.00,atendida,nequi,Paola Silva Peña,Corte infantil,Kevin El Maestro
5081,67,10,24,2023-05-15 09:00:00,35000.00,atendida,transferencia,Johana Espinoza Jiménez,Corte navaja,El Negro Barber
5082,1895,2,9,2024-05-19 12:00:00,15000.00,atendida,transferencia,Carolina Peña Ruiz,Corte de cabello Basico + barba,Brayan Scissors
5083,1807,24,16,2023-02-11 09:00:00,50000.00,atendida,tarjeta,Hernán Correa Arias,Corte + barba + cejas,Sebastián Blade
5084,1215,7,25,2023-04-28 17:00:00,13000.00,cancelada,efectivo,Adriana Moreno Ramos,Arreglo de barba,Lucho Precision
5085,2011,26,13,2023-06-27 12:00:00,50000.00,atendida,efectivo,Melissa Londoño Muñoz,Masaje capilar,Camilo Pro
5086,986,3,6,2023-09-04 18:00:00,8000.00,atendida,efectivo,Angie Cárdenas Ospina,Arreglo de barba,Chelo Cuts
5087,1429,14,6,2024-12-02 09:00:00,15000.00,atendida,tarjeta,Juan Moreno Cárdenas,Corte + tinte,Chelo Cuts
5088,385,23,7,2024-10-13 17:00:00,30000.00,atendida,tarjeta,Ferney Bedoya Ríos,Keratina,Pipe El Crack
5089,59,3,22,2023-05-11 14:00:00,8000.00,atendida,transferencia,Raúl Ramos Suárez,Arreglo de barba,Diego Fadero
5090,1741,24,18,2024-03-14 15:00:00,50000.00,atendida,nequi,Catalina Bedoya Ospina,Corte + barba + cejas,Nico Estilo
5091,1079,22,26,2023-01-15 09:00:00,15000.00,atendida,transferencia,Valentina Salazar Vargas,Hidratacion capilar,Andres El Pro
5092,1372,9,26,2023-07-27 14:00:00,10000.00,atendida,tarjeta,Duvan Delgado Ortiz,Corte degradado,Andres El Pro
5093,488,10,17,2024-04-07 11:00:00,35000.00,atendida,daviplata,Camila Castro Ortiz,Corte navaja,Kevin El Maestro
5094,958,29,3,2024-07-18 12:00:00,50000.00,atendida,transferencia,Deisy Díaz Peña,Coloracion fantasia,Juancho El Indio
5095,405,25,28,2024-01-27 17:00:00,80000.00,cancelada,tarjeta,Andrea Sánchez García,Corte + hidratacion,Yeison Barber
5096,1991,2,6,2023-04-10 10:00:00,15000.00,atendida,tarjeta,Dayana Flores Ospina,Corte de cabello Basico + barba,Chelo Cuts
5097,313,20,21,2023-10-23 09:00:00,22000.00,cancelada,efectivo,Esteban Zapata Delgado,Depilacion de cejas,Wilmar Style
5098,93,21,21,2024-07-17 18:00:00,25000.00,cancelada,nequi,Gabriela Montoya Mendoza,Limpieza facial,Wilmar Style
5099,1492,17,13,2023-11-19 16:00:00,20000.00,atendida,transferencia,Yeison García Ortiz,Barba + hidratacion,Camilo Pro
5100,1483,11,18,2023-06-27 12:00:00,25000.00,cancelada,daviplata,Deisy Ocampo Castro,Corte clasico,Nico Estilo
5101,803,4,29,2024-01-01 16:00:00,18000.00,atendida,tarjeta,Isabella Suárez Rivera,Corte + lavado,El Calvo Cuts
5102,247,30,26,2024-10-04 08:00:00,40000.00,atendida,tarjeta,Mateo Guerrero Londoño,Corte + lavado + barba,Andres El Pro
5103,453,3,16,2024-11-27 16:00:00,8000.00,atendida,tarjeta,Kevin Flores Jiménez,Arreglo de barba,Sebastián Blade
5104,452,26,9,2024-09-01 08:00:00,50000.00,atendida,daviplata,Sara Pérez Montoya,Masaje capilar,Brayan Scissors
5105,1417,4,9,2024-05-06 09:00:00,18000.00,atendida,tarjeta,Xiomara Muñoz Silva,Corte + lavado,Brayan Scissors
5106,46,20,31,2023-12-22 15:00:00,22000.00,atendida,nequi,Lucia Rodríguez Silva,Depilacion de cejas,Cristian Fade
5107,1809,6,5,2023-06-08 14:00:00,14000.00,cancelada,nequi,Camila Martínez Rodríguez,Corte de cabello Basico + barba,El Vikingo
5108,202,10,16,2024-10-16 12:00:00,35000.00,atendida,nequi,Luis Ospina Martínez,Corte navaja,Sebastián Blade
5109,1641,24,27,2024-03-11 09:00:00,50000.00,atendida,tarjeta,Carolina Moreno Gutiérrez,Corte + barba + cejas,Tomas Clipper
5110,1188,10,23,2023-05-19 12:00:00,35000.00,atendida,efectivo,Sebastián Rivera Salazar,Corte navaja,Santi Premium
5111,195,23,13,2023-06-02 17:00:00,30000.00,atendida,tarjeta,Mauricio López Ramos,Keratina,Camilo Pro
5112,79,11,22,2024-04-14 18:00:00,25000.00,atendida,daviplata,Marcela Pérez Jiménez,Corte clasico,Diego Fadero
5113,1014,20,28,2024-04-02 14:00:00,22000.00,cancelada,transferencia,Julián Vargas Pérez,Depilacion de cejas,Yeison Barber
5114,776,9,31,2024-03-16 16:00:00,10000.00,atendida,efectivo,Sergio Martínez Rodríguez,Corte degradado,Cristian Fade
5115,1921,13,15,2023-03-10 17:00:00,18000.00,atendida,tarjeta,Johana Ospina Ortiz,Corte infantil,Jhon Navajas
5116,310,14,7,2024-10-16 11:00:00,15000.00,atendida,efectivo,Jorge Cruz Delgado,Corte + tinte,Pipe El Crack
5117,1996,30,30,2023-10-27 14:00:00,40000.00,cancelada,daviplata,Yulieth Ramos Martínez,Corte + lavado + barba,Pipe Navajas
5118,1481,27,21,2023-11-14 17:00:00,22000.00,atendida,tarjeta,Nicolás Rodríguez Flores,Tratamiento anticaida,Wilmar Style
5119,1331,2,31,2024-01-04 16:00:00,15000.00,cancelada,efectivo,Mateo Herrera Salazar,Corte de cabello Basico + barba,Cristian Fade
5120,2010,21,20,2023-11-07 15:00:00,25000.00,atendida,daviplata,Ana Moreno Vega,Limpieza facial,El Paisa Cuts
5121,879,24,15,2024-06-17 17:00:00,50000.00,atendida,transferencia,Santiago Vargas Jiménez,Corte + barba + cejas,Jhon Navajas
5122,1815,1,31,2024-12-28 14:00:00,12000.00,cancelada,nequi,Valentina Ríos Suárez,Corte de cabello Basico,Cristian Fade
5123,1075,3,31,2023-12-14 10:00:00,8000.00,atendida,daviplata,Deisy Muñoz Guerrero,Arreglo de barba,Cristian Fade
5124,1483,20,10,2024-10-16 11:00:00,22000.00,atendida,tarjeta,Deisy Ocampo Castro,Depilacion de cejas,Yeferson King
5125,1289,25,18,2023-02-13 15:00:00,80000.00,atendida,transferencia,Carolina Ríos Correa,Corte + hidratacion,Nico Estilo
5126,86,2,23,2024-10-06 12:00:00,15000.00,atendida,transferencia,Angie Cárdenas Parra,Corte de cabello Basico + barba,Santi Premium
5127,979,30,11,2024-05-02 15:00:00,40000.00,atendida,nequi,Sara Zapata González,Corte + lavado + barba,El Mono Barber
5128,62,5,18,2024-09-15 17:00:00,15000.00,atendida,efectivo,Angie Rivera Vargas,Corte de cabello Basico,Nico Estilo
5129,2003,12,15,2023-04-04 18:00:00,12000.00,atendida,daviplata,Rodrigo Peña Cárdenas,Corte moderno,Jhon Navajas
5130,1762,22,19,2023-08-01 17:00:00,15000.00,atendida,daviplata,Fabian Peña Rodríguez,Hidratacion capilar,Fercho Barber
5131,1482,29,21,2024-09-05 11:00:00,50000.00,atendida,transferencia,Duvan Muñoz Ortiz,Coloracion fantasia,Wilmar Style
5132,1038,13,25,2024-09-17 14:00:00,18000.00,atendida,nequi,Kevin Guerrero Parra,Corte infantil,Lucho Precision
5133,1685,11,20,2023-12-16 17:00:00,25000.00,atendida,efectivo,Ferney González Muñoz,Corte clasico,El Paisa Cuts
5134,1440,28,29,2023-12-24 09:00:00,55000.00,atendida,tarjeta,Diego Zapata Salazar,Pack novio completo,El Calvo Cuts
5135,2025,29,20,2023-11-18 14:00:00,50000.00,atendida,nequi,Lizeth Martínez González,Coloracion fantasia,El Paisa Cuts
5136,1206,26,7,2024-01-04 10:00:00,50000.00,atendida,daviplata,Sergio Romero Silva,Masaje capilar,Pipe El Crack
5137,1759,17,28,2024-03-09 11:00:00,20000.00,cancelada,nequi,Melissa Ortiz Delgado,Barba + hidratacion,Yeison Barber
5138,1544,2,6,2024-06-06 15:00:00,15000.00,atendida,tarjeta,Fabian Ortiz Silva,Corte de cabello Basico + barba,Chelo Cuts
5139,1821,27,20,2024-09-22 09:00:00,22000.00,atendida,tarjeta,Oscar Guerrero Ríos,Tratamiento anticaida,El Paisa Cuts
5140,969,14,12,2023-05-24 16:00:00,15000.00,atendida,tarjeta,Natalia Gómez Zapata,Corte + tinte,Duvan Fresh
5141,1444,1,17,2023-01-01 10:00:00,12000.00,cancelada,daviplata,Gabriela Castro Moreno,Corte de cabello Basico,Kevin El Maestro
5142,706,1,22,2024-02-16 16:00:00,12000.00,atendida,tarjeta,David Suárez Silva,Corte de cabello Basico,Diego Fadero
5143,844,24,30,2024-04-26 08:00:00,50000.00,atendida,daviplata,Yesid Torres Arias,Corte + barba + cejas,Pipe Navajas
5144,1827,15,2,2023-12-06 11:00:00,14000.00,atendida,nequi,Brayan Peña Rodríguez,Tinte completo,Maicol Style
5145,1937,22,25,2023-01-08 10:00:00,15000.00,cancelada,nequi,Mauricio Vega Ruiz,Hidratacion capilar,Lucho Precision
5146,586,17,29,2024-08-29 08:00:00,20000.00,atendida,nequi,Nathaly Jiménez Romero,Barba + hidratacion,El Calvo Cuts
5147,985,2,27,2024-08-31 10:00:00,15000.00,atendida,tarjeta,Fabian Ruiz Parra,Corte de cabello Basico + barba,Tomas Clipper
5148,590,25,23,2024-09-05 10:00:00,80000.00,atendida,tarjeta,Duvan Muñoz Ramírez,Corte + hidratacion,Santi Premium
5149,143,2,15,2023-11-14 16:00:00,15000.00,atendida,tarjeta,Johana Henao Pérez,Corte de cabello Basico + barba,Jhon Navajas
5150,1908,3,11,2024-01-07 09:00:00,8000.00,atendida,transferencia,Catalina Montoya Montoya,Arreglo de barba,El Mono Barber
5151,954,14,30,2023-04-05 09:00:00,15000.00,atendida,efectivo,Camila López Gómez,Corte + tinte,Pipe Navajas
5152,927,8,9,2024-12-09 16:00:00,16000.00,atendida,transferencia,Hernán Torres Rivera,Corte + lavado,Brayan Scissors
5153,1153,12,6,2023-09-27 17:00:00,12000.00,atendida,tarjeta,Laura Ramos Londoño,Corte moderno,Chelo Cuts
5154,1227,14,3,2024-05-20 08:00:00,15000.00,cancelada,transferencia,Sebastián Montoya Bedoya,Corte + tinte,Juancho El Indio
5155,618,22,30,2023-02-01 12:00:00,15000.00,atendida,tarjeta,Patricia Vega Gómez,Hidratacion capilar,Pipe Navajas
5156,905,7,14,2023-03-06 11:00:00,13000.00,atendida,daviplata,Ricardo Cruz Londoño,Arreglo de barba,El Tigre Cuts
5157,1299,19,28,2023-05-13 12:00:00,60000.00,cancelada,daviplata,Paola Muñoz Silva,Cejas + barba,Yeison Barber
5158,624,12,22,2023-02-28 10:00:00,12000.00,atendida,efectivo,Andrea Díaz Ocampo,Corte moderno,Diego Fadero
5159,672,20,25,2024-10-22 08:00:00,22000.00,atendida,tarjeta,Catalina Guerrero Espinoza,Depilacion de cejas,Lucho Precision
5160,41,14,30,2024-09-20 17:00:00,15000.00,atendida,tarjeta,Leidy Díaz Salazar,Corte + tinte,Pipe Navajas
5161,1151,29,28,2023-06-22 14:00:00,50000.00,cancelada,nequi,Carlos Morales González,Coloracion fantasia,Yeison Barber
5162,997,27,18,2024-07-19 10:00:00,22000.00,atendida,nequi,Rodrigo Ríos Moreno,Tratamiento anticaida,Nico Estilo
5163,245,7,28,2024-04-04 14:00:00,13000.00,cancelada,daviplata,Nathaly Sánchez Flores,Arreglo de barba,Yeison Barber
5164,230,29,8,2024-12-14 14:00:00,50000.00,cancelada,efectivo,Kevin Ríos Arias,Coloracion fantasia,Tato Fade
5165,1845,14,7,2024-04-10 11:00:00,15000.00,atendida,tarjeta,David Henao Pérez,Corte + tinte,Pipe El Crack
5166,687,1,12,2023-01-31 12:00:00,12000.00,atendida,nequi,Esteban Flores Gutiérrez,Corte de cabello Basico,Duvan Fresh
5167,742,14,13,2024-11-24 09:00:00,15000.00,atendida,nequi,Kevin Castro Zapata,Corte + tinte,Camilo Pro
5168,1219,12,13,2023-11-04 18:00:00,12000.00,cancelada,daviplata,Kevin Vega Salazar,Corte moderno,Camilo Pro
5169,1614,9,18,2024-04-11 14:00:00,10000.00,atendida,daviplata,Xiomara Ramos Correa,Corte degradado,Nico Estilo
5170,347,17,27,2024-09-22 12:00:00,20000.00,cancelada,daviplata,Paola Torres Reyes,Barba + hidratacion,Tomas Clipper
5171,1908,6,8,2024-06-17 08:00:00,14000.00,atendida,daviplata,Catalina Montoya Montoya,Corte de cabello Basico + barba,Tato Fade
5172,829,17,22,2024-09-15 16:00:00,20000.00,atendida,efectivo,Alejandro López Cruz,Barba + hidratacion,Diego Fadero
5173,1396,2,14,2024-08-11 12:00:00,15000.00,cancelada,efectivo,Paula Cárdenas Correa,Corte de cabello Basico + barba,El Tigre Cuts
5174,1746,14,11,2024-02-26 11:00:00,15000.00,cancelada,daviplata,Cristian Peña Henao,Corte + tinte,El Mono Barber
5175,1831,2,8,2023-10-21 16:00:00,15000.00,atendida,nequi,Fabian Cárdenas Ospina,Corte de cabello Basico + barba,Tato Fade
5176,1623,11,16,2023-07-08 15:00:00,25000.00,atendida,transferencia,Alejandro Reyes Arias,Corte clasico,Sebastián Blade
5177,997,6,15,2023-12-08 10:00:00,14000.00,atendida,efectivo,Rodrigo Ríos Moreno,Corte de cabello Basico + barba,Jhon Navajas
5178,68,16,17,2024-04-20 11:00:00,8000.00,atendida,transferencia,Julián Parra Morales,Barba completa,Kevin El Maestro
5179,1988,27,12,2024-07-06 12:00:00,22000.00,atendida,tarjeta,Nathaly Espinoza Ríos,Tratamiento anticaida,Duvan Fresh
5180,150,15,16,2023-03-04 14:00:00,14000.00,cancelada,tarjeta,Rodrigo Correa Arias,Tinte completo,Sebastián Blade
5181,1841,19,14,2024-08-25 12:00:00,60000.00,atendida,efectivo,Andrea Bedoya Ríos,Cejas + barba,El Tigre Cuts
5182,884,7,6,2023-02-10 14:00:00,13000.00,cancelada,nequi,Sara Mendoza Ramírez,Arreglo de barba,Chelo Cuts
5183,35,19,23,2024-11-05 15:00:00,60000.00,cancelada,daviplata,David Ríos Mendoza,Cejas + barba,Santi Premium
5184,1627,2,18,2024-04-07 11:00:00,15000.00,atendida,efectivo,Laura Parra Rivera,Corte de cabello Basico + barba,Nico Estilo
5185,1075,15,20,2023-09-29 14:00:00,14000.00,cancelada,transferencia,Deisy Muñoz Guerrero,Tinte completo,El Paisa Cuts
5186,194,17,11,2023-08-30 12:00:00,20000.00,cancelada,efectivo,Claudia Guerrero Torres,Barba + hidratacion,El Mono Barber
5187,1567,30,9,2023-05-10 15:00:00,40000.00,atendida,efectivo,Deisy Vargas Londoño,Corte + lavado + barba,Brayan Scissors
5188,817,3,20,2024-02-15 11:00:00,8000.00,atendida,efectivo,Raúl Peña García,Arreglo de barba,El Paisa Cuts
5189,557,9,27,2023-11-01 10:00:00,10000.00,atendida,daviplata,Andrés Herrera Morales,Corte degradado,Tomas Clipper
5190,1903,10,19,2023-02-12 15:00:00,35000.00,atendida,efectivo,Raúl Correa Ramírez,Corte navaja,Fercho Barber
5191,96,13,19,2023-12-17 08:00:00,18000.00,cancelada,transferencia,Angie García Delgado,Corte infantil,Fercho Barber
5192,972,2,28,2023-11-28 15:00:00,15000.00,cancelada,efectivo,Angie Peña Pérez,Corte de cabello Basico + barba,Yeison Barber
5193,1987,23,17,2024-03-25 12:00:00,30000.00,atendida,transferencia,Adriana Romero Peña,Keratina,Kevin El Maestro
5194,297,24,4,2023-12-10 09:00:00,50000.00,atendida,transferencia,Ana Guerrero Salazar,Corte + barba + cejas,Mateo Barber
5195,1880,3,26,2024-07-08 11:00:00,8000.00,atendida,nequi,Adriana Arias Delgado,Arreglo de barba,Andres El Pro
5196,1688,19,3,2023-01-23 10:00:00,60000.00,atendida,tarjeta,Nicolás González Herrera,Cejas + barba,Juancho El Indio
5197,664,29,20,2023-08-09 11:00:00,50000.00,atendida,nequi,Fernando Romero Londoño,Coloracion fantasia,El Paisa Cuts
5198,109,17,19,2024-10-18 16:00:00,20000.00,atendida,nequi,Adriana Ortiz Vega,Barba + hidratacion,Fercho Barber
5199,333,6,3,2024-11-14 09:00:00,14000.00,cancelada,transferencia,Samuel Reyes Pérez,Corte de cabello Basico + barba,Juancho El Indio
5200,1227,3,20,2023-04-25 17:00:00,8000.00,cancelada,nequi,Sebastián Montoya Bedoya,Arreglo de barba,El Paisa Cuts
5201,628,28,10,2023-10-11 18:00:00,55000.00,atendida,transferencia,Maria Romero Ospina,Pack novio completo,Yeferson King
5202,1433,1,13,2024-09-17 17:00:00,12000.00,atendida,transferencia,Rodrigo Díaz Ospina,Corte de cabello Basico,Camilo Pro
5203,702,15,26,2023-02-06 14:00:00,14000.00,atendida,transferencia,Melissa Cruz Correa,Tinte completo,Andres El Pro
5204,379,12,27,2023-02-05 09:00:00,12000.00,cancelada,transferencia,Yulieth Montoya Gutiérrez,Corte moderno,Tomas Clipper
5205,124,3,13,2024-01-17 14:00:00,8000.00,cancelada,transferencia,Andrés Flores Torres,Arreglo de barba,Camilo Pro
5206,1542,30,28,2024-02-24 18:00:00,40000.00,atendida,transferencia,Yesid Cruz Ortiz,Corte + lavado + barba,Yeison Barber
5207,888,15,4,2023-02-26 11:00:00,14000.00,atendida,transferencia,Rodrigo Ortiz Ospina,Tinte completo,Mateo Barber
5208,75,26,20,2024-02-04 17:00:00,50000.00,atendida,transferencia,Marcela Peña López,Masaje capilar,El Paisa Cuts
5209,372,27,10,2024-11-01 15:00:00,22000.00,atendida,nequi,Hernán Sánchez Ríos,Tratamiento anticaida,Yeferson King
5210,1797,29,11,2024-08-28 12:00:00,50000.00,atendida,nequi,Leidy Torres Ramos,Coloracion fantasia,El Mono Barber
5211,1977,3,17,2024-02-23 10:00:00,8000.00,cancelada,tarjeta,Nathaly Bedoya Sánchez,Arreglo de barba,Kevin El Maestro
5212,1646,9,26,2023-05-07 10:00:00,10000.00,atendida,tarjeta,Maria Torres Ortiz,Corte degradado,Andres El Pro
5213,576,25,4,2023-07-22 08:00:00,80000.00,atendida,efectivo,Paola García Montoya,Corte + hidratacion,Mateo Barber
5214,1654,26,7,2023-03-08 12:00:00,50000.00,atendida,transferencia,Paola Guerrero Guerrero,Masaje capilar,Pipe El Crack
5215,1691,16,17,2023-03-02 18:00:00,8000.00,atendida,tarjeta,Raúl Rojas Vega,Barba completa,Kevin El Maestro
5216,1861,7,24,2024-07-25 08:00:00,13000.00,cancelada,daviplata,Fernando Rojas Parra,Arreglo de barba,El Negro Barber
5217,2027,10,3,2024-07-02 15:00:00,35000.00,atendida,daviplata,Fabian Silva Guerrero,Corte navaja,Juancho El Indio
5218,1351,14,6,2024-03-14 11:00:00,15000.00,atendida,transferencia,Ricardo Muñoz Henao,Corte + tinte,Chelo Cuts
5219,97,3,15,2024-06-24 12:00:00,8000.00,atendida,daviplata,Claudia Romero Herrera,Arreglo de barba,Jhon Navajas
5220,1381,14,25,2024-07-10 18:00:00,15000.00,atendida,tarjeta,Mauricio Salazar Peña,Corte + tinte,Lucho Precision
5221,340,13,6,2024-03-18 17:00:00,18000.00,atendida,daviplata,Alejandro Ramos Montoya,Corte infantil,Chelo Cuts
5222,838,6,8,2023-11-01 18:00:00,14000.00,cancelada,tarjeta,Fernando Romero Silva,Corte de cabello Basico + barba,Tato Fade
5223,178,11,18,2023-09-16 09:00:00,25000.00,atendida,nequi,Cristian Mendoza Arias,Corte clasico,Nico Estilo
5224,1146,21,4,2023-07-22 10:00:00,25000.00,atendida,transferencia,Miguel Ruiz Muñoz,Limpieza facial,Mateo Barber
5225,48,14,4,2023-01-11 09:00:00,15000.00,atendida,daviplata,Diana García Cruz,Corte + tinte,Mateo Barber
5226,204,10,29,2023-03-11 11:00:00,35000.00,atendida,efectivo,Natalia Ruiz Montoya,Corte navaja,El Calvo Cuts
5227,1518,18,20,2024-09-25 11:00:00,22000.00,atendida,tarjeta,Xiomara Romero Romero,Afeitado clasico navaja,El Paisa Cuts
5228,552,12,8,2024-07-26 17:00:00,12000.00,atendida,transferencia,Catalina Cruz Mendoza,Corte moderno,Tato Fade
5229,1188,6,28,2024-06-29 14:00:00,14000.00,atendida,nequi,Sebastián Rivera Salazar,Corte de cabello Basico + barba,Yeison Barber
5230,917,12,24,2023-02-15 17:00:00,12000.00,atendida,nequi,Deisy Moreno Vega,Corte moderno,El Negro Barber
5231,965,12,20,2024-09-14 17:00:00,12000.00,cancelada,efectivo,Sara Zapata Delgado,Corte moderno,El Paisa Cuts
5232,1092,1,12,2023-03-29 09:00:00,12000.00,atendida,transferencia,Cristian Muñoz Rivera,Corte de cabello Basico,Duvan Fresh
5233,1282,15,11,2024-04-29 09:00:00,14000.00,atendida,nequi,Wilmar Gómez Cruz,Tinte completo,El Mono Barber
5234,261,20,15,2024-12-26 09:00:00,22000.00,cancelada,nequi,Patricia Rojas Rodríguez,Depilacion de cejas,Jhon Navajas
5235,1943,4,24,2024-06-23 08:00:00,18000.00,cancelada,daviplata,Carlos Ríos Ortiz,Corte + lavado,El Negro Barber
5236,1551,18,28,2023-04-26 17:00:00,22000.00,atendida,transferencia,Raúl Torres Ospina,Afeitado clasico navaja,Yeison Barber
5237,1235,9,13,2024-12-21 10:00:00,10000.00,atendida,efectivo,Laura Sánchez Romero,Corte degradado,Camilo Pro
5238,679,24,25,2023-09-06 10:00:00,50000.00,atendida,nequi,Dayana Díaz Romero,Corte + barba + cejas,Lucho Precision
5239,923,6,5,2024-07-17 16:00:00,14000.00,atendida,transferencia,Mauricio Gómez González,Corte de cabello Basico + barba,El Vikingo
5240,1515,21,9,2023-04-29 09:00:00,25000.00,atendida,nequi,David Martínez Espinoza,Limpieza facial,Brayan Scissors
5241,575,15,24,2023-07-03 14:00:00,14000.00,cancelada,nequi,Xiomara Ramos Montoya,Tinte completo,El Negro Barber
5242,351,28,22,2024-02-23 16:00:00,55000.00,atendida,efectivo,Lucia Suárez Correa,Pack novio completo,Diego Fadero
5243,1528,8,12,2023-09-06 11:00:00,16000.00,atendida,efectivo,Catalina Arias Ortiz,Corte + lavado,Duvan Fresh
5244,1350,13,18,2024-04-25 10:00:00,18000.00,cancelada,nequi,Lucia Moreno Rodríguez,Corte infantil,Nico Estilo
5245,1724,25,14,2023-06-06 10:00:00,80000.00,atendida,tarjeta,Melissa Guerrero Martínez,Corte + hidratacion,El Tigre Cuts
5246,1194,12,5,2024-06-07 16:00:00,12000.00,atendida,transferencia,Laura Vargas Peña,Corte moderno,El Vikingo
5247,1250,21,14,2023-02-26 09:00:00,25000.00,atendida,tarjeta,Ricardo Gómez Castro,Limpieza facial,El Tigre Cuts
5248,1984,28,15,2024-06-26 17:00:00,55000.00,atendida,daviplata,Santiago Herrera Díaz,Pack novio completo,Jhon Navajas
5249,1827,6,18,2023-07-20 10:00:00,14000.00,atendida,transferencia,Brayan Peña Rodríguez,Corte de cabello Basico + barba,Nico Estilo
5250,1789,25,18,2023-01-13 17:00:00,80000.00,atendida,efectivo,Angie Peña Medina,Corte + hidratacion,Nico Estilo
5251,112,2,8,2024-06-21 10:00:00,15000.00,atendida,efectivo,Mauricio Guerrero Flores,Corte de cabello Basico + barba,Tato Fade
5252,1600,6,6,2023-07-07 17:00:00,14000.00,cancelada,efectivo,Dayana Silva Cárdenas,Corte de cabello Basico + barba,Chelo Cuts
5253,404,15,10,2023-03-25 18:00:00,14000.00,atendida,transferencia,Steven García Ortiz,Tinte completo,Yeferson King
5254,1678,25,2,2023-10-24 16:00:00,80000.00,atendida,tarjeta,Brayan Silva Díaz,Corte + hidratacion,Maicol Style
5255,331,20,20,2024-04-17 10:00:00,22000.00,atendida,efectivo,Hernán Bedoya Herrera,Depilacion de cejas,El Paisa Cuts
5256,1328,19,31,2023-01-07 15:00:00,60000.00,atendida,daviplata,Daniela Reyes Salazar,Cejas + barba,Cristian Fade
5257,1172,10,30,2023-10-16 14:00:00,35000.00,atendida,efectivo,Brayan Londoño Muñoz,Corte navaja,Pipe Navajas
5258,1804,28,27,2024-09-22 10:00:00,55000.00,atendida,transferencia,Adriana Vargas Silva,Pack novio completo,Tomas Clipper
5259,1100,27,20,2024-05-11 08:00:00,22000.00,cancelada,daviplata,Maria González Castro,Tratamiento anticaida,El Paisa Cuts
5260,349,6,13,2023-02-06 18:00:00,14000.00,cancelada,transferencia,Samuel García Romero,Corte de cabello Basico + barba,Camilo Pro
5261,1527,20,23,2024-09-10 09:00:00,22000.00,atendida,efectivo,Jhon Ramos Castro,Depilacion de cejas,Santi Premium
5262,886,11,8,2023-09-23 12:00:00,25000.00,atendida,daviplata,Ricardo Jiménez Montoya,Corte clasico,Tato Fade
5263,905,29,23,2024-09-29 10:00:00,50000.00,atendida,tarjeta,Ricardo Cruz Londoño,Coloracion fantasia,Santi Premium
5264,1994,18,8,2023-05-08 12:00:00,22000.00,cancelada,daviplata,Nicolás Moreno Montoya,Afeitado clasico navaja,Tato Fade
5265,50,3,23,2023-11-20 09:00:00,8000.00,cancelada,tarjeta,Leidy Montoya Ortiz,Arreglo de barba,Santi Premium
5266,696,14,9,2023-10-02 10:00:00,15000.00,atendida,daviplata,Felipe Silva Jiménez,Corte + tinte,Brayan Scissors
5267,1169,7,12,2023-06-13 11:00:00,13000.00,cancelada,efectivo,Jhon Reyes Herrera,Arreglo de barba,Duvan Fresh
5268,97,26,9,2023-09-08 16:00:00,50000.00,atendida,efectivo,Claudia Romero Herrera,Masaje capilar,Brayan Scissors
5269,1339,11,30,2023-09-04 08:00:00,25000.00,atendida,tarjeta,Diana Gutiérrez Ríos,Corte clasico,Pipe Navajas
5270,740,26,14,2023-04-17 15:00:00,50000.00,atendida,efectivo,Angie Suárez Espinoza,Masaje capilar,El Tigre Cuts
5271,658,6,21,2024-07-13 11:00:00,14000.00,cancelada,nequi,Carlos Muñoz Jiménez,Corte de cabello Basico + barba,Wilmar Style
5272,1393,6,7,2023-03-24 18:00:00,14000.00,cancelada,tarjeta,Valentina Suárez Morales,Corte de cabello Basico + barba,Pipe El Crack
5273,1302,26,31,2024-11-18 10:00:00,50000.00,atendida,transferencia,Natalia Vega Rojas,Masaje capilar,Cristian Fade
5274,1504,16,23,2023-05-28 18:00:00,8000.00,cancelada,daviplata,Yeison Montoya López,Barba completa,Santi Premium
5275,651,27,3,2024-06-23 11:00:00,22000.00,cancelada,daviplata,Oscar Suárez Reyes,Tratamiento anticaida,Juancho El Indio
5276,1832,29,17,2023-06-24 15:00:00,50000.00,atendida,daviplata,Lucia Ramos Jiménez,Coloracion fantasia,Kevin El Maestro
5277,1457,18,7,2023-12-18 08:00:00,22000.00,cancelada,daviplata,Fabian Ospina Rivera,Afeitado clasico navaja,Pipe El Crack
5278,1393,7,15,2024-09-22 08:00:00,13000.00,atendida,efectivo,Valentina Suárez Morales,Arreglo de barba,Jhon Navajas
5279,119,11,15,2023-04-29 16:00:00,25000.00,atendida,nequi,Ricardo Correa Jiménez,Corte clasico,Jhon Navajas
5280,1828,4,27,2024-05-31 09:00:00,18000.00,cancelada,tarjeta,Monica López García,Corte + lavado,Tomas Clipper
5281,1287,19,3,2023-07-31 08:00:00,60000.00,atendida,efectivo,Mauricio Ruiz Silva,Cejas + barba,Juancho El Indio
5282,539,15,23,2024-11-28 11:00:00,14000.00,atendida,nequi,Isabella Ortiz Vargas,Tinte completo,Santi Premium
5283,428,7,10,2024-03-25 18:00:00,13000.00,atendida,nequi,Adriana Rojas Silva,Arreglo de barba,Yeferson King
5284,1178,19,8,2023-03-02 16:00:00,60000.00,atendida,efectivo,Deisy Delgado Herrera,Cejas + barba,Tato Fade
5285,976,23,26,2024-11-05 18:00:00,30000.00,atendida,daviplata,Catalina Suárez Sánchez,Keratina,Andres El Pro
5286,1308,5,25,2024-11-06 12:00:00,15000.00,atendida,efectivo,Catalina Torres Ruiz,Corte de cabello Basico,Lucho Precision
5287,989,10,24,2023-06-21 16:00:00,35000.00,cancelada,tarjeta,Kevin Muñoz Espinoza,Corte navaja,El Negro Barber
5288,827,9,8,2024-12-18 11:00:00,10000.00,atendida,nequi,Jhon Delgado Ortiz,Corte degradado,Tato Fade
5289,1875,16,9,2024-08-09 15:00:00,8000.00,atendida,daviplata,Isabella Sánchez Ospina,Barba completa,Brayan Scissors
5290,1728,12,9,2023-06-16 10:00:00,12000.00,atendida,nequi,Ricardo Vargas Medina,Corte moderno,Brayan Scissors
5291,1740,14,23,2024-10-31 11:00:00,15000.00,atendida,transferencia,Samuel Morales Montoya,Corte + tinte,Santi Premium
5292,1077,27,23,2023-04-03 12:00:00,22000.00,atendida,efectivo,Sebastián Moreno Zapata,Tratamiento anticaida,Santi Premium
5293,1359,2,18,2024-02-22 18:00:00,15000.00,cancelada,nequi,Claudia Parra Rodríguez,Corte de cabello Basico + barba,Nico Estilo
5294,876,21,14,2023-01-27 17:00:00,25000.00,atendida,nequi,Luis Ríos Espinoza,Limpieza facial,El Tigre Cuts
5295,1749,28,31,2023-04-20 12:00:00,55000.00,atendida,transferencia,Natalia Vega Vega,Pack novio completo,Cristian Fade
5296,437,3,7,2024-12-28 08:00:00,8000.00,cancelada,efectivo,Nathaly Bedoya Guerrero,Arreglo de barba,Pipe El Crack
5297,929,27,30,2023-04-10 14:00:00,22000.00,cancelada,tarjeta,Carolina García Rojas,Tratamiento anticaida,Pipe Navajas
5298,47,3,5,2023-01-04 14:00:00,8000.00,atendida,nequi,Andrés Pérez Ramos,Arreglo de barba,El Vikingo
5299,981,17,7,2024-07-07 17:00:00,20000.00,atendida,transferencia,Catalina Ruiz Castro,Barba + hidratacion,Pipe El Crack
5300,1313,11,31,2024-11-06 09:00:00,25000.00,atendida,transferencia,Juan Salazar Delgado,Corte clasico,Cristian Fade
5301,692,29,26,2023-07-31 15:00:00,50000.00,cancelada,daviplata,Mateo Bedoya Muñoz,Coloracion fantasia,Andres El Pro
5302,37,12,17,2023-06-15 10:00:00,12000.00,atendida,daviplata,Johana Londoño Martínez,Corte moderno,Kevin El Maestro
5303,1372,9,26,2024-09-27 10:00:00,10000.00,atendida,daviplata,Duvan Delgado Ortiz,Corte degradado,Andres El Pro
5304,791,22,5,2023-01-08 16:00:00,15000.00,atendida,nequi,Fabian Guerrero Medina,Hidratacion capilar,El Vikingo
5305,1032,29,16,2024-11-13 10:00:00,50000.00,atendida,daviplata,Camila Ríos Martínez,Coloracion fantasia,Sebastián Blade
5306,1192,17,10,2023-04-13 10:00:00,20000.00,cancelada,transferencia,Paula Muñoz Herrera,Barba + hidratacion,Yeferson King
5307,592,18,4,2024-05-30 15:00:00,22000.00,atendida,daviplata,Claudia López Gutiérrez,Afeitado clasico navaja,Mateo Barber
5308,871,24,17,2024-09-21 18:00:00,50000.00,cancelada,tarjeta,Angie Cruz Vega,Corte + barba + cejas,Kevin El Maestro
5309,748,27,14,2024-06-05 18:00:00,22000.00,atendida,daviplata,Rodrigo Castro Parra,Tratamiento anticaida,El Tigre Cuts
5310,1288,21,23,2024-07-04 09:00:00,25000.00,atendida,efectivo,Luis Suárez Arias,Limpieza facial,Santi Premium
5311,1173,25,6,2023-03-09 12:00:00,80000.00,atendida,efectivo,Alejandro Londoño Salazar,Corte + hidratacion,Chelo Cuts
5312,1350,13,8,2024-05-30 17:00:00,18000.00,atendida,transferencia,Lucia Moreno Rodríguez,Corte infantil,Tato Fade
5313,870,28,31,2024-05-26 09:00:00,55000.00,atendida,nequi,Nicolás Morales Martínez,Pack novio completo,Cristian Fade
5314,347,21,13,2023-10-28 12:00:00,25000.00,atendida,nequi,Paola Torres Reyes,Limpieza facial,Camilo Pro
5315,1216,26,5,2023-01-28 14:00:00,50000.00,atendida,efectivo,Duvan Ramos Ospina,Masaje capilar,El Vikingo
5316,192,15,3,2024-10-21 17:00:00,14000.00,atendida,daviplata,Ana Arias Medina,Tinte completo,Juancho El Indio
5317,1630,29,7,2023-01-11 18:00:00,50000.00,atendida,efectivo,Esteban García Cárdenas,Coloracion fantasia,Pipe El Crack
5318,1270,22,4,2024-09-20 12:00:00,15000.00,cancelada,nequi,Paula Flores Jiménez,Hidratacion capilar,Mateo Barber
5319,651,19,14,2023-09-18 17:00:00,60000.00,atendida,daviplata,Oscar Suárez Reyes,Cejas + barba,El Tigre Cuts
5320,1604,6,25,2024-11-07 14:00:00,14000.00,cancelada,transferencia,Jhon Rojas Vega,Corte de cabello Basico + barba,Lucho Precision
5321,567,6,30,2024-04-25 14:00:00,14000.00,atendida,tarjeta,Sofia Salazar Rodríguez,Corte de cabello Basico + barba,Pipe Navajas
5322,1816,20,25,2024-10-30 08:00:00,22000.00,atendida,tarjeta,Mauricio Parra Cruz,Depilacion de cejas,Lucho Precision
5323,1188,17,8,2024-08-12 10:00:00,20000.00,atendida,efectivo,Sebastián Rivera Salazar,Barba + hidratacion,Tato Fade
5324,417,2,26,2023-03-29 10:00:00,15000.00,atendida,nequi,Sara Reyes Rojas,Corte de cabello Basico + barba,Andres El Pro
5325,738,24,11,2023-05-12 10:00:00,50000.00,atendida,daviplata,Juan Salazar Torres,Corte + barba + cejas,El Mono Barber
5326,1529,4,14,2023-03-02 08:00:00,18000.00,atendida,tarjeta,Camila Reyes Salazar,Corte + lavado,El Tigre Cuts
5327,1658,11,10,2023-12-17 18:00:00,25000.00,atendida,efectivo,Mariana García Zapata,Corte clasico,Yeferson King
5328,599,3,12,2024-11-16 12:00:00,8000.00,atendida,tarjeta,Patricia Londoño Arias,Arreglo de barba,Duvan Fresh
5329,83,27,26,2023-08-01 15:00:00,22000.00,atendida,tarjeta,Sergio Gutiérrez Rojas,Tratamiento anticaida,Andres El Pro
5330,1707,8,22,2023-10-07 18:00:00,16000.00,atendida,transferencia,Diana Reyes Sánchez,Corte + lavado,Diego Fadero
5331,876,15,5,2024-08-18 17:00:00,14000.00,atendida,daviplata,Luis Ríos Espinoza,Tinte completo,El Vikingo
5332,999,3,9,2023-06-22 10:00:00,8000.00,atendida,daviplata,Cristian Ocampo Reyes,Arreglo de barba,Brayan Scissors
5333,2018,7,24,2024-10-19 16:00:00,13000.00,atendida,efectivo,Hernán Ríos Ríos,Arreglo de barba,El Negro Barber
5334,461,16,23,2024-05-29 11:00:00,8000.00,atendida,daviplata,Xiomara Pérez Montoya,Barba completa,Santi Premium
5335,1576,19,22,2024-11-27 15:00:00,60000.00,atendida,daviplata,Paula Rivera Montoya,Cejas + barba,Diego Fadero
5336,356,14,10,2023-07-01 15:00:00,15000.00,atendida,daviplata,Andrés Henao Díaz,Corte + tinte,Yeferson King
5337,309,4,16,2024-05-11 17:00:00,18000.00,atendida,daviplata,Yeison Cruz Ramírez,Corte + lavado,Sebastián Blade
5338,55,21,26,2023-04-12 18:00:00,25000.00,atendida,efectivo,Paula Martínez Londoño,Limpieza facial,Andres El Pro
5339,1513,10,19,2023-12-28 08:00:00,35000.00,atendida,daviplata,Alejandro Mendoza Ríos,Corte navaja,Fercho Barber
5340,338,9,21,2024-08-28 14:00:00,10000.00,atendida,tarjeta,Paola Pérez Ocampo,Corte degradado,Wilmar Style
5341,192,9,20,2024-06-24 12:00:00,10000.00,atendida,tarjeta,Ana Arias Medina,Corte degradado,El Paisa Cuts
5342,914,12,27,2023-06-07 17:00:00,12000.00,atendida,transferencia,Leidy Ortiz Rojas,Corte moderno,Tomas Clipper
5343,159,27,3,2023-06-29 11:00:00,22000.00,atendida,nequi,Yeison Guerrero Ruiz,Tratamiento anticaida,Juancho El Indio
5344,922,24,23,2023-06-23 14:00:00,50000.00,atendida,daviplata,Brayan Rivera Ospina,Corte + barba + cejas,Santi Premium
5345,1313,21,22,2023-02-19 12:00:00,25000.00,atendida,tarjeta,Juan Salazar Delgado,Limpieza facial,Diego Fadero
5346,313,4,17,2023-01-22 15:00:00,18000.00,atendida,tarjeta,Esteban Zapata Delgado,Corte + lavado,Kevin El Maestro
5347,1385,19,6,2023-02-27 08:00:00,60000.00,atendida,tarjeta,Johana Ruiz Salazar,Cejas + barba,Chelo Cuts
5348,1736,8,18,2023-01-03 08:00:00,16000.00,atendida,transferencia,Felipe Jiménez Cárdenas,Corte + lavado,Nico Estilo
5349,1739,4,16,2023-08-19 18:00:00,18000.00,cancelada,efectivo,Lizeth Ramos Moreno,Corte + lavado,Sebastián Blade
5350,1713,12,3,2023-03-06 16:00:00,12000.00,atendida,daviplata,Jhon Peña Ríos,Corte moderno,Juancho El Indio
5351,1596,8,17,2024-07-10 18:00:00,16000.00,atendida,daviplata,Samuel Cárdenas González,Corte + lavado,Kevin El Maestro
5352,682,22,3,2024-12-19 16:00:00,15000.00,atendida,tarjeta,Jhon Silva Parra,Hidratacion capilar,Juancho El Indio
5353,181,20,14,2024-03-25 17:00:00,22000.00,cancelada,transferencia,Yeison Martínez Suárez,Depilacion de cejas,El Tigre Cuts
5354,1124,11,12,2023-03-17 08:00:00,25000.00,atendida,daviplata,Kevin Mendoza Londoño,Corte clasico,Duvan Fresh
5355,1973,2,5,2024-10-07 17:00:00,15000.00,atendida,nequi,Dayana Rodríguez Londoño,Corte de cabello Basico + barba,El Vikingo
5356,2022,25,14,2023-08-09 11:00:00,80000.00,atendida,efectivo,Maria Ocampo Ocampo,Corte + hidratacion,El Tigre Cuts
5357,619,29,16,2024-10-09 10:00:00,50000.00,atendida,tarjeta,Kevin Espinoza González,Coloracion fantasia,Sebastián Blade
5358,1130,22,6,2024-11-17 11:00:00,15000.00,atendida,daviplata,Lucia García Delgado,Hidratacion capilar,Chelo Cuts
5359,108,1,10,2024-12-16 10:00:00,12000.00,atendida,efectivo,Miguel González Morales,Corte de cabello Basico,Yeferson King
5360,1491,25,21,2024-02-11 14:00:00,80000.00,atendida,tarjeta,Mateo Rojas Rivera,Corte + hidratacion,Wilmar Style
5361,756,29,23,2024-08-18 12:00:00,50000.00,atendida,nequi,Melissa Correa Guerrero,Coloracion fantasia,Santi Premium
5362,1945,27,14,2023-08-25 10:00:00,22000.00,atendida,nequi,Mariana Zapata Arias,Tratamiento anticaida,El Tigre Cuts
5363,280,4,11,2024-01-09 10:00:00,18000.00,atendida,tarjeta,Cristian Suárez Suárez,Corte + lavado,El Mono Barber
5364,59,30,11,2023-10-22 10:00:00,40000.00,atendida,daviplata,Raúl Ramos Suárez,Corte + lavado + barba,El Mono Barber
5365,1899,3,15,2024-12-09 11:00:00,8000.00,atendida,efectivo,Jhon Cárdenas Jiménez,Arreglo de barba,Jhon Navajas
5366,757,7,14,2023-03-13 12:00:00,13000.00,atendida,daviplata,Brayan Ramírez Vargas,Arreglo de barba,El Tigre Cuts
5367,468,17,30,2024-11-13 11:00:00,20000.00,atendida,efectivo,Alejandro Gutiérrez Parra,Barba + hidratacion,Pipe Navajas
5368,1800,30,7,2024-01-09 12:00:00,40000.00,atendida,efectivo,Esteban Zapata Henao,Corte + lavado + barba,Pipe El Crack
5369,811,10,30,2023-10-03 17:00:00,35000.00,cancelada,tarjeta,Melissa Cruz Romero,Corte navaja,Pipe Navajas
5370,1114,19,24,2023-08-07 09:00:00,60000.00,atendida,efectivo,Duvan Mendoza Delgado,Cejas + barba,El Negro Barber
5371,349,13,12,2024-04-10 11:00:00,18000.00,cancelada,nequi,Samuel García Romero,Corte infantil,Duvan Fresh
5372,686,8,11,2024-03-22 11:00:00,16000.00,atendida,transferencia,Hernán Rodríguez Espinoza,Corte + lavado,El Mono Barber
5373,57,16,2,2023-06-14 09:00:00,8000.00,cancelada,tarjeta,Diego Peña Ramos,Barba completa,Maicol Style
5374,1546,23,11,2023-12-16 12:00:00,30000.00,atendida,daviplata,Sofia Londoño Arias,Keratina,El Mono Barber
5375,833,27,6,2023-06-03 17:00:00,22000.00,atendida,nequi,Wilmar Ruiz García,Tratamiento anticaida,Chelo Cuts
5376,1790,15,26,2024-11-24 09:00:00,14000.00,cancelada,tarjeta,Sofia Moreno García,Tinte completo,Andres El Pro
5377,1496,25,14,2023-07-08 14:00:00,80000.00,atendida,nequi,Claudia Martínez Rivera,Corte + hidratacion,El Tigre Cuts
5378,1461,28,3,2024-04-24 09:00:00,55000.00,atendida,efectivo,Rodrigo Suárez Silva,Pack novio completo,Juancho El Indio
5379,172,19,23,2024-04-01 10:00:00,60000.00,atendida,nequi,Xiomara Moreno Martínez,Cejas + barba,Santi Premium
5380,875,6,10,2024-05-05 17:00:00,14000.00,cancelada,tarjeta,David Rodríguez Jiménez,Corte de cabello Basico + barba,Yeferson King
5381,88,12,18,2023-10-07 14:00:00,12000.00,atendida,daviplata,Gabriela Parra Peña,Corte moderno,Nico Estilo
5382,1387,4,29,2023-12-13 08:00:00,18000.00,atendida,tarjeta,Cristian Ramírez Guerrero,Corte + lavado,El Calvo Cuts
5383,1273,4,16,2023-05-27 15:00:00,18000.00,atendida,tarjeta,Monica Silva Correa,Corte + lavado,Sebastián Blade
5384,1166,5,19,2024-10-02 14:00:00,15000.00,atendida,transferencia,Yesid Rivera Ruiz,Corte de cabello Basico,Fercho Barber
5385,1721,4,13,2023-11-21 15:00:00,18000.00,atendida,nequi,Adriana Henao Díaz,Corte + lavado,Camilo Pro
5386,1650,27,19,2023-03-21 18:00:00,22000.00,atendida,transferencia,Paola Reyes Díaz,Tratamiento anticaida,Fercho Barber
5387,695,17,27,2024-01-15 09:00:00,20000.00,cancelada,nequi,Oscar Vargas Ospina,Barba + hidratacion,Tomas Clipper
5388,1992,11,23,2023-11-24 14:00:00,25000.00,atendida,transferencia,Jorge Rojas Espinoza,Corte clasico,Santi Premium
5389,166,19,27,2023-04-11 08:00:00,60000.00,cancelada,tarjeta,Lucia Pérez Romero,Cejas + barba,Tomas Clipper
5390,1231,23,14,2023-04-18 18:00:00,30000.00,cancelada,tarjeta,Daniela Gómez Zapata,Keratina,El Tigre Cuts
5391,421,2,21,2023-06-11 14:00:00,15000.00,atendida,tarjeta,Sara Vargas Londoño,Corte de cabello Basico + barba,Wilmar Style
5392,648,3,12,2023-09-09 17:00:00,8000.00,cancelada,tarjeta,Kevin Jiménez Peña,Arreglo de barba,Duvan Fresh
5393,329,7,9,2023-10-01 08:00:00,13000.00,cancelada,tarjeta,Juan Morales Rodríguez,Arreglo de barba,Brayan Scissors
5394,53,2,13,2024-10-14 08:00:00,15000.00,cancelada,efectivo,Raúl Cárdenas Vega,Corte de cabello Basico + barba,Camilo Pro
5395,2003,24,4,2024-01-13 12:00:00,50000.00,cancelada,nequi,Rodrigo Peña Cárdenas,Corte + barba + cejas,Mateo Barber
5396,600,24,26,2024-11-24 08:00:00,50000.00,atendida,efectivo,Ferney López Arias,Corte + barba + cejas,Andres El Pro
5397,463,11,9,2024-09-17 17:00:00,25000.00,atendida,efectivo,Alejandro Flores Castro,Corte clasico,Brayan Scissors
5398,349,15,19,2024-07-25 09:00:00,14000.00,cancelada,efectivo,Samuel García Romero,Tinte completo,Fercho Barber
5399,548,4,8,2023-04-18 17:00:00,18000.00,atendida,daviplata,Johana Muñoz Ramírez,Corte + lavado,Tato Fade
5400,443,22,15,2024-03-17 15:00:00,15000.00,atendida,transferencia,Hernán Muñoz Vargas,Hidratacion capilar,Jhon Navajas
5401,1979,22,8,2024-11-12 12:00:00,15000.00,cancelada,efectivo,Yulieth Suárez Martínez,Hidratacion capilar,Tato Fade
5402,684,24,12,2024-10-23 09:00:00,50000.00,atendida,transferencia,Steven Peña Parra,Corte + barba + cejas,Duvan Fresh
5403,1264,7,16,2024-12-17 10:00:00,13000.00,atendida,efectivo,Ricardo Arias Ortiz,Arreglo de barba,Sebastián Blade
5404,1687,11,10,2024-03-28 18:00:00,25000.00,atendida,nequi,Catalina Pérez González,Corte clasico,Yeferson King
5405,716,1,15,2024-11-20 16:00:00,12000.00,atendida,nequi,Oscar Muñoz Ortiz,Corte de cabello Basico,Jhon Navajas
5406,692,27,6,2024-05-31 09:00:00,22000.00,atendida,nequi,Mateo Bedoya Muñoz,Tratamiento anticaida,Chelo Cuts
5407,1787,15,20,2024-08-31 15:00:00,14000.00,cancelada,efectivo,Jhon González Castro,Tinte completo,El Paisa Cuts
5408,1803,22,7,2024-03-19 15:00:00,15000.00,atendida,efectivo,Mariana Arias Ortiz,Hidratacion capilar,Pipe El Crack
5409,1419,13,31,2024-04-23 10:00:00,18000.00,atendida,nequi,Wilmar Jiménez Vega,Corte infantil,Cristian Fade
5410,596,25,29,2024-09-09 15:00:00,80000.00,cancelada,daviplata,Sara Espinoza Romero,Corte + hidratacion,El Calvo Cuts
5411,1255,14,28,2024-10-10 10:00:00,15000.00,atendida,transferencia,Carlos Morales Jiménez,Corte + tinte,Yeison Barber
5412,945,2,9,2023-12-12 08:00:00,15000.00,cancelada,daviplata,Fernando Medina Muñoz,Corte de cabello Basico + barba,Brayan Scissors
5413,63,15,13,2024-02-11 08:00:00,14000.00,atendida,tarjeta,Juan Torres Jiménez,Tinte completo,Camilo Pro
5414,258,30,19,2024-07-21 18:00:00,40000.00,atendida,efectivo,Yesid Herrera Arias,Corte + lavado + barba,Fercho Barber
5415,1628,22,4,2023-01-24 16:00:00,15000.00,atendida,tarjeta,Fernando Salazar Moreno,Hidratacion capilar,Mateo Barber
5416,768,11,15,2024-04-17 08:00:00,25000.00,atendida,transferencia,Felipe Parra Ospina,Corte clasico,Jhon Navajas
5417,345,7,29,2024-05-13 17:00:00,13000.00,atendida,transferencia,David Correa Espinoza,Arreglo de barba,El Calvo Cuts
5418,818,11,9,2024-12-26 12:00:00,25000.00,atendida,efectivo,Laura Vega Rojas,Corte clasico,Brayan Scissors
5419,963,12,6,2024-07-17 14:00:00,12000.00,cancelada,tarjeta,Jorge Jiménez Reyes,Corte moderno,Chelo Cuts
5420,1453,20,23,2024-09-19 16:00:00,22000.00,atendida,daviplata,Diana Medina Montoya,Depilacion de cejas,Santi Premium
5421,1709,9,5,2023-08-12 12:00:00,10000.00,atendida,efectivo,Cristian Ortiz Martínez,Corte degradado,El Vikingo
5422,313,23,23,2024-03-30 15:00:00,30000.00,atendida,tarjeta,Esteban Zapata Delgado,Keratina,Santi Premium
5423,209,29,27,2023-10-12 12:00:00,50000.00,atendida,transferencia,Sofia Ramos Peña,Coloracion fantasia,Tomas Clipper
5424,680,18,7,2024-09-26 08:00:00,22000.00,cancelada,nequi,Esteban Gómez Martínez,Afeitado clasico navaja,Pipe El Crack
5425,1931,17,10,2024-06-22 12:00:00,20000.00,atendida,daviplata,Nicolás Flores Ramos,Barba + hidratacion,Yeferson King
5426,1419,20,22,2023-02-08 09:00:00,22000.00,atendida,transferencia,Wilmar Jiménez Vega,Depilacion de cejas,Diego Fadero
5427,1099,27,5,2023-11-22 14:00:00,22000.00,cancelada,transferencia,Johana Gómez Pérez,Tratamiento anticaida,El Vikingo
5428,1847,23,25,2024-10-21 15:00:00,30000.00,atendida,daviplata,Jhon Suárez Romero,Keratina,Lucho Precision
5429,747,17,31,2023-07-19 12:00:00,20000.00,atendida,tarjeta,Patricia Rivera Ramos,Barba + hidratacion,Cristian Fade
5430,576,18,6,2023-05-20 15:00:00,22000.00,atendida,daviplata,Paola García Montoya,Afeitado clasico navaja,Chelo Cuts
5431,1526,17,18,2024-12-13 10:00:00,20000.00,atendida,daviplata,Duvan López Bedoya,Barba + hidratacion,Nico Estilo
5432,659,16,11,2024-10-05 16:00:00,8000.00,cancelada,transferencia,Samuel Herrera Romero,Barba completa,El Mono Barber
5433,1023,6,5,2024-12-17 18:00:00,14000.00,cancelada,daviplata,Juan López Torres,Corte de cabello Basico + barba,El Vikingo
5434,1760,24,16,2023-07-06 18:00:00,50000.00,atendida,transferencia,Mauricio González Herrera,Corte + barba + cejas,Sebastián Blade
5435,1511,23,31,2024-09-21 14:00:00,30000.00,atendida,nequi,Camila Vega Silva,Keratina,Cristian Fade
5436,80,14,10,2023-04-13 12:00:00,15000.00,cancelada,efectivo,Hernán Guerrero Romero,Corte + tinte,Yeferson King
5437,362,21,21,2023-10-24 17:00:00,25000.00,atendida,daviplata,Santiago Torres Medina,Limpieza facial,Wilmar Style
5438,1790,21,27,2024-01-13 15:00:00,25000.00,cancelada,transferencia,Sofia Moreno García,Limpieza facial,Tomas Clipper
5439,1496,6,8,2024-01-12 15:00:00,14000.00,atendida,tarjeta,Claudia Martínez Rivera,Corte de cabello Basico + barba,Tato Fade
5440,1490,13,6,2024-05-20 11:00:00,18000.00,atendida,nequi,Mariana Correa Muñoz,Corte infantil,Chelo Cuts
5441,662,3,25,2023-07-01 16:00:00,8000.00,cancelada,efectivo,Raúl Londoño Parra,Arreglo de barba,Lucho Precision
5442,1361,15,26,2024-06-11 17:00:00,14000.00,atendida,efectivo,Laura Muñoz González,Tinte completo,Andres El Pro
5443,1039,4,7,2024-07-20 10:00:00,18000.00,atendida,transferencia,Isabella Herrera Zapata,Corte + lavado,Pipe El Crack
5444,1504,22,31,2023-11-29 10:00:00,15000.00,atendida,tarjeta,Yeison Montoya López,Hidratacion capilar,Cristian Fade
5445,788,14,24,2024-10-27 14:00:00,15000.00,atendida,transferencia,Juan Ruiz Vargas,Corte + tinte,El Negro Barber
5446,1085,30,22,2024-01-03 12:00:00,40000.00,cancelada,transferencia,Sofia Gómez Cárdenas,Corte + lavado + barba,Diego Fadero
5447,193,11,14,2024-06-19 15:00:00,25000.00,atendida,transferencia,Sara Montoya Delgado,Corte clasico,El Tigre Cuts
5448,305,8,15,2024-01-06 11:00:00,16000.00,atendida,tarjeta,Mateo González Espinoza,Corte + lavado,Jhon Navajas
5449,760,6,29,2024-01-11 14:00:00,14000.00,cancelada,efectivo,Wilmar Henao Montoya,Corte de cabello Basico + barba,El Calvo Cuts
5450,571,4,12,2023-08-23 17:00:00,18000.00,atendida,tarjeta,Esteban Díaz Rivera,Corte + lavado,Duvan Fresh
5451,1213,22,11,2023-04-21 12:00:00,15000.00,cancelada,transferencia,Patricia Díaz Torres,Hidratacion capilar,El Mono Barber
5452,1847,29,13,2024-01-06 15:00:00,50000.00,cancelada,tarjeta,Jhon Suárez Romero,Coloracion fantasia,Camilo Pro
5453,270,21,24,2023-05-23 18:00:00,25000.00,atendida,tarjeta,Nathaly Torres Jiménez,Limpieza facial,El Negro Barber
5454,1118,27,31,2024-02-16 10:00:00,22000.00,atendida,efectivo,Carolina Gutiérrez Morales,Tratamiento anticaida,Cristian Fade
5455,1307,18,8,2023-05-27 15:00:00,22000.00,atendida,tarjeta,Miguel Romero Herrera,Afeitado clasico navaja,Tato Fade
5456,212,3,16,2023-07-30 14:00:00,8000.00,atendida,efectivo,Felipe Peña Henao,Arreglo de barba,Sebastián Blade
5457,58,18,14,2023-05-20 10:00:00,22000.00,atendida,transferencia,Isabella Vega Vargas,Afeitado clasico navaja,El Tigre Cuts
5458,63,20,3,2023-06-07 18:00:00,22000.00,atendida,tarjeta,Juan Torres Jiménez,Depilacion de cejas,Juancho El Indio
5459,1211,7,3,2024-05-08 10:00:00,13000.00,cancelada,nequi,Laura Reyes Peña,Arreglo de barba,Juancho El Indio
5460,1349,18,17,2024-09-27 14:00:00,22000.00,atendida,tarjeta,Leidy Salazar Ruiz,Afeitado clasico navaja,Kevin El Maestro
5461,1967,11,29,2023-02-18 15:00:00,25000.00,atendida,daviplata,Isabella Gómez Bedoya,Corte clasico,El Calvo Cuts
5462,1298,15,26,2023-06-10 18:00:00,14000.00,atendida,daviplata,Brayan Ruiz Ospina,Tinte completo,Andres El Pro
5463,338,9,2,2023-11-26 12:00:00,10000.00,atendida,transferencia,Paola Pérez Ocampo,Corte degradado,Maicol Style
5464,173,8,8,2024-04-02 08:00:00,16000.00,atendida,efectivo,Duvan Gómez Ruiz,Corte + lavado,Tato Fade
5465,1598,24,23,2024-03-18 11:00:00,50000.00,atendida,daviplata,Claudia Henao López,Corte + barba + cejas,Santi Premium
5466,1119,10,10,2024-04-10 18:00:00,35000.00,cancelada,tarjeta,Johana Peña Cruz,Corte navaja,Yeferson King
5467,1226,9,17,2023-05-20 17:00:00,10000.00,cancelada,transferencia,Sofia Suárez Vega,Corte degradado,Kevin El Maestro
5468,586,17,5,2024-06-16 14:00:00,20000.00,atendida,transferencia,Nathaly Jiménez Romero,Barba + hidratacion,El Vikingo
5469,816,7,18,2024-08-23 09:00:00,13000.00,cancelada,daviplata,Brayan Salazar Pérez,Arreglo de barba,Nico Estilo
5470,1408,9,15,2023-12-17 17:00:00,10000.00,atendida,efectivo,Jhon Gómez Ramos,Corte degradado,Jhon Navajas
5471,1182,26,3,2024-04-10 16:00:00,50000.00,cancelada,nequi,Paola Vargas Delgado,Masaje capilar,Juancho El Indio
5472,1019,9,20,2024-03-05 15:00:00,10000.00,atendida,tarjeta,Santiago Parra Moreno,Corte degradado,El Paisa Cuts
5473,800,1,20,2024-08-10 11:00:00,12000.00,atendida,efectivo,Lizeth Medina Ortiz,Corte de cabello Basico,El Paisa Cuts
5474,133,29,16,2023-07-26 10:00:00,50000.00,atendida,nequi,Andrés Henao Díaz,Coloracion fantasia,Sebastián Blade
5475,60,22,14,2024-06-11 08:00:00,15000.00,cancelada,tarjeta,Duvan Díaz Vega,Hidratacion capilar,El Tigre Cuts
5476,510,24,24,2024-06-27 17:00:00,50000.00,atendida,transferencia,Sergio Bedoya Rojas,Corte + barba + cejas,El Negro Barber
5477,155,2,10,2023-09-12 08:00:00,15000.00,atendida,daviplata,Claudia Londoño Rojas,Corte de cabello Basico + barba,Yeferson King
5478,1053,12,26,2023-03-08 14:00:00,12000.00,atendida,transferencia,Samuel Gómez Gómez,Corte moderno,Andres El Pro
5479,1644,20,6,2024-08-23 18:00:00,22000.00,atendida,transferencia,Felipe Vargas Reyes,Depilacion de cejas,Chelo Cuts
5480,865,25,14,2024-07-23 09:00:00,80000.00,atendida,nequi,Mariana Moreno Martínez,Corte + hidratacion,El Tigre Cuts
5481,444,11,28,2024-08-19 17:00:00,25000.00,atendida,efectivo,Mateo Martínez Ruiz,Corte clasico,Yeison Barber
5482,989,6,4,2023-08-11 17:00:00,14000.00,cancelada,nequi,Kevin Muñoz Espinoza,Corte de cabello Basico + barba,Mateo Barber
5483,1051,2,3,2024-06-16 17:00:00,15000.00,cancelada,transferencia,Carolina Herrera Herrera,Corte de cabello Basico + barba,Juancho El Indio
5484,1420,18,3,2023-03-17 15:00:00,22000.00,atendida,nequi,Maria Ospina Salazar,Afeitado clasico navaja,Juancho El Indio
5485,1209,24,12,2024-05-04 15:00:00,50000.00,atendida,efectivo,Yesid Salazar Reyes,Corte + barba + cejas,Duvan Fresh
5486,968,23,29,2023-10-31 11:00:00,30000.00,cancelada,efectivo,David Londoño González,Keratina,El Calvo Cuts
5487,567,19,19,2024-08-02 10:00:00,60000.00,atendida,transferencia,Sofia Salazar Rodríguez,Cejas + barba,Fercho Barber
5488,409,24,25,2024-02-16 10:00:00,50000.00,atendida,tarjeta,Claudia Parra Reyes,Corte + barba + cejas,Lucho Precision
5489,1474,30,28,2024-07-02 15:00:00,40000.00,cancelada,nequi,Miguel Pérez Herrera,Corte + lavado + barba,Yeison Barber
5490,1351,3,29,2024-11-11 14:00:00,8000.00,atendida,efectivo,Ricardo Muñoz Henao,Arreglo de barba,El Calvo Cuts
5491,1461,8,28,2023-10-26 09:00:00,16000.00,cancelada,daviplata,Rodrigo Suárez Silva,Corte + lavado,Yeison Barber
5492,1029,10,18,2023-04-14 08:00:00,35000.00,atendida,tarjeta,Diego Muñoz Flores,Corte navaja,Nico Estilo
5493,1024,13,14,2024-10-05 08:00:00,18000.00,atendida,efectivo,Leidy Silva García,Corte infantil,El Tigre Cuts
5494,2020,27,3,2024-11-19 14:00:00,22000.00,atendida,tarjeta,Marcela Pérez Flores,Tratamiento anticaida,Juancho El Indio
5495,1550,19,31,2023-05-25 12:00:00,60000.00,cancelada,nequi,Melissa Muñoz Díaz,Cejas + barba,Cristian Fade
5496,792,5,27,2024-08-18 16:00:00,15000.00,cancelada,nequi,Fernando Ramírez Gómez,Corte de cabello Basico,Tomas Clipper
5497,1407,4,14,2023-01-10 17:00:00,18000.00,atendida,daviplata,Monica García Arias,Corte + lavado,El Tigre Cuts
5498,933,19,23,2024-05-14 14:00:00,60000.00,atendida,efectivo,Ricardo Medina Guerrero,Cejas + barba,Santi Premium
5499,317,20,31,2024-01-11 11:00:00,22000.00,cancelada,tarjeta,Jorge Morales Castro,Depilacion de cejas,Cristian Fade
5500,1307,13,23,2024-10-13 14:00:00,18000.00,cancelada,transferencia,Miguel Romero Herrera,Corte infantil,Santi Premium
5501,924,16,25,2024-06-03 11:00:00,8000.00,cancelada,efectivo,Adriana Londoño Salazar,Barba completa,Lucho Precision
5502,1316,5,20,2024-09-23 14:00:00,15000.00,atendida,transferencia,Monica Muñoz Ocampo,Corte de cabello Basico,El Paisa Cuts
5503,1471,21,23,2024-02-23 16:00:00,25000.00,atendida,daviplata,Mauricio Correa Montoya,Limpieza facial,Santi Premium
5504,780,21,28,2023-09-24 11:00:00,25000.00,cancelada,transferencia,Luis Vargas Bedoya,Limpieza facial,Yeison Barber
5505,980,26,9,2023-12-24 14:00:00,50000.00,atendida,nequi,Monica Medina Suárez,Masaje capilar,Brayan Scissors
5506,988,19,26,2023-02-14 10:00:00,60000.00,cancelada,tarjeta,Adriana López Sánchez,Cejas + barba,Andres El Pro
5507,377,15,28,2023-10-04 09:00:00,14000.00,atendida,daviplata,Fabian Ramos González,Tinte completo,Yeison Barber
5508,329,26,10,2023-04-21 08:00:00,50000.00,cancelada,tarjeta,Juan Morales Rodríguez,Masaje capilar,Yeferson King
5509,1830,16,5,2024-06-29 12:00:00,8000.00,atendida,tarjeta,Rodrigo Silva Rivera,Barba completa,El Vikingo
5510,750,17,14,2024-06-28 09:00:00,20000.00,atendida,transferencia,Santiago Montoya Romero,Barba + hidratacion,El Tigre Cuts
5511,1564,18,12,2023-10-11 10:00:00,22000.00,cancelada,nequi,Andrea López Ramos,Afeitado clasico navaja,Duvan Fresh
5512,1851,4,7,2024-08-04 09:00:00,18000.00,atendida,tarjeta,Duvan Rodríguez Reyes,Corte + lavado,Pipe El Crack
5513,1056,28,24,2024-02-15 08:00:00,55000.00,atendida,tarjeta,Rodrigo Rojas Pérez,Pack novio completo,El Negro Barber
5514,447,18,2,2024-12-09 11:00:00,22000.00,cancelada,efectivo,Juan Rivera Morales,Afeitado clasico navaja,Maicol Style
5515,367,12,12,2024-02-19 12:00:00,12000.00,atendida,daviplata,Jorge Herrera Medina,Corte moderno,Duvan Fresh
5516,1065,20,22,2024-02-01 10:00:00,22000.00,atendida,tarjeta,Raúl Romero Henao,Depilacion de cejas,Diego Fadero
5517,932,19,31,2024-05-27 15:00:00,60000.00,cancelada,efectivo,Laura Ospina Rivera,Cejas + barba,Cristian Fade
5518,89,1,3,2023-10-26 08:00:00,12000.00,atendida,transferencia,Xiomara Henao Rivera,Corte de cabello Basico,Juancho El Indio
5519,1406,8,12,2023-10-27 15:00:00,16000.00,atendida,nequi,Miguel Peña Peña,Corte + lavado,Duvan Fresh
5520,359,30,10,2024-07-17 15:00:00,40000.00,cancelada,transferencia,Carlos Henao Zapata,Corte + lavado + barba,Yeferson King
5521,1521,13,5,2023-08-17 11:00:00,18000.00,atendida,tarjeta,Paula Bedoya Moreno,Corte infantil,El Vikingo
5522,1184,24,27,2023-08-27 15:00:00,50000.00,cancelada,transferencia,Laura Romero Ramírez,Corte + barba + cejas,Tomas Clipper
5523,1604,26,11,2024-10-05 14:00:00,50000.00,atendida,transferencia,Jhon Rojas Vega,Masaje capilar,El Mono Barber
5524,547,23,8,2024-04-05 17:00:00,30000.00,cancelada,nequi,Diego Guerrero Reyes,Keratina,Tato Fade
5525,1791,23,12,2024-01-22 11:00:00,30000.00,cancelada,daviplata,Johana Cruz Ospina,Keratina,Duvan Fresh
5526,233,27,27,2023-01-19 14:00:00,22000.00,atendida,transferencia,Camila Castro Zapata,Tratamiento anticaida,Tomas Clipper
5527,691,24,23,2024-12-05 11:00:00,50000.00,atendida,efectivo,Ana Romero Medina,Corte + barba + cejas,Santi Premium
5528,110,9,19,2024-02-28 12:00:00,10000.00,atendida,efectivo,Miguel Flores López,Corte degradado,Fercho Barber
5529,1624,17,4,2024-08-27 11:00:00,20000.00,cancelada,tarjeta,Jorge Cárdenas Gutiérrez,Barba + hidratacion,Mateo Barber
5530,1184,2,5,2023-11-12 08:00:00,15000.00,atendida,efectivo,Laura Romero Ramírez,Corte de cabello Basico + barba,El Vikingo
5531,1676,4,4,2024-07-03 09:00:00,18000.00,atendida,efectivo,Gabriela Torres Rivera,Corte + lavado,Mateo Barber
5532,1084,23,30,2023-05-26 08:00:00,30000.00,atendida,nequi,Catalina Romero López,Keratina,Pipe Navajas
5533,1637,27,10,2024-05-31 17:00:00,22000.00,atendida,efectivo,Felipe Moreno Suárez,Tratamiento anticaida,Yeferson King
5534,102,15,15,2023-01-16 12:00:00,14000.00,atendida,efectivo,Sergio López Sánchez,Tinte completo,Jhon Navajas
5535,1111,20,27,2024-12-25 12:00:00,22000.00,atendida,efectivo,Andrés Ortiz Londoño,Depilacion de cejas,Tomas Clipper
5536,1781,17,14,2024-01-27 10:00:00,20000.00,cancelada,tarjeta,Catalina Castro Zapata,Barba + hidratacion,El Tigre Cuts
5537,1472,16,6,2024-10-17 12:00:00,8000.00,atendida,nequi,Laura Peña Henao,Barba completa,Chelo Cuts
5538,1442,2,27,2024-04-28 09:00:00,15000.00,atendida,nequi,Paula Herrera Romero,Corte de cabello Basico + barba,Tomas Clipper
5539,222,10,21,2024-12-26 08:00:00,35000.00,atendida,tarjeta,Ana García Espinoza,Corte navaja,Wilmar Style
5540,1091,18,12,2024-07-03 12:00:00,22000.00,atendida,transferencia,Fabian Ocampo Gutiérrez,Afeitado clasico navaja,Duvan Fresh
5541,544,14,31,2023-09-25 16:00:00,15000.00,atendida,tarjeta,Nicolás Zapata Londoño,Corte + tinte,Cristian Fade
5542,1442,11,6,2023-12-27 10:00:00,25000.00,atendida,transferencia,Paula Herrera Romero,Corte clasico,Chelo Cuts
5543,1862,30,26,2023-07-14 18:00:00,40000.00,atendida,tarjeta,Catalina Ocampo Cruz,Corte + lavado + barba,Andres El Pro
5544,588,12,27,2023-06-28 16:00:00,12000.00,atendida,transferencia,Paula Guerrero Henao,Corte moderno,Tomas Clipper
5545,1916,5,9,2024-01-03 16:00:00,15000.00,atendida,transferencia,Sofia Arias Pérez,Corte de cabello Basico,Brayan Scissors
5546,1833,16,25,2024-05-02 09:00:00,8000.00,atendida,efectivo,Raúl Rojas Ospina,Barba completa,Lucho Precision
5547,1710,14,3,2023-08-26 10:00:00,15000.00,cancelada,nequi,Sebastián Ortiz Moreno,Corte + tinte,Juancho El Indio
5548,648,14,31,2023-01-02 18:00:00,15000.00,cancelada,nequi,Kevin Jiménez Peña,Corte + tinte,Cristian Fade
5549,1271,16,4,2024-11-24 12:00:00,8000.00,cancelada,transferencia,Marcela Arias Rodríguez,Barba completa,Mateo Barber
5550,944,1,20,2024-05-29 12:00:00,12000.00,atendida,efectivo,Cristian Castro Ruiz,Corte de cabello Basico,El Paisa Cuts
5551,2024,18,4,2023-02-27 09:00:00,22000.00,cancelada,tarjeta,Duvan Martínez Londoño,Afeitado clasico navaja,Mateo Barber
5552,793,28,16,2024-01-10 08:00:00,55000.00,atendida,nequi,Cristian Sánchez Martínez,Pack novio completo,Sebastián Blade
5553,1184,28,26,2023-05-15 16:00:00,55000.00,atendida,transferencia,Laura Romero Ramírez,Pack novio completo,Andres El Pro
5554,1842,7,29,2024-12-28 17:00:00,13000.00,atendida,efectivo,Samuel Bedoya Rodríguez,Arreglo de barba,El Calvo Cuts
5555,109,21,26,2023-08-25 15:00:00,25000.00,cancelada,efectivo,Adriana Ortiz Vega,Limpieza facial,Andres El Pro
5556,743,9,7,2024-01-18 15:00:00,10000.00,atendida,efectivo,Catalina Ortiz Reyes,Corte degradado,Pipe El Crack
5557,1347,20,17,2024-09-22 14:00:00,22000.00,cancelada,efectivo,Yulieth Suárez Sánchez,Depilacion de cejas,Kevin El Maestro
5558,1281,4,19,2024-03-04 10:00:00,18000.00,atendida,transferencia,Leidy Díaz Zapata,Corte + lavado,Fercho Barber
5559,488,23,4,2024-07-07 18:00:00,30000.00,atendida,nequi,Camila Castro Ortiz,Keratina,Mateo Barber
5560,855,21,30,2024-09-19 09:00:00,25000.00,atendida,nequi,Sofia Zapata González,Limpieza facial,Pipe Navajas
5561,895,13,26,2024-05-04 10:00:00,18000.00,atendida,daviplata,Sergio Flores López,Corte infantil,Andres El Pro
5562,1620,10,18,2023-03-22 12:00:00,35000.00,atendida,nequi,Diego Mendoza García,Corte navaja,Nico Estilo
5563,369,27,30,2023-07-28 09:00:00,22000.00,cancelada,transferencia,Paula Medina Cruz,Tratamiento anticaida,Pipe Navajas
5564,1461,9,18,2023-07-13 16:00:00,10000.00,cancelada,transferencia,Rodrigo Suárez Silva,Corte degradado,Nico Estilo
5565,896,28,8,2024-12-28 16:00:00,55000.00,atendida,transferencia,Xiomara Correa Ramos,Pack novio completo,Tato Fade
5566,2013,23,4,2024-02-16 16:00:00,30000.00,atendida,tarjeta,Isabella Bedoya Jiménez,Keratina,Mateo Barber
5567,910,4,7,2023-08-13 16:00:00,18000.00,cancelada,nequi,Johana Díaz Flores,Corte + lavado,Pipe El Crack
5568,1279,7,31,2023-09-15 10:00:00,13000.00,atendida,nequi,Kevin Guerrero Guerrero,Arreglo de barba,Cristian Fade
5569,1033,1,13,2023-09-24 16:00:00,12000.00,cancelada,transferencia,Alejandro Ramos Medina,Corte de cabello Basico,Camilo Pro
5570,726,30,24,2024-07-27 15:00:00,40000.00,atendida,transferencia,Ferney Londoño Peña,Corte + lavado + barba,El Negro Barber
5571,1246,9,12,2024-12-31 15:00:00,10000.00,atendida,nequi,Melissa Vargas Ospina,Corte degradado,Duvan Fresh
5572,716,17,17,2024-05-20 16:00:00,20000.00,atendida,daviplata,Oscar Muñoz Ortiz,Barba + hidratacion,Kevin El Maestro
5573,1019,14,4,2024-08-16 17:00:00,15000.00,cancelada,transferencia,Santiago Parra Moreno,Corte + tinte,Mateo Barber
5574,1659,2,8,2023-01-04 10:00:00,15000.00,atendida,transferencia,Andrea Parra Cruz,Corte de cabello Basico + barba,Tato Fade
5575,818,19,10,2024-01-16 17:00:00,60000.00,atendida,efectivo,Laura Vega Rojas,Cejas + barba,Yeferson King
5576,351,25,10,2024-09-24 17:00:00,80000.00,atendida,transferencia,Lucia Suárez Correa,Corte + hidratacion,Yeferson King
5577,805,24,9,2023-03-08 14:00:00,50000.00,cancelada,daviplata,Monica Rodríguez Peña,Corte + barba + cejas,Brayan Scissors
5578,722,11,27,2024-11-29 17:00:00,25000.00,atendida,nequi,Angie Muñoz Ríos,Corte clasico,Tomas Clipper
5579,1383,10,11,2023-01-01 09:00:00,35000.00,atendida,transferencia,Paola Torres Rodríguez,Corte navaja,El Mono Barber
5580,1307,30,12,2024-05-29 08:00:00,40000.00,cancelada,daviplata,Miguel Romero Herrera,Corte + lavado + barba,Duvan Fresh
5581,268,22,15,2023-07-26 15:00:00,15000.00,atendida,transferencia,Catalina Herrera Rojas,Hidratacion capilar,Jhon Navajas
5582,1087,30,16,2024-01-24 14:00:00,40000.00,atendida,efectivo,Andrés Martínez González,Corte + lavado + barba,Sebastián Blade
5583,673,18,15,2023-02-20 08:00:00,22000.00,atendida,daviplata,Patricia Castro Gómez,Afeitado clasico navaja,Jhon Navajas
5584,1037,12,26,2023-09-05 11:00:00,12000.00,atendida,daviplata,Daniela Londoño Parra,Corte moderno,Andres El Pro
5585,1032,10,19,2024-12-13 10:00:00,35000.00,atendida,nequi,Camila Ríos Martínez,Corte navaja,Fercho Barber
5586,68,13,20,2023-09-06 17:00:00,18000.00,atendida,nequi,Julián Parra Morales,Corte infantil,El Paisa Cuts
5587,922,4,17,2023-01-23 18:00:00,18000.00,atendida,efectivo,Brayan Rivera Ospina,Corte + lavado,Kevin El Maestro
5588,1436,17,22,2023-01-05 08:00:00,20000.00,cancelada,nequi,Sofia Ortiz Ramos,Barba + hidratacion,Diego Fadero
5589,387,15,13,2024-11-04 08:00:00,14000.00,atendida,efectivo,Marcela Delgado Sánchez,Tinte completo,Camilo Pro
5590,1262,25,2,2024-01-23 14:00:00,80000.00,atendida,transferencia,Juan Pérez Pérez,Corte + hidratacion,Maicol Style
5591,1280,16,12,2023-09-24 10:00:00,8000.00,cancelada,daviplata,Andrea Salazar Ospina,Barba completa,Duvan Fresh
5592,1325,15,31,2023-12-12 18:00:00,14000.00,atendida,efectivo,Camila Zapata Mendoza,Tinte completo,Cristian Fade
5593,1698,27,8,2024-12-27 08:00:00,22000.00,cancelada,transferencia,Jhon Guerrero Medina,Tratamiento anticaida,Tato Fade
5594,646,20,12,2023-08-12 08:00:00,22000.00,atendida,nequi,Johana Rodríguez Correa,Depilacion de cejas,Duvan Fresh
5595,1682,7,22,2023-09-30 14:00:00,13000.00,atendida,efectivo,Natalia Pérez Cruz,Arreglo de barba,Diego Fadero
5596,1474,26,26,2024-02-02 14:00:00,50000.00,cancelada,tarjeta,Miguel Pérez Herrera,Masaje capilar,Andres El Pro
5597,639,8,8,2023-07-15 08:00:00,16000.00,atendida,daviplata,Paula Rivera Henao,Corte + lavado,Tato Fade
5598,100,8,18,2023-08-31 11:00:00,16000.00,atendida,efectivo,Leidy Gutiérrez García,Corte + lavado,Nico Estilo
5599,1110,18,20,2024-02-09 10:00:00,22000.00,atendida,tarjeta,Oscar Delgado Castro,Afeitado clasico navaja,El Paisa Cuts
5600,261,5,19,2024-12-25 12:00:00,15000.00,atendida,nequi,Patricia Rojas Rodríguez,Corte de cabello Basico,Fercho Barber
5601,1813,28,25,2024-12-14 18:00:00,55000.00,atendida,daviplata,Diego Guerrero Martínez,Pack novio completo,Lucho Precision
5602,1056,23,8,2024-05-16 11:00:00,30000.00,atendida,tarjeta,Rodrigo Rojas Pérez,Keratina,Tato Fade
5603,1779,24,5,2024-08-05 10:00:00,50000.00,atendida,transferencia,Xiomara Espinoza Moreno,Corte + barba + cejas,El Vikingo
5604,195,30,15,2023-06-17 12:00:00,40000.00,cancelada,daviplata,Mauricio López Ramos,Corte + lavado + barba,Jhon Navajas
5605,329,27,8,2023-07-07 16:00:00,22000.00,atendida,efectivo,Juan Morales Rodríguez,Tratamiento anticaida,Tato Fade
5606,561,24,30,2023-03-09 09:00:00,50000.00,atendida,efectivo,Julián Espinoza Rivera,Corte + barba + cejas,Pipe Navajas
5607,788,15,9,2023-10-19 08:00:00,14000.00,atendida,daviplata,Juan Ruiz Vargas,Tinte completo,Brayan Scissors
5608,1403,13,9,2023-05-12 09:00:00,18000.00,atendida,transferencia,Monica Gómez Bedoya,Corte infantil,Brayan Scissors
5609,860,22,13,2023-10-28 14:00:00,15000.00,atendida,nequi,Lizeth Rojas González,Hidratacion capilar,Camilo Pro
5610,1206,8,14,2024-06-24 09:00:00,16000.00,atendida,tarjeta,Sergio Romero Silva,Corte + lavado,El Tigre Cuts
5611,1850,12,19,2024-05-26 18:00:00,12000.00,cancelada,efectivo,Ferney Moreno Moreno,Corte moderno,Fercho Barber
5612,900,24,27,2023-06-05 10:00:00,50000.00,atendida,efectivo,Samuel Espinoza Rojas,Corte + barba + cejas,Tomas Clipper
5613,275,2,12,2024-04-25 08:00:00,15000.00,atendida,transferencia,Ana Torres Henao,Corte de cabello Basico + barba,Duvan Fresh
5614,225,8,24,2024-06-08 17:00:00,16000.00,atendida,daviplata,Laura Rojas Medina,Corte + lavado,El Negro Barber
5615,252,19,29,2023-01-12 17:00:00,60000.00,atendida,efectivo,Andrés López Mendoza,Cejas + barba,El Calvo Cuts
5616,1631,28,15,2024-03-19 08:00:00,55000.00,cancelada,transferencia,Raúl Gutiérrez Montoya,Pack novio completo,Jhon Navajas
5617,502,12,15,2023-05-21 12:00:00,12000.00,atendida,tarjeta,Rodrigo Peña Henao,Corte moderno,Jhon Navajas
5618,988,17,18,2024-11-01 12:00:00,20000.00,atendida,daviplata,Adriana López Sánchez,Barba + hidratacion,Nico Estilo
5619,1422,6,9,2024-11-20 09:00:00,14000.00,atendida,nequi,Nathaly González Romero,Corte de cabello Basico + barba,Brayan Scissors
5620,562,1,10,2024-04-29 16:00:00,12000.00,atendida,nequi,Andrea Parra Pérez,Corte de cabello Basico,Yeferson King
5621,1950,9,16,2023-04-10 17:00:00,10000.00,atendida,tarjeta,Luis García Peña,Corte degradado,Sebastián Blade
5622,1707,30,2,2024-07-30 09:00:00,40000.00,cancelada,transferencia,Diana Reyes Sánchez,Corte + lavado + barba,Maicol Style
5623,1285,22,30,2023-02-09 16:00:00,15000.00,atendida,nequi,Leidy Romero Castro,Hidratacion capilar,Pipe Navajas
5624,1785,7,15,2024-07-07 17:00:00,13000.00,atendida,daviplata,Raúl Cárdenas Cruz,Arreglo de barba,Jhon Navajas
5625,1967,16,3,2023-06-29 17:00:00,8000.00,atendida,daviplata,Isabella Gómez Bedoya,Barba completa,Juancho El Indio
5626,452,13,19,2024-06-18 10:00:00,18000.00,cancelada,efectivo,Sara Pérez Montoya,Corte infantil,Fercho Barber
5627,1232,4,24,2023-02-10 09:00:00,18000.00,cancelada,tarjeta,Camila Castro Peña,Corte + lavado,El Negro Barber
5628,1613,19,14,2024-12-08 14:00:00,60000.00,cancelada,transferencia,Xiomara Espinoza Parra,Cejas + barba,El Tigre Cuts
5629,884,4,8,2024-02-08 18:00:00,18000.00,cancelada,efectivo,Sara Mendoza Ramírez,Corte + lavado,Tato Fade
5630,1911,29,17,2024-08-27 17:00:00,50000.00,atendida,nequi,Yeison Díaz Gómez,Coloracion fantasia,Kevin El Maestro
5631,327,11,22,2024-02-17 15:00:00,25000.00,atendida,nequi,Juan Ramírez Vargas,Corte clasico,Diego Fadero
5632,1540,29,18,2023-04-21 09:00:00,50000.00,atendida,transferencia,Claudia Rojas Ramos,Coloracion fantasia,Nico Estilo
5633,1583,7,16,2024-09-05 12:00:00,13000.00,atendida,tarjeta,Fernando Arias Ortiz,Arreglo de barba,Sebastián Blade
5634,71,24,10,2023-12-08 14:00:00,50000.00,cancelada,nequi,Sergio Suárez Pérez,Corte + barba + cejas,Yeferson King
5635,510,21,22,2023-01-11 14:00:00,25000.00,atendida,tarjeta,Sergio Bedoya Rojas,Limpieza facial,Diego Fadero
5636,1040,30,14,2023-09-21 11:00:00,40000.00,atendida,tarjeta,Miguel Medina López,Corte + lavado + barba,El Tigre Cuts
5637,77,4,30,2024-01-19 09:00:00,18000.00,atendida,transferencia,Gabriela Jiménez Londoño,Corte + lavado,Pipe Navajas
5638,544,23,22,2024-07-23 16:00:00,30000.00,atendida,efectivo,Nicolás Zapata Londoño,Keratina,Diego Fadero
5639,1476,11,6,2024-06-03 15:00:00,25000.00,atendida,daviplata,Patricia Jiménez Flores,Corte clasico,Chelo Cuts
5640,313,18,31,2024-01-06 15:00:00,22000.00,cancelada,daviplata,Esteban Zapata Delgado,Afeitado clasico navaja,Cristian Fade
5641,353,28,10,2023-06-12 14:00:00,55000.00,cancelada,efectivo,Paula Jiménez Silva,Pack novio completo,Yeferson King
5642,1460,28,16,2024-07-09 12:00:00,55000.00,atendida,efectivo,Patricia Correa Ríos,Pack novio completo,Sebastián Blade
5643,372,5,8,2023-09-05 15:00:00,15000.00,atendida,tarjeta,Hernán Sánchez Ríos,Corte de cabello Basico,Tato Fade
5644,995,28,26,2024-09-20 12:00:00,55000.00,cancelada,tarjeta,Mariana Silva Silva,Pack novio completo,Andres El Pro
5645,1353,13,16,2023-08-08 12:00:00,18000.00,atendida,efectivo,Marcela Ramírez Martínez,Corte infantil,Sebastián Blade
5646,1901,29,7,2023-08-18 14:00:00,50000.00,atendida,daviplata,Alejandro Silva Medina,Coloracion fantasia,Pipe El Crack
5647,647,6,17,2023-02-20 10:00:00,14000.00,atendida,efectivo,Luis Ruiz Parra,Corte de cabello Basico + barba,Kevin El Maestro
5648,1655,11,13,2024-10-19 11:00:00,25000.00,cancelada,transferencia,Santiago Romero García,Corte clasico,Camilo Pro
5649,183,18,26,2024-06-14 12:00:00,22000.00,atendida,efectivo,Miguel Herrera Ríos,Afeitado clasico navaja,Andres El Pro
5650,280,2,17,2024-07-13 09:00:00,15000.00,atendida,tarjeta,Cristian Suárez Suárez,Corte de cabello Basico + barba,Kevin El Maestro
5651,492,5,15,2023-08-05 10:00:00,15000.00,atendida,efectivo,Yulieth Ríos Ramos,Corte de cabello Basico,Jhon Navajas
5652,859,1,19,2023-04-27 10:00:00,12000.00,cancelada,nequi,Deisy Castro Bedoya,Corte de cabello Basico,Fercho Barber
5653,751,9,31,2023-03-13 12:00:00,10000.00,cancelada,tarjeta,Deisy Bedoya Medina,Corte degradado,Cristian Fade
5654,906,1,14,2023-12-28 11:00:00,12000.00,atendida,transferencia,Wilmar Suárez Ospina,Corte de cabello Basico,El Tigre Cuts
5655,174,28,10,2023-09-06 16:00:00,55000.00,atendida,daviplata,Felipe Ramos Vargas,Pack novio completo,Yeferson King
5656,985,1,15,2024-07-03 16:00:00,12000.00,cancelada,nequi,Fabian Ruiz Parra,Corte de cabello Basico,Jhon Navajas
5657,252,8,20,2023-03-26 18:00:00,16000.00,cancelada,nequi,Andrés López Mendoza,Corte + lavado,El Paisa Cuts
5658,438,12,6,2024-01-08 11:00:00,12000.00,cancelada,efectivo,Ferney Rodríguez González,Corte moderno,Chelo Cuts
5659,963,18,27,2024-03-20 11:00:00,22000.00,cancelada,daviplata,Jorge Jiménez Reyes,Afeitado clasico navaja,Tomas Clipper
5660,1679,11,17,2023-09-01 10:00:00,25000.00,cancelada,efectivo,Yeison Mendoza Delgado,Corte clasico,Kevin El Maestro
5661,1784,15,19,2024-07-27 09:00:00,14000.00,atendida,transferencia,Paula Ospina Salazar,Tinte completo,Fercho Barber
5662,267,13,20,2024-10-06 18:00:00,18000.00,atendida,tarjeta,Lizeth Ramírez Torres,Corte infantil,El Paisa Cuts
5663,135,20,25,2024-10-19 18:00:00,22000.00,atendida,nequi,Sofia Cruz Peña,Depilacion de cejas,Lucho Precision
5664,1414,18,15,2024-12-15 15:00:00,22000.00,cancelada,efectivo,Sara Herrera Henao,Afeitado clasico navaja,Jhon Navajas
5665,840,21,12,2023-02-09 10:00:00,25000.00,atendida,efectivo,Nathaly Henao Castro,Limpieza facial,Duvan Fresh
5666,1373,14,29,2024-08-25 18:00:00,15000.00,atendida,transferencia,Diana Silva Medina,Corte + tinte,El Calvo Cuts
5667,1545,17,22,2023-09-24 17:00:00,20000.00,atendida,daviplata,Sebastián Medina Bedoya,Barba + hidratacion,Diego Fadero
5668,1355,3,11,2023-02-25 18:00:00,8000.00,atendida,tarjeta,Carolina Sánchez Ortiz,Arreglo de barba,El Mono Barber
5669,1824,12,16,2024-06-27 09:00:00,12000.00,cancelada,efectivo,Monica Muñoz Zapata,Corte moderno,Sebastián Blade
5670,435,17,13,2023-01-07 08:00:00,20000.00,cancelada,nequi,Juan Silva Espinoza,Barba + hidratacion,Camilo Pro
5671,1062,3,26,2023-02-07 11:00:00,8000.00,cancelada,tarjeta,Marcela Rivera Rojas,Arreglo de barba,Andres El Pro
5672,1992,10,31,2023-02-28 16:00:00,35000.00,atendida,efectivo,Jorge Rojas Espinoza,Corte navaja,Cristian Fade
5673,1208,25,7,2024-02-03 08:00:00,80000.00,atendida,tarjeta,Sebastián Parra Guerrero,Corte + hidratacion,Pipe El Crack
5674,996,13,25,2024-06-08 17:00:00,18000.00,atendida,efectivo,David Arias Ramírez,Corte infantil,Lucho Precision
5675,1117,26,28,2023-06-16 16:00:00,50000.00,cancelada,transferencia,Andrea Ramírez Sánchez,Masaje capilar,Yeison Barber
5676,1112,22,17,2024-02-21 08:00:00,15000.00,atendida,transferencia,Samuel Moreno Flores,Hidratacion capilar,Kevin El Maestro
5677,1037,26,18,2024-10-12 16:00:00,50000.00,cancelada,tarjeta,Daniela Londoño Parra,Masaje capilar,Nico Estilo
5678,1791,11,3,2023-03-17 15:00:00,25000.00,atendida,tarjeta,Johana Cruz Ospina,Corte clasico,Juancho El Indio
5679,219,11,31,2024-07-28 14:00:00,25000.00,atendida,nequi,Rodrigo Morales Ocampo,Corte clasico,Cristian Fade
5680,1598,25,18,2024-06-13 15:00:00,80000.00,cancelada,tarjeta,Claudia Henao López,Corte + hidratacion,Nico Estilo
5681,1533,19,16,2023-12-01 10:00:00,60000.00,atendida,nequi,Daniela Ramos Vega,Cejas + barba,Sebastián Blade
5682,45,26,21,2024-02-04 15:00:00,50000.00,atendida,efectivo,Jhon Reyes Ríos,Masaje capilar,Wilmar Style
5683,118,16,17,2023-07-13 18:00:00,8000.00,atendida,transferencia,Lizeth Londoño Ortiz,Barba completa,Kevin El Maestro
5684,236,1,24,2024-07-23 12:00:00,12000.00,atendida,transferencia,Fernando González Ocampo,Corte de cabello Basico,El Negro Barber
5685,2009,15,12,2024-09-25 10:00:00,14000.00,atendida,nequi,Adriana Morales Rivera,Tinte completo,Duvan Fresh
5686,1911,18,28,2023-11-26 09:00:00,22000.00,atendida,tarjeta,Yeison Díaz Gómez,Afeitado clasico navaja,Yeison Barber
5687,294,18,18,2023-11-02 09:00:00,22000.00,atendida,nequi,Marcela Díaz Ortiz,Afeitado clasico navaja,Nico Estilo
5688,1026,26,4,2023-08-25 18:00:00,50000.00,cancelada,nequi,Sara Suárez Torres,Masaje capilar,Mateo Barber
5689,1815,5,23,2024-07-31 17:00:00,15000.00,atendida,daviplata,Valentina Ríos Suárez,Corte de cabello Basico,Santi Premium
5690,1025,1,9,2024-03-26 11:00:00,12000.00,atendida,nequi,Miguel Jiménez Rivera,Corte de cabello Basico,Brayan Scissors
5691,913,9,28,2023-10-28 16:00:00,10000.00,atendida,efectivo,Camila Guerrero Muñoz,Corte degradado,Yeison Barber
5692,1583,30,26,2024-12-14 18:00:00,40000.00,cancelada,transferencia,Fernando Arias Ortiz,Corte + lavado + barba,Andres El Pro
5693,901,19,28,2024-02-05 18:00:00,60000.00,atendida,tarjeta,Monica Vega Rojas,Cejas + barba,Yeison Barber
5694,986,30,21,2024-12-29 09:00:00,40000.00,atendida,transferencia,Angie Cárdenas Ospina,Corte + lavado + barba,Wilmar Style
5695,399,21,8,2023-07-17 09:00:00,25000.00,atendida,nequi,Sergio Torres Flores,Limpieza facial,Tato Fade
5696,2014,14,26,2024-06-23 11:00:00,15000.00,cancelada,nequi,Laura Montoya Díaz,Corte + tinte,Andres El Pro
5697,1332,17,21,2024-07-29 12:00:00,20000.00,cancelada,nequi,Carlos Moreno Bedoya,Barba + hidratacion,Wilmar Style
5698,1568,12,21,2024-05-19 09:00:00,12000.00,cancelada,transferencia,Leidy Morales Parra,Corte moderno,Wilmar Style
5699,1920,15,25,2024-12-08 11:00:00,14000.00,atendida,efectivo,Marcela Delgado Castro,Tinte completo,Lucho Precision
5700,1204,8,27,2024-07-27 14:00:00,16000.00,atendida,efectivo,Paula Castro Jiménez,Corte + lavado,Tomas Clipper
5701,89,22,5,2023-07-16 18:00:00,15000.00,atendida,nequi,Xiomara Henao Rivera,Hidratacion capilar,El Vikingo
5702,38,25,23,2024-04-08 18:00:00,80000.00,cancelada,nequi,Dayana Guerrero Suárez,Corte + hidratacion,Santi Premium
5703,493,30,4,2024-07-30 10:00:00,40000.00,cancelada,transferencia,Sara Gutiérrez Silva,Corte + lavado + barba,Mateo Barber
5704,1730,7,4,2023-12-27 17:00:00,13000.00,atendida,transferencia,Steven Cruz Silva,Arreglo de barba,Mateo Barber
5705,791,9,6,2024-07-22 10:00:00,10000.00,atendida,nequi,Fabian Guerrero Medina,Corte degradado,Chelo Cuts
5706,1713,4,28,2024-10-13 08:00:00,18000.00,atendida,nequi,Jhon Peña Ríos,Corte + lavado,Yeison Barber
5707,474,3,12,2023-12-31 17:00:00,8000.00,cancelada,nequi,Deisy Ramos Salazar,Arreglo de barba,Duvan Fresh
5708,252,10,13,2023-01-17 15:00:00,35000.00,atendida,daviplata,Andrés López Mendoza,Corte navaja,Camilo Pro
5709,456,9,15,2023-04-23 14:00:00,10000.00,atendida,efectivo,Yeison Cárdenas Mendoza,Corte degradado,Jhon Navajas
5710,1966,16,5,2023-06-18 16:00:00,8000.00,atendida,daviplata,Fernando Ocampo Ocampo,Barba completa,El Vikingo
5711,1257,28,4,2023-11-14 17:00:00,55000.00,atendida,efectivo,Dayana Herrera Guerrero,Pack novio completo,Mateo Barber
5712,151,18,17,2024-03-01 15:00:00,22000.00,atendida,efectivo,Yeison Peña González,Afeitado clasico navaja,Kevin El Maestro
5713,670,12,27,2024-11-19 14:00:00,12000.00,atendida,nequi,Yesid Ramírez Vargas,Corte moderno,Tomas Clipper
5714,1518,20,31,2024-02-02 14:00:00,22000.00,cancelada,efectivo,Xiomara Romero Romero,Depilacion de cejas,Cristian Fade
5715,1825,30,4,2024-10-03 11:00:00,40000.00,atendida,efectivo,Juan Ruiz Díaz,Corte + lavado + barba,Mateo Barber
5716,2015,11,18,2024-04-24 11:00:00,25000.00,atendida,daviplata,Natalia Suárez Mendoza,Corte clasico,Nico Estilo
5717,980,16,30,2023-05-01 17:00:00,8000.00,cancelada,daviplata,Monica Medina Suárez,Barba completa,Pipe Navajas
5718,811,3,25,2023-02-04 11:00:00,8000.00,atendida,daviplata,Melissa Cruz Romero,Arreglo de barba,Lucho Precision
5719,1849,8,5,2023-11-03 18:00:00,16000.00,cancelada,transferencia,Luis Ortiz García,Corte + lavado,El Vikingo
5720,1315,1,3,2023-01-29 12:00:00,12000.00,cancelada,efectivo,Daniela Vega Silva,Corte de cabello Basico,Juancho El Indio
5721,2006,18,25,2024-02-13 14:00:00,22000.00,atendida,nequi,Fernando Cárdenas Espinoza,Afeitado clasico navaja,Lucho Precision
5722,590,18,10,2023-11-29 08:00:00,22000.00,atendida,transferencia,Duvan Muñoz Ramírez,Afeitado clasico navaja,Yeferson King
5723,625,11,27,2023-02-16 11:00:00,25000.00,cancelada,nequi,Mariana Delgado Henao,Corte clasico,Tomas Clipper
5724,749,4,17,2024-03-08 15:00:00,18000.00,atendida,daviplata,Alejandro Jiménez González,Corte + lavado,Kevin El Maestro
5725,1095,1,8,2024-10-15 11:00:00,12000.00,atendida,transferencia,Lizeth Reyes Rodríguez,Corte de cabello Basico,Tato Fade
5726,515,8,22,2024-04-24 09:00:00,16000.00,cancelada,tarjeta,Rodrigo Gutiérrez Morales,Corte + lavado,Diego Fadero
5727,1445,13,8,2023-12-08 12:00:00,18000.00,atendida,daviplata,Julián Flores Henao,Corte infantil,Tato Fade
5728,911,4,18,2024-01-13 11:00:00,18000.00,cancelada,efectivo,Cristian González Flores,Corte + lavado,Nico Estilo
5729,364,10,10,2024-08-14 09:00:00,35000.00,cancelada,daviplata,Patricia Ortiz Díaz,Corte navaja,Yeferson King
5730,375,22,31,2023-02-01 18:00:00,15000.00,atendida,transferencia,Camila Ortiz Vargas,Hidratacion capilar,Cristian Fade
5731,1603,19,5,2024-12-06 09:00:00,60000.00,atendida,tarjeta,Duvan Rodríguez Ríos,Cejas + barba,El Vikingo
5732,1522,10,25,2023-09-23 10:00:00,35000.00,atendida,nequi,Ricardo Castro Suárez,Corte navaja,Lucho Precision
5733,492,23,27,2023-06-24 12:00:00,30000.00,atendida,transferencia,Yulieth Ríos Ramos,Keratina,Tomas Clipper
5734,1433,8,26,2024-03-11 09:00:00,16000.00,atendida,nequi,Rodrigo Díaz Ospina,Corte + lavado,Andres El Pro
5735,1737,19,26,2024-10-10 10:00:00,60000.00,atendida,transferencia,Oscar Henao Suárez,Cejas + barba,Andres El Pro
5736,348,5,5,2024-11-15 11:00:00,15000.00,atendida,nequi,Brayan Parra Suárez,Corte de cabello Basico,El Vikingo
5737,1660,14,21,2023-04-07 15:00:00,15000.00,atendida,efectivo,Catalina López Ramírez,Corte + tinte,Wilmar Style
5738,200,18,29,2024-01-02 17:00:00,22000.00,atendida,transferencia,Yeison González Peña,Afeitado clasico navaja,El Calvo Cuts
5739,1179,23,8,2023-03-02 08:00:00,30000.00,atendida,daviplata,Claudia Flores Pérez,Keratina,Tato Fade
5740,323,8,10,2023-07-19 15:00:00,16000.00,atendida,nequi,Diego Zapata Mendoza,Corte + lavado,Yeferson King
5741,1679,15,13,2024-08-24 10:00:00,14000.00,atendida,efectivo,Yeison Mendoza Delgado,Tinte completo,Camilo Pro
5742,118,10,23,2023-07-12 11:00:00,35000.00,atendida,efectivo,Lizeth Londoño Ortiz,Corte navaja,Santi Premium
5743,1273,18,12,2023-07-31 15:00:00,22000.00,atendida,daviplata,Monica Silva Correa,Afeitado clasico navaja,Duvan Fresh
5744,602,7,7,2023-10-20 16:00:00,13000.00,cancelada,efectivo,Daniela Ospina Londoño,Arreglo de barba,Pipe El Crack
5745,309,11,26,2023-05-16 09:00:00,25000.00,atendida,transferencia,Yeison Cruz Ramírez,Corte clasico,Andres El Pro
5746,1710,18,13,2023-11-15 11:00:00,22000.00,atendida,nequi,Sebastián Ortiz Moreno,Afeitado clasico navaja,Camilo Pro
5747,358,28,16,2024-10-04 11:00:00,55000.00,atendida,tarjeta,Lucia Cárdenas Flores,Pack novio completo,Sebastián Blade
5748,878,9,26,2024-10-14 17:00:00,10000.00,atendida,daviplata,Alejandro Vargas Reyes,Corte degradado,Andres El Pro
5749,1141,26,9,2023-07-02 09:00:00,50000.00,atendida,nequi,Ferney Torres Mendoza,Masaje capilar,Brayan Scissors
5750,967,29,10,2023-10-24 10:00:00,50000.00,atendida,nequi,Fabian Suárez Delgado,Coloracion fantasia,Yeferson King
5751,303,4,10,2023-05-28 09:00:00,18000.00,cancelada,tarjeta,Diego Morales Rojas,Corte + lavado,Yeferson King
5752,1247,14,24,2023-01-10 10:00:00,15000.00,atendida,transferencia,Fabian Zapata Arias,Corte + tinte,El Negro Barber
5753,458,7,4,2024-11-10 18:00:00,13000.00,cancelada,transferencia,Paula Gutiérrez Torres,Arreglo de barba,Mateo Barber
5754,44,8,12,2024-11-01 16:00:00,16000.00,cancelada,nequi,Fabian Arias Correa,Corte + lavado,Duvan Fresh
5755,1463,25,13,2023-06-04 09:00:00,80000.00,atendida,transferencia,Felipe Herrera Rivera,Corte + hidratacion,Camilo Pro
5756,1315,10,4,2023-01-12 17:00:00,35000.00,atendida,daviplata,Daniela Vega Silva,Corte navaja,Mateo Barber
5757,1388,13,3,2023-02-18 15:00:00,18000.00,atendida,tarjeta,Gabriela Rojas Gutiérrez,Corte infantil,Juancho El Indio
5758,1683,14,14,2023-06-08 08:00:00,15000.00,atendida,tarjeta,Camila López Herrera,Corte + tinte,El Tigre Cuts
5759,535,19,17,2024-03-10 14:00:00,60000.00,atendida,daviplata,Fabian Peña Arias,Cejas + barba,Kevin El Maestro
5760,1890,24,25,2024-09-21 15:00:00,50000.00,cancelada,transferencia,Camila Gutiérrez Cruz,Corte + barba + cejas,Lucho Precision
5761,313,15,26,2024-05-22 16:00:00,14000.00,atendida,efectivo,Esteban Zapata Delgado,Tinte completo,Andres El Pro
5762,681,28,20,2023-04-16 17:00:00,55000.00,cancelada,transferencia,Camila Flores Morales,Pack novio completo,El Paisa Cuts
5763,1302,9,20,2023-10-30 12:00:00,10000.00,cancelada,transferencia,Natalia Vega Rojas,Corte degradado,El Paisa Cuts
5764,925,19,25,2024-09-12 15:00:00,60000.00,atendida,transferencia,Duvan Ramos Ramírez,Cejas + barba,Lucho Precision
5765,933,30,30,2024-10-03 18:00:00,40000.00,cancelada,efectivo,Ricardo Medina Guerrero,Corte + lavado + barba,Pipe Navajas
5766,1139,30,17,2024-01-20 12:00:00,40000.00,cancelada,efectivo,Mateo López Mendoza,Corte + lavado + barba,Kevin El Maestro
5767,1274,11,2,2023-09-04 09:00:00,25000.00,atendida,transferencia,Sebastián Ortiz Ríos,Corte clasico,Maicol Style
5768,1794,20,16,2024-09-29 18:00:00,22000.00,atendida,daviplata,Jorge Zapata Díaz,Depilacion de cejas,Sebastián Blade
5769,1779,26,4,2023-07-21 14:00:00,50000.00,atendida,transferencia,Xiomara Espinoza Moreno,Masaje capilar,Mateo Barber
5770,1642,29,21,2024-01-01 12:00:00,50000.00,cancelada,nequi,Yulieth Ríos Ramírez,Coloracion fantasia,Wilmar Style
5771,602,20,17,2023-05-08 09:00:00,22000.00,cancelada,tarjeta,Daniela Ospina Londoño,Depilacion de cejas,Kevin El Maestro
5772,1442,17,5,2023-05-29 18:00:00,20000.00,atendida,tarjeta,Paula Herrera Romero,Barba + hidratacion,El Vikingo
5773,1737,5,16,2023-01-31 15:00:00,15000.00,cancelada,daviplata,Oscar Henao Suárez,Corte de cabello Basico,Sebastián Blade
5774,1795,24,29,2023-08-10 09:00:00,50000.00,atendida,transferencia,Fernando Martínez Martínez,Corte + barba + cejas,El Calvo Cuts
5775,1724,5,30,2024-02-05 15:00:00,15000.00,atendida,transferencia,Melissa Guerrero Martínez,Corte de cabello Basico,Pipe Navajas
5776,777,18,13,2023-06-17 12:00:00,22000.00,atendida,efectivo,Rodrigo Rodríguez Reyes,Afeitado clasico navaja,Camilo Pro
5777,678,15,3,2024-04-13 18:00:00,14000.00,atendida,efectivo,Claudia Ortiz Rivera,Tinte completo,Juancho El Indio
5778,475,5,21,2024-11-28 14:00:00,15000.00,atendida,daviplata,Juan Gutiérrez Morales,Corte de cabello Basico,Wilmar Style
5779,890,19,24,2024-09-05 10:00:00,60000.00,atendida,nequi,Julián Rivera Ramos,Cejas + barba,El Negro Barber
5780,300,20,30,2024-08-10 14:00:00,22000.00,cancelada,transferencia,Julián Salazar Guerrero,Depilacion de cejas,Pipe Navajas
5781,1299,7,2,2024-12-24 17:00:00,13000.00,atendida,efectivo,Paola Muñoz Silva,Arreglo de barba,Maicol Style
5782,225,8,15,2023-06-09 14:00:00,16000.00,atendida,efectivo,Laura Rojas Medina,Corte + lavado,Jhon Navajas
5783,89,9,25,2023-07-01 16:00:00,10000.00,cancelada,tarjeta,Xiomara Henao Rivera,Corte degradado,Lucho Precision
5784,190,11,10,2023-06-06 12:00:00,25000.00,atendida,efectivo,Nicolás López Espinoza,Corte clasico,Yeferson King
5785,1638,19,18,2023-01-06 15:00:00,60000.00,cancelada,tarjeta,Fernando Delgado Gómez,Cejas + barba,Nico Estilo
5786,707,4,28,2024-03-30 14:00:00,18000.00,cancelada,transferencia,Natalia Suárez Henao,Corte + lavado,Yeison Barber
5787,116,19,22,2023-07-23 09:00:00,60000.00,atendida,nequi,Patricia García Mendoza,Cejas + barba,Diego Fadero
5788,589,17,22,2023-09-23 10:00:00,20000.00,atendida,nequi,Brayan Cruz Suárez,Barba + hidratacion,Diego Fadero
5789,1144,28,10,2023-05-05 17:00:00,55000.00,cancelada,tarjeta,Isabella Peña Gómez,Pack novio completo,Yeferson King
5790,435,9,27,2023-06-08 17:00:00,10000.00,cancelada,nequi,Juan Silva Espinoza,Corte degradado,Tomas Clipper
5791,1496,12,12,2023-02-14 18:00:00,12000.00,atendida,transferencia,Claudia Martínez Rivera,Corte moderno,Duvan Fresh
5792,773,3,25,2023-08-14 10:00:00,8000.00,cancelada,tarjeta,Angie Ruiz Vargas,Arreglo de barba,Lucho Precision
5793,878,26,27,2023-10-02 14:00:00,50000.00,atendida,tarjeta,Alejandro Vargas Reyes,Masaje capilar,Tomas Clipper
5794,423,16,19,2023-04-07 08:00:00,8000.00,cancelada,tarjeta,Carlos Vega Reyes,Barba completa,Fercho Barber
5795,137,2,28,2024-08-05 11:00:00,15000.00,atendida,transferencia,Monica Espinoza Peña,Corte de cabello Basico + barba,Yeison Barber
5796,625,2,13,2024-03-17 10:00:00,15000.00,cancelada,nequi,Mariana Delgado Henao,Corte de cabello Basico + barba,Camilo Pro
5797,1080,28,18,2023-11-22 15:00:00,55000.00,atendida,nequi,Carlos Martínez Ocampo,Pack novio completo,Nico Estilo
5798,501,11,31,2024-10-16 09:00:00,25000.00,cancelada,tarjeta,Jorge Martínez García,Corte clasico,Cristian Fade
5799,157,12,18,2024-07-27 11:00:00,12000.00,atendida,efectivo,Santiago Pérez Ramírez,Corte moderno,Nico Estilo
5800,1094,13,14,2024-04-29 10:00:00,18000.00,cancelada,efectivo,Diana Parra Silva,Corte infantil,El Tigre Cuts
5801,983,20,5,2023-01-16 15:00:00,22000.00,cancelada,nequi,Yesid Martínez Rodríguez,Depilacion de cejas,El Vikingo
5802,658,13,2,2024-04-27 09:00:00,18000.00,cancelada,efectivo,Carlos Muñoz Jiménez,Corte infantil,Maicol Style
5803,550,25,16,2024-08-11 12:00:00,80000.00,cancelada,efectivo,Sofia Correa Montoya,Corte + hidratacion,Sebastián Blade
5804,998,22,13,2024-08-21 14:00:00,15000.00,cancelada,transferencia,Catalina Rodríguez Suárez,Hidratacion capilar,Camilo Pro
5805,448,17,13,2024-03-11 17:00:00,20000.00,cancelada,efectivo,Paula Salazar Romero,Barba + hidratacion,Camilo Pro
5806,2029,8,12,2023-09-15 15:00:00,16000.00,atendida,daviplata,Angie Muñoz Ramos,Corte + lavado,Duvan Fresh
5807,457,21,3,2023-02-19 15:00:00,25000.00,atendida,nequi,Sara García Silva,Limpieza facial,Juancho El Indio
5808,322,12,21,2024-02-14 15:00:00,12000.00,atendida,transferencia,Camila Pérez Guerrero,Corte moderno,Wilmar Style
5809,344,4,30,2023-01-31 18:00:00,18000.00,atendida,tarjeta,Natalia Ortiz Cárdenas,Corte + lavado,Pipe Navajas
5810,110,8,15,2023-06-28 14:00:00,16000.00,atendida,daviplata,Miguel Flores López,Corte + lavado,Jhon Navajas
5811,1614,9,28,2023-11-24 18:00:00,10000.00,atendida,tarjeta,Xiomara Ramos Correa,Corte degradado,Yeison Barber
5812,454,29,6,2023-11-08 14:00:00,50000.00,atendida,transferencia,Mauricio Espinoza Delgado,Coloracion fantasia,Chelo Cuts
5813,939,16,11,2024-05-19 18:00:00,8000.00,atendida,transferencia,Adriana Cruz Cruz,Barba completa,El Mono Barber
5814,1499,9,17,2023-12-23 18:00:00,10000.00,atendida,efectivo,Maria Romero Ramos,Corte degradado,Kevin El Maestro
5815,711,17,21,2023-01-07 14:00:00,20000.00,atendida,efectivo,Yesid Silva Muñoz,Barba + hidratacion,Wilmar Style
5816,36,2,28,2023-02-10 10:00:00,15000.00,atendida,daviplata,Mateo Henao Ocampo,Corte de cabello Basico + barba,Yeison Barber
5817,1101,24,13,2024-09-14 16:00:00,50000.00,atendida,tarjeta,Marcela Correa Díaz,Corte + barba + cejas,Camilo Pro
5818,1589,5,21,2023-05-05 18:00:00,15000.00,cancelada,nequi,Juan Ramos Morales,Corte de cabello Basico,Wilmar Style
5819,357,13,26,2023-10-19 12:00:00,18000.00,atendida,transferencia,Camila Cárdenas Arias,Corte infantil,Andres El Pro
5820,920,11,11,2024-06-26 16:00:00,25000.00,atendida,daviplata,Diego Bedoya Gutiérrez,Corte clasico,El Mono Barber
5821,1533,5,7,2024-11-20 09:00:00,15000.00,atendida,tarjeta,Daniela Ramos Vega,Corte de cabello Basico,Pipe El Crack
5822,967,20,19,2023-03-19 18:00:00,22000.00,atendida,transferencia,Fabian Suárez Delgado,Depilacion de cejas,Fercho Barber
5823,930,3,4,2023-10-30 08:00:00,8000.00,atendida,transferencia,Patricia Silva Delgado,Arreglo de barba,Mateo Barber
5824,1213,26,20,2024-02-11 08:00:00,50000.00,atendida,efectivo,Patricia Díaz Torres,Masaje capilar,El Paisa Cuts
5825,1452,29,15,2024-11-05 14:00:00,50000.00,atendida,efectivo,Duvan Henao Vargas,Coloracion fantasia,Jhon Navajas
5826,1721,17,24,2024-04-07 10:00:00,20000.00,atendida,efectivo,Adriana Henao Díaz,Barba + hidratacion,El Negro Barber
5827,958,24,29,2023-01-31 17:00:00,50000.00,cancelada,tarjeta,Deisy Díaz Peña,Corte + barba + cejas,El Calvo Cuts
5828,1768,3,9,2023-06-17 18:00:00,8000.00,atendida,efectivo,Carolina González Correa,Arreglo de barba,Brayan Scissors
5829,1514,6,18,2023-08-30 16:00:00,14000.00,atendida,efectivo,Mauricio Rodríguez Medina,Corte de cabello Basico + barba,Nico Estilo
5830,913,16,18,2023-03-12 10:00:00,8000.00,atendida,nequi,Camila Guerrero Muñoz,Barba completa,Nico Estilo
5831,1527,30,3,2023-07-10 14:00:00,40000.00,atendida,daviplata,Jhon Ramos Castro,Corte + lavado + barba,Juancho El Indio
5832,520,14,10,2023-10-28 08:00:00,15000.00,atendida,transferencia,Leidy Espinoza Rodríguez,Corte + tinte,Yeferson King
5833,688,12,18,2024-07-02 15:00:00,12000.00,cancelada,transferencia,Raúl Ríos Torres,Corte moderno,Nico Estilo
5834,1345,5,5,2023-10-29 17:00:00,15000.00,atendida,nequi,Paola Jiménez Martínez,Corte de cabello Basico,El Vikingo
5835,751,6,13,2023-12-04 15:00:00,14000.00,atendida,tarjeta,Deisy Bedoya Medina,Corte de cabello Basico + barba,Camilo Pro
5836,116,27,5,2024-02-17 12:00:00,22000.00,cancelada,nequi,Patricia García Mendoza,Tratamiento anticaida,El Vikingo
5837,545,29,20,2024-06-21 14:00:00,50000.00,atendida,transferencia,Natalia Martínez Rojas,Coloracion fantasia,El Paisa Cuts
5838,1973,23,10,2023-09-23 15:00:00,30000.00,atendida,efectivo,Dayana Rodríguez Londoño,Keratina,Yeferson King
5839,2013,27,13,2024-03-28 11:00:00,22000.00,atendida,daviplata,Isabella Bedoya Jiménez,Tratamiento anticaida,Camilo Pro
5840,1669,24,27,2023-09-16 08:00:00,50000.00,atendida,daviplata,Camila Sánchez García,Corte + barba + cejas,Tomas Clipper
5841,1643,24,27,2024-04-15 16:00:00,50000.00,atendida,nequi,Diana García Rojas,Corte + barba + cejas,Tomas Clipper
5842,1147,28,3,2024-06-01 09:00:00,55000.00,atendida,tarjeta,Ferney Montoya Reyes,Pack novio completo,Juancho El Indio
5843,698,18,14,2023-08-23 11:00:00,22000.00,atendida,tarjeta,Fernando Ospina Parra,Afeitado clasico navaja,El Tigre Cuts
5844,725,1,27,2023-05-10 09:00:00,12000.00,atendida,daviplata,Camila Montoya Mendoza,Corte de cabello Basico,Tomas Clipper
5845,1939,9,25,2023-01-05 12:00:00,10000.00,atendida,tarjeta,Sofia Cárdenas Herrera,Corte degradado,Lucho Precision
5846,1856,6,8,2023-03-21 11:00:00,14000.00,atendida,nequi,Johana Arias Bedoya,Corte de cabello Basico + barba,Tato Fade
5847,1815,5,10,2023-09-09 08:00:00,15000.00,atendida,efectivo,Valentina Ríos Suárez,Corte de cabello Basico,Yeferson King
5848,1683,15,10,2024-10-11 18:00:00,14000.00,atendida,daviplata,Camila López Herrera,Tinte completo,Yeferson King
5849,958,19,12,2024-12-22 11:00:00,60000.00,atendida,nequi,Deisy Díaz Peña,Cejas + barba,Duvan Fresh
5850,1923,22,7,2024-10-14 10:00:00,15000.00,atendida,transferencia,Natalia Herrera Silva,Hidratacion capilar,Pipe El Crack
5851,486,1,5,2024-04-24 15:00:00,12000.00,cancelada,efectivo,Monica Arias Gutiérrez,Corte de cabello Basico,El Vikingo
5852,1090,21,16,2023-03-18 09:00:00,25000.00,cancelada,transferencia,Paula Reyes Ospina,Limpieza facial,Sebastián Blade
5853,1170,10,23,2024-04-09 14:00:00,35000.00,atendida,transferencia,Paola Mendoza Ospina,Corte navaja,Santi Premium
5854,1266,5,21,2024-09-29 11:00:00,15000.00,atendida,efectivo,Adriana Ramírez Guerrero,Corte de cabello Basico,Wilmar Style
5855,1089,29,14,2023-04-11 09:00:00,50000.00,atendida,transferencia,Oscar Muñoz Medina,Coloracion fantasia,El Tigre Cuts
5856,984,16,21,2023-03-18 09:00:00,8000.00,cancelada,nequi,Dayana González Delgado,Barba completa,Wilmar Style
5857,607,19,31,2024-10-29 15:00:00,60000.00,atendida,daviplata,Jhon Mendoza Vega,Cejas + barba,Cristian Fade
5858,1880,6,24,2023-10-25 14:00:00,14000.00,cancelada,nequi,Adriana Arias Delgado,Corte de cabello Basico + barba,El Negro Barber
5859,756,7,10,2024-07-22 15:00:00,13000.00,atendida,transferencia,Melissa Correa Guerrero,Arreglo de barba,Yeferson King
5860,996,6,25,2023-05-09 16:00:00,14000.00,cancelada,tarjeta,David Arias Ramírez,Corte de cabello Basico + barba,Lucho Precision
5861,1441,10,7,2023-02-12 18:00:00,35000.00,atendida,tarjeta,Sergio Martínez Ramos,Corte navaja,Pipe El Crack
5862,107,24,7,2024-01-19 09:00:00,50000.00,atendida,nequi,Isabella Parra Gutiérrez,Corte + barba + cejas,Pipe El Crack
5863,848,6,18,2023-09-05 17:00:00,14000.00,atendida,efectivo,Santiago Rodríguez Gutiérrez,Corte de cabello Basico + barba,Nico Estilo
5864,1187,17,17,2024-08-12 09:00:00,20000.00,cancelada,daviplata,Ricardo Rojas Ortiz,Barba + hidratacion,Kevin El Maestro
5865,381,21,22,2023-08-18 10:00:00,25000.00,atendida,tarjeta,Yesid Guerrero Rivera,Limpieza facial,Diego Fadero
5866,1626,2,21,2023-03-22 14:00:00,15000.00,cancelada,efectivo,Fernando Cárdenas Gutiérrez,Corte de cabello Basico + barba,Wilmar Style
5867,168,11,29,2023-07-16 15:00:00,25000.00,atendida,efectivo,Miguel Suárez Ospina,Corte clasico,El Calvo Cuts
5868,405,5,20,2023-08-20 18:00:00,15000.00,atendida,tarjeta,Andrea Sánchez García,Corte de cabello Basico,El Paisa Cuts
5869,419,28,2,2023-07-31 18:00:00,55000.00,cancelada,nequi,Fabian Silva Martínez,Pack novio completo,Maicol Style
5870,1595,13,26,2024-03-02 08:00:00,18000.00,atendida,efectivo,Andrea Morales Peña,Corte infantil,Andres El Pro
5871,1973,13,8,2024-03-03 17:00:00,18000.00,atendida,efectivo,Dayana Rodríguez Londoño,Corte infantil,Tato Fade
5872,867,14,26,2023-06-20 16:00:00,15000.00,cancelada,daviplata,Isabella Rojas Castro,Corte + tinte,Andres El Pro
5873,51,13,14,2024-05-25 09:00:00,18000.00,atendida,nequi,Yulieth Delgado Arias,Corte infantil,El Tigre Cuts
5874,700,29,27,2024-09-08 14:00:00,50000.00,atendida,tarjeta,Yulieth Rivera Pérez,Coloracion fantasia,Tomas Clipper
5875,1579,13,27,2024-08-12 17:00:00,18000.00,atendida,nequi,Diana Castro Díaz,Corte infantil,Tomas Clipper
5876,1416,15,5,2024-02-26 14:00:00,14000.00,atendida,daviplata,Alejandro Londoño Ríos,Tinte completo,El Vikingo
5877,1741,21,30,2023-05-01 17:00:00,25000.00,atendida,nequi,Catalina Bedoya Ospina,Limpieza facial,Pipe Navajas
5878,812,12,9,2024-05-06 08:00:00,12000.00,atendida,transferencia,David Vargas Ramos,Corte moderno,Brayan Scissors
5879,1407,7,15,2024-11-21 16:00:00,13000.00,atendida,nequi,Monica García Arias,Arreglo de barba,Jhon Navajas
5880,866,25,16,2024-12-16 15:00:00,80000.00,cancelada,nequi,Paola Vega Cárdenas,Corte + hidratacion,Sebastián Blade
5881,719,25,9,2024-05-25 11:00:00,80000.00,atendida,nequi,Ricardo Zapata Cruz,Corte + hidratacion,Brayan Scissors
5882,392,12,9,2024-01-15 16:00:00,12000.00,cancelada,nequi,Kevin Correa Pérez,Corte moderno,Brayan Scissors
5883,357,2,22,2024-08-21 11:00:00,15000.00,atendida,daviplata,Camila Cárdenas Arias,Corte de cabello Basico + barba,Diego Fadero
5884,721,25,25,2024-06-25 10:00:00,80000.00,atendida,daviplata,Miguel Ospina García,Corte + hidratacion,Lucho Precision
5885,216,27,18,2024-08-17 08:00:00,22000.00,atendida,nequi,Natalia Jiménez Ruiz,Tratamiento anticaida,Nico Estilo
5886,252,18,29,2023-06-30 11:00:00,22000.00,atendida,tarjeta,Andrés López Mendoza,Afeitado clasico navaja,El Calvo Cuts
5887,1739,7,9,2023-05-03 17:00:00,13000.00,cancelada,tarjeta,Lizeth Ramos Moreno,Arreglo de barba,Brayan Scissors
5888,1075,25,7,2023-11-12 17:00:00,80000.00,atendida,transferencia,Deisy Muñoz Guerrero,Corte + hidratacion,Pipe El Crack
5889,643,27,31,2024-11-17 14:00:00,22000.00,atendida,nequi,Gabriela García Rivera,Tratamiento anticaida,Cristian Fade
5890,1337,25,3,2023-04-15 09:00:00,80000.00,atendida,transferencia,Alejandro Romero Ríos,Corte + hidratacion,Juancho El Indio
5891,570,2,6,2023-09-20 08:00:00,15000.00,atendida,efectivo,Samuel Ospina Rojas,Corte de cabello Basico + barba,Chelo Cuts
5892,152,29,14,2024-10-16 16:00:00,50000.00,atendida,nequi,Julián Pérez Arias,Coloracion fantasia,El Tigre Cuts
5893,623,23,26,2023-08-07 17:00:00,30000.00,cancelada,nequi,Patricia Ruiz González,Keratina,Andres El Pro
5894,939,18,22,2023-07-18 10:00:00,22000.00,cancelada,efectivo,Adriana Cruz Cruz,Afeitado clasico navaja,Diego Fadero
5895,798,10,10,2024-06-03 16:00:00,35000.00,atendida,nequi,Alejandro Silva González,Corte navaja,Yeferson King
5896,1269,28,29,2023-02-27 18:00:00,55000.00,atendida,daviplata,Xiomara Bedoya Ruiz,Pack novio completo,El Calvo Cuts
5897,1645,25,23,2024-09-28 09:00:00,80000.00,atendida,efectivo,Xiomara Pérez Medina,Corte + hidratacion,Santi Premium
5898,1599,12,29,2024-08-14 15:00:00,12000.00,atendida,nequi,Esteban Ramírez Ramírez,Corte moderno,El Calvo Cuts
5899,772,15,17,2024-07-18 16:00:00,14000.00,cancelada,tarjeta,Claudia Castro Ospina,Tinte completo,Kevin El Maestro
5900,2022,15,11,2023-11-20 14:00:00,14000.00,atendida,tarjeta,Maria Ocampo Ocampo,Tinte completo,El Mono Barber
5901,48,18,19,2023-04-12 12:00:00,22000.00,atendida,transferencia,Diana García Cruz,Afeitado clasico navaja,Fercho Barber
5902,797,15,4,2023-09-14 10:00:00,14000.00,cancelada,transferencia,Kevin Bedoya Reyes,Tinte completo,Mateo Barber
5903,439,30,2,2024-04-11 15:00:00,40000.00,atendida,daviplata,Monica Ríos Rodríguez,Corte + lavado + barba,Maicol Style
5904,703,20,9,2024-02-05 16:00:00,22000.00,atendida,efectivo,Fabian Rojas Ortiz,Depilacion de cejas,Brayan Scissors
5905,439,11,15,2024-12-30 10:00:00,25000.00,atendida,transferencia,Monica Ríos Rodríguez,Corte clasico,Jhon Navajas
5906,795,25,7,2023-06-05 15:00:00,80000.00,atendida,tarjeta,Kevin Díaz Díaz,Corte + hidratacion,Pipe El Crack
5907,167,8,27,2024-09-19 17:00:00,16000.00,atendida,daviplata,Sofia Suárez Moreno,Corte + lavado,Tomas Clipper
5908,1500,16,25,2024-05-16 11:00:00,8000.00,atendida,transferencia,Mariana Londoño Henao,Barba completa,Lucho Precision
5909,1758,9,3,2023-12-02 14:00:00,10000.00,atendida,nequi,Mariana Flores Parra,Corte degradado,Juancho El Indio
5910,1845,12,21,2023-09-02 12:00:00,12000.00,atendida,transferencia,David Henao Pérez,Corte moderno,Wilmar Style
5911,1570,27,22,2023-04-01 12:00:00,22000.00,atendida,efectivo,Paola Pérez González,Tratamiento anticaida,Diego Fadero
5912,431,30,10,2023-08-21 10:00:00,40000.00,atendida,transferencia,Mauricio Díaz Peña,Corte + lavado + barba,Yeferson King
5913,1940,6,21,2024-08-08 16:00:00,14000.00,atendida,transferencia,Oscar Reyes Martínez,Corte de cabello Basico + barba,Wilmar Style
5914,833,21,29,2023-07-31 08:00:00,25000.00,atendida,daviplata,Wilmar Ruiz García,Limpieza facial,El Calvo Cuts
5915,1685,16,29,2023-08-09 17:00:00,8000.00,cancelada,tarjeta,Ferney González Muñoz,Barba completa,El Calvo Cuts
5916,193,12,24,2023-05-14 10:00:00,12000.00,atendida,daviplata,Sara Montoya Delgado,Corte moderno,El Negro Barber
5917,890,7,16,2024-06-06 16:00:00,13000.00,cancelada,transferencia,Julián Rivera Ramos,Arreglo de barba,Sebastián Blade
5918,494,4,14,2023-01-03 15:00:00,18000.00,atendida,transferencia,Yulieth Londoño Peña,Corte + lavado,El Tigre Cuts
5919,804,3,6,2023-05-08 12:00:00,8000.00,atendida,transferencia,Xiomara Zapata Reyes,Arreglo de barba,Chelo Cuts
5920,1907,19,28,2023-06-23 17:00:00,60000.00,atendida,transferencia,Marcela Arias Ruiz,Cejas + barba,Yeison Barber
5921,1041,3,11,2024-10-05 17:00:00,8000.00,atendida,efectivo,Jorge Suárez Gutiérrez,Arreglo de barba,El Mono Barber
5922,505,23,21,2023-02-04 10:00:00,30000.00,atendida,transferencia,Felipe Medina Vega,Keratina,Wilmar Style
5923,338,20,7,2023-07-01 12:00:00,22000.00,cancelada,efectivo,Paola Pérez Ocampo,Depilacion de cejas,Pipe El Crack
5924,1361,14,28,2023-10-04 08:00:00,15000.00,atendida,tarjeta,Laura Muñoz González,Corte + tinte,Yeison Barber
5925,831,14,5,2023-01-28 09:00:00,15000.00,atendida,transferencia,Felipe Rodríguez Castro,Corte + tinte,El Vikingo
5926,1142,14,20,2023-06-16 15:00:00,15000.00,atendida,tarjeta,Xiomara Castro Salazar,Corte + tinte,El Paisa Cuts
5927,1917,17,23,2023-09-03 15:00:00,20000.00,atendida,tarjeta,Jhon González Medina,Barba + hidratacion,Santi Premium
5928,1575,11,24,2023-02-23 15:00:00,25000.00,cancelada,tarjeta,Carolina García Jiménez,Corte clasico,El Negro Barber
5929,222,4,17,2024-06-16 08:00:00,18000.00,atendida,daviplata,Ana García Espinoza,Corte + lavado,Kevin El Maestro
5930,1927,11,30,2024-05-04 08:00:00,25000.00,cancelada,efectivo,Yulieth Salazar Herrera,Corte clasico,Pipe Navajas
5931,1908,2,23,2024-02-21 14:00:00,15000.00,atendida,tarjeta,Catalina Montoya Montoya,Corte de cabello Basico + barba,Santi Premium
5932,2030,17,14,2023-06-25 18:00:00,20000.00,cancelada,transferencia,Fabian Henao Jiménez,Barba + hidratacion,El Tigre Cuts
5933,329,29,23,2024-03-10 16:00:00,50000.00,atendida,transferencia,Juan Morales Rodríguez,Coloracion fantasia,Santi Premium
5934,1117,3,24,2024-02-18 15:00:00,8000.00,atendida,tarjeta,Andrea Ramírez Sánchez,Arreglo de barba,El Negro Barber
5935,1604,12,20,2023-05-08 16:00:00,12000.00,atendida,efectivo,Jhon Rojas Vega,Corte moderno,El Paisa Cuts
5936,891,5,10,2023-10-22 11:00:00,15000.00,atendida,transferencia,Wilmar Reyes Ramírez,Corte de cabello Basico,Yeferson King
5937,537,24,14,2024-04-01 12:00:00,50000.00,cancelada,efectivo,Jhon Cruz López,Corte + barba + cejas,El Tigre Cuts
5938,1747,4,16,2023-06-12 08:00:00,18000.00,atendida,daviplata,Sofia Muñoz Morales,Corte + lavado,Sebastián Blade
5939,769,20,30,2024-06-13 12:00:00,22000.00,atendida,nequi,Esteban González Sánchez,Depilacion de cejas,Pipe Navajas
5940,498,30,16,2023-04-21 12:00:00,40000.00,atendida,tarjeta,Monica Cárdenas Díaz,Corte + lavado + barba,Sebastián Blade
5941,685,20,22,2024-10-07 18:00:00,22000.00,atendida,efectivo,Oscar Morales Cárdenas,Depilacion de cejas,Diego Fadero
5942,1804,14,31,2024-02-16 16:00:00,15000.00,cancelada,transferencia,Adriana Vargas Silva,Corte + tinte,Cristian Fade
5943,1436,1,3,2024-11-17 10:00:00,12000.00,atendida,tarjeta,Sofia Ortiz Ramos,Corte de cabello Basico,Juancho El Indio
5944,1017,4,31,2024-06-16 17:00:00,18000.00,atendida,tarjeta,Deisy Arias Ocampo,Corte + lavado,Cristian Fade
5945,1866,8,8,2024-09-14 16:00:00,16000.00,atendida,transferencia,Nicolás Silva Ortiz,Corte + lavado,Tato Fade
5946,33,3,22,2023-08-19 12:00:00,8000.00,atendida,daviplata,Kevin Vargas Moreno,Arreglo de barba,Diego Fadero
5947,521,20,16,2023-09-19 12:00:00,22000.00,cancelada,transferencia,Yesid Ramos Ramírez,Depilacion de cejas,Sebastián Blade
5948,639,19,16,2024-11-10 10:00:00,60000.00,atendida,tarjeta,Paula Rivera Henao,Cejas + barba,Sebastián Blade
5949,1932,17,26,2024-04-14 09:00:00,20000.00,atendida,efectivo,Paula Henao Moreno,Barba + hidratacion,Andres El Pro
5950,1497,24,7,2023-01-06 15:00:00,50000.00,atendida,tarjeta,Nathaly Londoño Ramos,Corte + barba + cejas,Pipe El Crack
5951,1493,3,31,2024-07-26 15:00:00,8000.00,atendida,efectivo,Julián Moreno Gutiérrez,Arreglo de barba,Cristian Fade
5952,713,23,17,2023-12-13 08:00:00,30000.00,atendida,efectivo,Carlos Castro Rodríguez,Keratina,Kevin El Maestro
5953,818,8,19,2024-01-08 12:00:00,16000.00,cancelada,daviplata,Laura Vega Rojas,Corte + lavado,Fercho Barber
5954,1869,22,30,2023-12-31 18:00:00,15000.00,atendida,efectivo,Steven Torres Torres,Hidratacion capilar,Pipe Navajas
5955,927,12,20,2024-05-16 10:00:00,12000.00,atendida,nequi,Hernán Torres Rivera,Corte moderno,El Paisa Cuts
5956,1756,30,16,2023-12-10 16:00:00,40000.00,cancelada,tarjeta,Adriana Delgado Reyes,Corte + lavado + barba,Sebastián Blade
5957,873,15,27,2024-10-01 15:00:00,14000.00,atendida,efectivo,Lizeth Gómez Morales,Tinte completo,Tomas Clipper
5958,546,16,27,2024-09-11 08:00:00,8000.00,atendida,efectivo,Sofia García Parra,Barba completa,Tomas Clipper
5959,1759,13,15,2023-06-26 14:00:00,18000.00,atendida,tarjeta,Melissa Ortiz Delgado,Corte infantil,Jhon Navajas
5960,470,27,27,2024-07-15 15:00:00,22000.00,atendida,daviplata,Luis Ortiz Pérez,Tratamiento anticaida,Tomas Clipper
5961,679,7,10,2024-01-02 14:00:00,13000.00,atendida,efectivo,Dayana Díaz Romero,Arreglo de barba,Yeferson King
5962,1265,22,25,2023-07-01 09:00:00,15000.00,cancelada,tarjeta,Oscar Guerrero Henao,Hidratacion capilar,Lucho Precision
5963,309,15,28,2023-11-13 17:00:00,14000.00,atendida,tarjeta,Yeison Cruz Ramírez,Tinte completo,Yeison Barber
5964,1291,22,19,2023-12-28 08:00:00,15000.00,atendida,efectivo,Natalia Mendoza Herrera,Hidratacion capilar,Fercho Barber
5965,1213,27,13,2024-05-30 14:00:00,22000.00,cancelada,efectivo,Patricia Díaz Torres,Tratamiento anticaida,Camilo Pro
5966,240,11,14,2024-06-21 11:00:00,25000.00,atendida,daviplata,Cristian Moreno Cruz,Corte clasico,El Tigre Cuts
5967,616,18,15,2023-04-22 09:00:00,22000.00,atendida,nequi,Monica Cárdenas Bedoya,Afeitado clasico navaja,Jhon Navajas
5968,513,4,7,2023-06-09 10:00:00,18000.00,cancelada,transferencia,Natalia Flores Guerrero,Corte + lavado,Pipe El Crack
5969,1759,25,6,2023-03-26 18:00:00,80000.00,atendida,transferencia,Melissa Ortiz Delgado,Corte + hidratacion,Chelo Cuts
5970,67,6,8,2023-07-31 15:00:00,14000.00,cancelada,nequi,Johana Espinoza Jiménez,Corte de cabello Basico + barba,Tato Fade
5971,925,9,10,2023-01-31 14:00:00,10000.00,atendida,efectivo,Duvan Ramos Ramírez,Corte degradado,Yeferson King
5972,139,21,19,2023-10-30 15:00:00,25000.00,atendida,nequi,Valentina Reyes Suárez,Limpieza facial,Fercho Barber
5973,445,1,15,2023-06-07 14:00:00,12000.00,atendida,nequi,Santiago Zapata Peña,Corte de cabello Basico,Jhon Navajas
5974,441,7,31,2023-08-07 10:00:00,13000.00,atendida,transferencia,Samuel Sánchez Flores,Arreglo de barba,Cristian Fade
5975,1492,19,30,2023-03-08 16:00:00,60000.00,atendida,tarjeta,Yeison García Ortiz,Cejas + barba,Pipe Navajas
5976,781,7,11,2023-11-12 14:00:00,13000.00,atendida,efectivo,Sara Espinoza Flores,Arreglo de barba,El Mono Barber
5977,1116,15,11,2023-11-23 10:00:00,14000.00,atendida,efectivo,Sergio Delgado Henao,Tinte completo,El Mono Barber
5978,1127,26,6,2023-11-15 11:00:00,50000.00,atendida,tarjeta,Mauricio Moreno Medina,Masaje capilar,Chelo Cuts
5979,1142,8,4,2023-04-19 11:00:00,16000.00,cancelada,transferencia,Xiomara Castro Salazar,Corte + lavado,Mateo Barber
5980,1489,28,28,2024-04-06 11:00:00,55000.00,atendida,efectivo,Isabella Londoño Correa,Pack novio completo,Yeison Barber
5981,406,23,20,2023-05-10 09:00:00,30000.00,atendida,transferencia,Monica Parra Ruiz,Keratina,El Paisa Cuts
5982,1936,8,4,2024-11-13 09:00:00,16000.00,atendida,transferencia,Luis Gutiérrez Jiménez,Corte + lavado,Mateo Barber
5983,120,6,20,2024-10-23 18:00:00,14000.00,atendida,tarjeta,Luis Rodríguez Reyes,Corte de cabello Basico + barba,El Paisa Cuts
5984,1990,23,17,2023-02-08 12:00:00,30000.00,atendida,nequi,Patricia Moreno Espinoza,Keratina,Kevin El Maestro
5985,1558,30,30,2024-02-20 08:00:00,40000.00,atendida,nequi,Valentina Herrera Espinoza,Corte + lavado + barba,Pipe Navajas
5986,1742,17,15,2023-05-12 18:00:00,20000.00,cancelada,daviplata,David Pérez González,Barba + hidratacion,Jhon Navajas
5987,1592,11,25,2023-04-19 12:00:00,25000.00,atendida,daviplata,Sofia Zapata Ramírez,Corte clasico,Lucho Precision
5988,1321,6,9,2024-06-06 18:00:00,14000.00,atendida,daviplata,Melissa Henao Londoño,Corte de cabello Basico + barba,Brayan Scissors
5989,765,4,5,2023-04-14 09:00:00,18000.00,atendida,transferencia,Diego Vargas Rodríguez,Corte + lavado,El Vikingo
5990,1595,3,6,2023-04-22 08:00:00,8000.00,atendida,transferencia,Andrea Morales Peña,Arreglo de barba,Chelo Cuts
5991,1688,13,7,2023-04-06 15:00:00,18000.00,atendida,daviplata,Nicolás González Herrera,Corte infantil,Pipe El Crack
5992,1150,30,22,2024-08-24 14:00:00,40000.00,atendida,efectivo,Raúl Bedoya Rodríguez,Corte + lavado + barba,Diego Fadero
5993,462,26,24,2023-01-18 14:00:00,50000.00,atendida,efectivo,Ricardo Correa Arias,Masaje capilar,El Negro Barber
5994,1065,28,20,2024-07-05 12:00:00,55000.00,atendida,daviplata,Raúl Romero Henao,Pack novio completo,El Paisa Cuts
5995,821,27,16,2024-11-12 11:00:00,22000.00,atendida,tarjeta,Julián Flores Guerrero,Tratamiento anticaida,Sebastián Blade
5996,1366,12,17,2023-07-21 10:00:00,12000.00,atendida,daviplata,Yesid Parra Parra,Corte moderno,Kevin El Maestro
5997,891,16,4,2023-10-13 10:00:00,8000.00,cancelada,nequi,Wilmar Reyes Ramírez,Barba completa,Mateo Barber
5998,674,22,28,2024-01-01 18:00:00,15000.00,cancelada,transferencia,Melissa Muñoz Parra,Hidratacion capilar,Yeison Barber
5999,652,11,19,2024-11-03 12:00:00,25000.00,atendida,nequi,Valentina Morales Vega,Corte clasico,Fercho Barber
6000,761,10,31,2023-06-27 18:00:00,35000.00,atendida,tarjeta,Nicolás López Díaz,Corte navaja,Cristian Fade
6001,562,16,4,2023-05-04 08:00:00,8000.00,cancelada,daviplata,Andrea Parra Pérez,Barba completa,Mateo Barber
6002,528,23,20,2024-12-18 14:00:00,30000.00,atendida,efectivo,Johana Morales Medina,Keratina,El Paisa Cuts
6003,877,30,25,2024-12-12 14:00:00,40000.00,cancelada,transferencia,Lizeth Rodríguez López,Corte + lavado + barba,Lucho Precision
6004,280,4,9,2023-05-19 17:00:00,18000.00,atendida,tarjeta,Cristian Suárez Suárez,Corte + lavado,Brayan Scissors
6005,227,23,15,2024-11-30 17:00:00,30000.00,atendida,nequi,Fabian Bedoya Montoya,Keratina,Jhon Navajas
6006,336,1,25,2023-07-18 17:00:00,12000.00,atendida,nequi,Nathaly Medina Vega,Corte de cabello Basico,Lucho Precision
6007,1479,23,6,2023-03-04 11:00:00,30000.00,cancelada,nequi,Carolina Peña Peña,Keratina,Chelo Cuts
6008,1260,17,22,2023-06-13 18:00:00,20000.00,atendida,nequi,Diego Montoya Morales,Barba + hidratacion,Diego Fadero
6009,1320,26,15,2023-12-04 14:00:00,50000.00,atendida,efectivo,Felipe Jiménez Ospina,Masaje capilar,Jhon Navajas
6010,774,27,27,2023-10-12 11:00:00,22000.00,cancelada,daviplata,Kevin Muñoz Sánchez,Tratamiento anticaida,Tomas Clipper
6011,1625,16,6,2023-07-19 08:00:00,8000.00,atendida,nequi,Diego Ospina Herrera,Barba completa,Chelo Cuts
6012,437,7,18,2023-10-10 08:00:00,13000.00,atendida,nequi,Nathaly Bedoya Guerrero,Arreglo de barba,Nico Estilo
6013,829,5,4,2023-05-04 10:00:00,15000.00,atendida,transferencia,Alejandro López Cruz,Corte de cabello Basico,Mateo Barber
6014,1403,29,7,2023-08-24 10:00:00,50000.00,atendida,transferencia,Monica Gómez Bedoya,Coloracion fantasia,Pipe El Crack
6015,381,16,13,2023-05-03 09:00:00,8000.00,atendida,transferencia,Yesid Guerrero Rivera,Barba completa,Camilo Pro
6016,838,20,23,2024-11-13 15:00:00,22000.00,cancelada,tarjeta,Fernando Romero Silva,Depilacion de cejas,Santi Premium
6017,992,25,6,2024-09-09 16:00:00,80000.00,cancelada,daviplata,Sofia Bedoya Reyes,Corte + hidratacion,Chelo Cuts
6018,1569,11,28,2023-06-15 18:00:00,25000.00,atendida,efectivo,Jhon Zapata Vega,Corte clasico,Yeison Barber
6019,831,6,19,2024-11-06 12:00:00,14000.00,cancelada,transferencia,Felipe Rodríguez Castro,Corte de cabello Basico + barba,Fercho Barber
6020,215,10,29,2023-04-18 14:00:00,35000.00,atendida,nequi,Luis Herrera Delgado,Corte navaja,El Calvo Cuts
6021,825,11,28,2023-06-10 10:00:00,25000.00,atendida,daviplata,Sebastián Silva Gutiérrez,Corte clasico,Yeison Barber
6022,641,22,6,2023-09-23 16:00:00,15000.00,atendida,nequi,Miguel Cárdenas García,Hidratacion capilar,Chelo Cuts
6023,1214,14,29,2024-08-24 18:00:00,15000.00,atendida,tarjeta,Raúl Ríos Sánchez,Corte + tinte,El Calvo Cuts
6024,1403,9,13,2024-07-11 17:00:00,10000.00,atendida,daviplata,Monica Gómez Bedoya,Corte degradado,Camilo Pro
6025,1806,5,14,2024-06-20 16:00:00,15000.00,cancelada,daviplata,Catalina Castro Díaz,Corte de cabello Basico,El Tigre Cuts
6026,1999,5,23,2023-09-09 08:00:00,15000.00,atendida,daviplata,Monica Zapata Rodríguez,Corte de cabello Basico,Santi Premium
6027,220,8,6,2024-08-26 12:00:00,16000.00,cancelada,nequi,Diana Delgado Torres,Corte + lavado,Chelo Cuts
6028,1825,10,21,2024-10-25 16:00:00,35000.00,cancelada,nequi,Juan Ruiz Díaz,Corte navaja,Wilmar Style
6029,254,2,15,2023-01-10 09:00:00,15000.00,atendida,daviplata,Gabriela Espinoza Torres,Corte de cabello Basico + barba,Jhon Navajas
6030,1691,25,16,2023-05-13 11:00:00,80000.00,cancelada,transferencia,Raúl Rojas Vega,Corte + hidratacion,Sebastián Blade
6031,1963,3,2,2023-04-16 16:00:00,8000.00,atendida,efectivo,Esteban Suárez Ríos,Arreglo de barba,Maicol Style
6032,805,21,4,2023-02-24 10:00:00,25000.00,cancelada,tarjeta,Monica Rodríguez Peña,Limpieza facial,Mateo Barber
6033,243,27,19,2023-04-02 14:00:00,22000.00,atendida,tarjeta,Carlos Reyes Ramírez,Tratamiento anticaida,Fercho Barber
6034,1395,2,8,2023-08-01 11:00:00,15000.00,atendida,daviplata,Santiago Cárdenas García,Corte de cabello Basico + barba,Tato Fade
6035,1662,26,23,2023-10-04 14:00:00,50000.00,atendida,tarjeta,Steven Sánchez Correa,Masaje capilar,Santi Premium
6036,260,14,31,2023-05-11 12:00:00,15000.00,cancelada,daviplata,Marcela Martínez Zapata,Corte + tinte,Cristian Fade
6037,461,25,4,2024-06-19 10:00:00,80000.00,atendida,tarjeta,Xiomara Pérez Montoya,Corte + hidratacion,Mateo Barber
6038,1435,20,29,2024-12-05 09:00:00,22000.00,cancelada,efectivo,Nicolás Ríos Cárdenas,Depilacion de cejas,El Calvo Cuts
6039,298,1,30,2023-07-29 08:00:00,12000.00,atendida,efectivo,Mauricio Martínez Espinoza,Corte de cabello Basico,Pipe Navajas
6040,945,17,26,2023-08-06 15:00:00,20000.00,atendida,tarjeta,Fernando Medina Muñoz,Barba + hidratacion,Andres El Pro
6041,1513,21,17,2024-08-01 09:00:00,25000.00,atendida,daviplata,Alejandro Mendoza Ríos,Limpieza facial,Kevin El Maestro
6042,770,7,17,2023-08-15 15:00:00,13000.00,atendida,nequi,Sara Medina Flores,Arreglo de barba,Kevin El Maestro
6043,323,19,30,2024-10-31 18:00:00,60000.00,atendida,nequi,Diego Zapata Mendoza,Cejas + barba,Pipe Navajas
6044,396,19,16,2024-09-08 12:00:00,60000.00,atendida,tarjeta,Rodrigo Suárez Cárdenas,Cejas + barba,Sebastián Blade
6045,124,15,21,2023-02-28 08:00:00,14000.00,atendida,daviplata,Andrés Flores Torres,Tinte completo,Wilmar Style
6046,489,24,29,2024-11-01 09:00:00,50000.00,cancelada,tarjeta,Maria Romero Londoño,Corte + barba + cejas,El Calvo Cuts
6047,1910,3,15,2023-07-11 11:00:00,8000.00,atendida,daviplata,Brayan Zapata Suárez,Arreglo de barba,Jhon Navajas
6048,632,15,25,2024-04-18 15:00:00,14000.00,cancelada,daviplata,Hernán Ocampo Guerrero,Tinte completo,Lucho Precision
6049,752,23,31,2024-07-24 18:00:00,30000.00,atendida,daviplata,Carlos Vega Sánchez,Keratina,Cristian Fade
6050,895,16,19,2024-03-09 08:00:00,8000.00,atendida,transferencia,Sergio Flores López,Barba completa,Fercho Barber
6051,1265,6,17,2024-06-07 08:00:00,14000.00,atendida,daviplata,Oscar Guerrero Henao,Corte de cabello Basico + barba,Kevin El Maestro
6052,1575,5,27,2024-05-03 10:00:00,15000.00,atendida,daviplata,Carolina García Jiménez,Corte de cabello Basico,Tomas Clipper
6053,53,4,9,2024-12-05 11:00:00,18000.00,atendida,tarjeta,Raúl Cárdenas Vega,Corte + lavado,Brayan Scissors
6054,1240,9,22,2023-09-07 14:00:00,10000.00,atendida,tarjeta,Mateo Suárez Vargas,Corte degradado,Diego Fadero
6055,494,27,18,2023-06-21 18:00:00,22000.00,cancelada,tarjeta,Yulieth Londoño Peña,Tratamiento anticaida,Nico Estilo
6056,807,15,19,2023-03-22 15:00:00,14000.00,atendida,efectivo,Steven Rodríguez Reyes,Tinte completo,Fercho Barber
6057,1603,21,24,2023-08-06 15:00:00,25000.00,atendida,nequi,Duvan Rodríguez Ríos,Limpieza facial,El Negro Barber
6058,1284,24,9,2024-10-07 08:00:00,50000.00,atendida,tarjeta,Juan Arias Bedoya,Corte + barba + cejas,Brayan Scissors
6059,786,23,17,2024-10-20 08:00:00,30000.00,atendida,nequi,Leidy Flores Cruz,Keratina,Kevin El Maestro
6060,563,22,31,2023-10-13 16:00:00,15000.00,atendida,transferencia,Rodrigo Delgado Romero,Hidratacion capilar,Cristian Fade
6061,1282,5,15,2023-01-12 11:00:00,15000.00,atendida,efectivo,Wilmar Gómez Cruz,Corte de cabello Basico,Jhon Navajas
6062,441,21,16,2023-02-10 08:00:00,25000.00,atendida,nequi,Samuel Sánchez Flores,Limpieza facial,Sebastián Blade
6063,1993,29,16,2024-05-16 14:00:00,50000.00,atendida,efectivo,Juan Herrera Sánchez,Coloracion fantasia,Sebastián Blade
6064,1680,27,22,2023-12-26 17:00:00,22000.00,cancelada,nequi,Laura Ortiz Silva,Tratamiento anticaida,Diego Fadero
6065,1194,21,29,2024-02-15 15:00:00,25000.00,atendida,daviplata,Laura Vargas Peña,Limpieza facial,El Calvo Cuts
6066,1279,3,14,2024-08-10 12:00:00,8000.00,atendida,transferencia,Kevin Guerrero Guerrero,Arreglo de barba,El Tigre Cuts
6067,455,8,16,2024-07-19 12:00:00,16000.00,atendida,nequi,Rodrigo Arias Martínez,Corte + lavado,Sebastián Blade
6068,1331,17,8,2023-10-09 12:00:00,20000.00,atendida,daviplata,Mateo Herrera Salazar,Barba + hidratacion,Tato Fade
6069,741,2,4,2023-05-23 11:00:00,15000.00,atendida,nequi,Kevin Parra Suárez,Corte de cabello Basico + barba,Mateo Barber
6070,44,1,23,2024-11-19 14:00:00,12000.00,atendida,efectivo,Fabian Arias Correa,Corte de cabello Basico,Santi Premium
6071,1019,28,4,2024-09-18 14:00:00,55000.00,atendida,tarjeta,Santiago Parra Moreno,Pack novio completo,Mateo Barber
6072,1113,18,4,2024-04-18 12:00:00,22000.00,atendida,nequi,Esteban Flores Moreno,Afeitado clasico navaja,Mateo Barber
6073,1488,14,17,2024-01-14 11:00:00,15000.00,atendida,daviplata,Paola Silva Peña,Corte + tinte,Kevin El Maestro
6074,553,21,28,2023-01-08 08:00:00,25000.00,cancelada,transferencia,Nathaly Rojas Ramírez,Limpieza facial,Yeison Barber
6075,1453,10,20,2023-03-06 17:00:00,35000.00,atendida,daviplata,Diana Medina Montoya,Corte navaja,El Paisa Cuts
6076,169,9,14,2023-02-13 09:00:00,10000.00,cancelada,efectivo,Esteban Correa Medina,Corte degradado,El Tigre Cuts
6077,1028,5,13,2023-04-26 10:00:00,15000.00,atendida,transferencia,Mariana Vega Bedoya,Corte de cabello Basico,Camilo Pro
6078,1056,26,7,2023-05-06 16:00:00,50000.00,cancelada,nequi,Rodrigo Rojas Pérez,Masaje capilar,Pipe El Crack
6079,1720,28,7,2023-12-09 10:00:00,55000.00,cancelada,nequi,Camila Gutiérrez Torres,Pack novio completo,Pipe El Crack
6080,1020,13,30,2024-05-19 08:00:00,18000.00,atendida,efectivo,Maria Salazar Ríos,Corte infantil,Pipe Navajas
6081,2025,22,10,2024-03-01 08:00:00,15000.00,atendida,efectivo,Lizeth Martínez González,Hidratacion capilar,Yeferson King
6082,1092,29,15,2024-03-26 11:00:00,50000.00,atendida,tarjeta,Cristian Muñoz Rivera,Coloracion fantasia,Jhon Navajas
6083,432,5,12,2024-05-09 18:00:00,15000.00,cancelada,transferencia,Yesid García Ramírez,Corte de cabello Basico,Duvan Fresh
6084,686,14,2,2024-03-06 08:00:00,15000.00,cancelada,transferencia,Hernán Rodríguez Espinoza,Corte + tinte,Maicol Style
6085,776,4,15,2024-11-01 14:00:00,18000.00,atendida,efectivo,Sergio Martínez Rodríguez,Corte + lavado,Jhon Navajas
6086,492,11,7,2024-05-11 17:00:00,25000.00,atendida,tarjeta,Yulieth Ríos Ramos,Corte clasico,Pipe El Crack
6087,1095,18,30,2024-06-04 14:00:00,22000.00,atendida,daviplata,Lizeth Reyes Rodríguez,Afeitado clasico navaja,Pipe Navajas
6088,993,19,6,2024-03-23 15:00:00,60000.00,atendida,tarjeta,Santiago Torres Jiménez,Cejas + barba,Chelo Cuts
6089,293,8,22,2024-09-20 10:00:00,16000.00,atendida,nequi,Rodrigo Delgado Pérez,Corte + lavado,Diego Fadero
6090,1989,11,19,2024-03-17 12:00:00,25000.00,atendida,nequi,Wilmar Zapata Muñoz,Corte clasico,Fercho Barber
6091,821,24,7,2023-10-02 14:00:00,50000.00,cancelada,daviplata,Julián Flores Guerrero,Corte + barba + cejas,Pipe El Crack
6092,389,5,7,2024-03-27 10:00:00,15000.00,cancelada,tarjeta,Diana Gómez Moreno,Corte de cabello Basico,Pipe El Crack
6093,1007,27,27,2023-09-04 10:00:00,22000.00,atendida,tarjeta,Duvan Muñoz Suárez,Tratamiento anticaida,Tomas Clipper
6094,195,8,5,2024-01-05 14:00:00,16000.00,atendida,efectivo,Mauricio López Ramos,Corte + lavado,El Vikingo
6095,1676,8,18,2024-08-07 17:00:00,16000.00,atendida,efectivo,Gabriela Torres Rivera,Corte + lavado,Nico Estilo
6096,839,11,19,2024-08-19 10:00:00,25000.00,atendida,transferencia,Rodrigo Castro Ortiz,Corte clasico,Fercho Barber
6097,419,9,24,2024-08-01 18:00:00,10000.00,atendida,efectivo,Fabian Silva Martínez,Corte degradado,El Negro Barber
6098,339,9,7,2024-05-14 17:00:00,10000.00,atendida,efectivo,Nicolás Henao Arias,Corte degradado,Pipe El Crack
6099,777,19,7,2023-05-02 10:00:00,60000.00,atendida,nequi,Rodrigo Rodríguez Reyes,Cejas + barba,Pipe El Crack
6100,976,22,2,2024-09-13 08:00:00,15000.00,cancelada,tarjeta,Catalina Suárez Sánchez,Hidratacion capilar,Maicol Style
6101,294,7,25,2024-09-29 12:00:00,13000.00,cancelada,efectivo,Marcela Díaz Ortiz,Arreglo de barba,Lucho Precision
6102,1678,25,15,2024-02-22 08:00:00,80000.00,atendida,transferencia,Brayan Silva Díaz,Corte + hidratacion,Jhon Navajas
6103,110,8,4,2024-02-04 16:00:00,16000.00,cancelada,transferencia,Miguel Flores López,Corte + lavado,Mateo Barber
6104,920,10,12,2024-03-19 14:00:00,35000.00,atendida,transferencia,Diego Bedoya Gutiérrez,Corte navaja,Duvan Fresh
6105,270,1,3,2023-02-26 15:00:00,12000.00,cancelada,daviplata,Nathaly Torres Jiménez,Corte de cabello Basico,Juancho El Indio
6106,1179,3,22,2023-04-08 14:00:00,8000.00,cancelada,efectivo,Claudia Flores Pérez,Arreglo de barba,Diego Fadero
6107,1562,23,21,2023-08-28 18:00:00,30000.00,atendida,nequi,Yeison Romero Morales,Keratina,Wilmar Style
6108,151,24,26,2024-07-03 11:00:00,50000.00,atendida,efectivo,Yeison Peña González,Corte + barba + cejas,Andres El Pro
6109,397,3,19,2024-06-09 11:00:00,8000.00,atendida,efectivo,Mariana Rojas Vargas,Arreglo de barba,Fercho Barber
6110,1356,11,21,2023-09-05 16:00:00,25000.00,atendida,tarjeta,Esteban Londoño Londoño,Corte clasico,Wilmar Style
6111,486,22,6,2023-05-24 11:00:00,15000.00,cancelada,daviplata,Monica Arias Gutiérrez,Hidratacion capilar,Chelo Cuts
6112,1240,8,31,2024-09-16 14:00:00,16000.00,atendida,transferencia,Mateo Suárez Vargas,Corte + lavado,Cristian Fade
6113,505,13,9,2024-05-13 18:00:00,18000.00,cancelada,transferencia,Felipe Medina Vega,Corte infantil,Brayan Scissors
6114,798,4,11,2023-01-27 16:00:00,18000.00,cancelada,transferencia,Alejandro Silva González,Corte + lavado,El Mono Barber
6115,1779,18,26,2023-10-12 14:00:00,22000.00,atendida,transferencia,Xiomara Espinoza Moreno,Afeitado clasico navaja,Andres El Pro
6116,581,3,20,2024-02-21 11:00:00,8000.00,atendida,tarjeta,Melissa Morales Muñoz,Arreglo de barba,El Paisa Cuts
6117,298,3,22,2023-06-10 10:00:00,8000.00,atendida,daviplata,Mauricio Martínez Espinoza,Arreglo de barba,Diego Fadero
6118,1261,10,12,2024-04-06 17:00:00,35000.00,atendida,daviplata,Oscar Reyes Díaz,Corte navaja,Duvan Fresh
6119,1254,1,13,2023-03-28 09:00:00,12000.00,atendida,nequi,Xiomara Pérez García,Corte de cabello Basico,Camilo Pro
6120,71,5,16,2024-08-04 18:00:00,15000.00,atendida,daviplata,Sergio Suárez Pérez,Corte de cabello Basico,Sebastián Blade
6121,854,1,15,2023-10-21 10:00:00,12000.00,atendida,nequi,Jhon Vega Medina,Corte de cabello Basico,Jhon Navajas
6122,1448,26,17,2024-08-21 18:00:00,50000.00,atendida,efectivo,Lucia Gómez Rodríguez,Masaje capilar,Kevin El Maestro
6123,1448,2,31,2024-12-06 18:00:00,15000.00,cancelada,tarjeta,Lucia Gómez Rodríguez,Corte de cabello Basico + barba,Cristian Fade
6124,189,8,23,2024-11-17 12:00:00,16000.00,atendida,transferencia,Ferney Bedoya Correa,Corte + lavado,Santi Premium
6125,1285,24,20,2024-07-03 10:00:00,50000.00,atendida,tarjeta,Leidy Romero Castro,Corte + barba + cejas,El Paisa Cuts
6126,666,29,15,2024-01-03 11:00:00,50000.00,cancelada,nequi,Natalia González Vargas,Coloracion fantasia,Jhon Navajas
6127,1314,21,23,2024-05-26 08:00:00,25000.00,atendida,efectivo,Nathaly Gutiérrez Cárdenas,Limpieza facial,Santi Premium
6128,1407,3,17,2023-01-29 17:00:00,8000.00,cancelada,tarjeta,Monica García Arias,Arreglo de barba,Kevin El Maestro
6129,1267,28,6,2024-07-11 16:00:00,55000.00,atendida,tarjeta,Johana Herrera Díaz,Pack novio completo,Chelo Cuts
6130,858,12,18,2024-09-25 11:00:00,12000.00,atendida,tarjeta,Sara Espinoza Vargas,Corte moderno,Nico Estilo
6131,505,11,16,2023-11-11 09:00:00,25000.00,atendida,nequi,Felipe Medina Vega,Corte clasico,Sebastián Blade
6132,916,3,3,2023-10-16 12:00:00,8000.00,atendida,daviplata,Daniela Castro Romero,Arreglo de barba,Juancho El Indio
6133,91,7,15,2024-06-24 11:00:00,13000.00,atendida,transferencia,Steven Medina Cruz,Arreglo de barba,Jhon Navajas
6134,1661,19,30,2024-09-04 18:00:00,60000.00,atendida,daviplata,Marcela García Arias,Cejas + barba,Pipe Navajas
6135,1671,10,27,2023-09-09 11:00:00,35000.00,atendida,nequi,Mariana Ramos Flores,Corte navaja,Tomas Clipper
6136,854,6,23,2024-09-19 17:00:00,14000.00,cancelada,daviplata,Jhon Vega Medina,Corte de cabello Basico + barba,Santi Premium
6137,258,18,27,2023-01-01 14:00:00,22000.00,atendida,tarjeta,Yesid Herrera Arias,Afeitado clasico navaja,Tomas Clipper
6138,1822,5,9,2024-10-01 08:00:00,15000.00,atendida,tarjeta,Brayan Montoya Ocampo,Corte de cabello Basico,Brayan Scissors
6139,549,25,3,2024-09-02 09:00:00,80000.00,atendida,transferencia,Diego Ospina Morales,Corte + hidratacion,Juancho El Indio
6140,1357,9,3,2023-06-30 14:00:00,10000.00,atendida,efectivo,Esteban Peña Ramírez,Corte degradado,Juancho El Indio
6141,228,20,24,2023-10-09 16:00:00,22000.00,atendida,daviplata,Ricardo Correa Martínez,Depilacion de cejas,El Negro Barber
6142,549,25,31,2024-12-18 12:00:00,80000.00,atendida,transferencia,Diego Ospina Morales,Corte + hidratacion,Cristian Fade
6143,70,1,13,2023-06-09 09:00:00,12000.00,cancelada,efectivo,Sofia Ríos Peña,Corte de cabello Basico,Camilo Pro
6144,1231,8,31,2024-04-28 10:00:00,16000.00,cancelada,tarjeta,Daniela Gómez Zapata,Corte + lavado,Cristian Fade
6145,781,15,30,2023-10-13 14:00:00,14000.00,cancelada,daviplata,Sara Espinoza Flores,Tinte completo,Pipe Navajas
6146,293,10,14,2024-12-23 09:00:00,35000.00,cancelada,nequi,Rodrigo Delgado Pérez,Corte navaja,El Tigre Cuts
6147,1375,6,9,2023-03-02 08:00:00,14000.00,cancelada,nequi,Yeison Montoya Muñoz,Corte de cabello Basico + barba,Brayan Scissors
6148,1041,22,30,2023-06-10 18:00:00,15000.00,atendida,efectivo,Jorge Suárez Gutiérrez,Hidratacion capilar,Pipe Navajas
6149,1019,8,30,2024-05-26 14:00:00,16000.00,atendida,daviplata,Santiago Parra Moreno,Corte + lavado,Pipe Navajas
6150,616,14,16,2024-03-28 16:00:00,15000.00,atendida,tarjeta,Monica Cárdenas Bedoya,Corte + tinte,Sebastián Blade
6151,176,19,28,2024-05-21 15:00:00,60000.00,atendida,tarjeta,Rodrigo Gómez Romero,Cejas + barba,Yeison Barber
6152,1584,21,14,2024-08-23 18:00:00,25000.00,atendida,tarjeta,Maria González González,Limpieza facial,El Tigre Cuts
6153,612,26,26,2023-10-26 10:00:00,50000.00,cancelada,nequi,Johana Moreno Castro,Masaje capilar,Andres El Pro
6154,1125,10,19,2023-11-02 08:00:00,35000.00,atendida,daviplata,Mauricio Londoño Salazar,Corte navaja,Fercho Barber
6155,1805,21,25,2023-03-04 09:00:00,25000.00,cancelada,efectivo,Sebastián Ríos Rivera,Limpieza facial,Lucho Precision
6156,1247,10,15,2023-10-16 14:00:00,35000.00,cancelada,nequi,Fabian Zapata Arias,Corte navaja,Jhon Navajas
6157,1351,23,18,2023-07-12 14:00:00,30000.00,atendida,transferencia,Ricardo Muñoz Henao,Keratina,Nico Estilo
6158,982,15,31,2024-05-31 18:00:00,14000.00,cancelada,nequi,Ana Suárez Reyes,Tinte completo,Cristian Fade
6159,87,21,14,2023-10-21 16:00:00,25000.00,cancelada,nequi,Carlos García Ocampo,Limpieza facial,El Tigre Cuts
6160,585,23,23,2023-05-23 15:00:00,30000.00,cancelada,daviplata,Fabian Correa Flores,Keratina,Santi Premium
6161,1960,5,3,2023-08-26 17:00:00,15000.00,cancelada,daviplata,Lucia Ocampo Rodríguez,Corte de cabello Basico,Juancho El Indio
6162,628,7,30,2024-12-16 08:00:00,13000.00,atendida,daviplata,Maria Romero Ospina,Arreglo de barba,Pipe Navajas
6163,1208,22,21,2024-12-31 15:00:00,15000.00,atendida,tarjeta,Sebastián Parra Guerrero,Hidratacion capilar,Wilmar Style
6164,1339,4,17,2023-03-22 08:00:00,18000.00,atendida,efectivo,Diana Gutiérrez Ríos,Corte + lavado,Kevin El Maestro
6165,1318,4,11,2024-06-08 17:00:00,18000.00,cancelada,transferencia,Angie García Herrera,Corte + lavado,El Mono Barber
6166,1063,24,4,2024-04-30 10:00:00,50000.00,cancelada,nequi,Maria Vargas González,Corte + barba + cejas,Mateo Barber
6167,1659,25,12,2024-01-25 16:00:00,80000.00,atendida,transferencia,Andrea Parra Cruz,Corte + hidratacion,Duvan Fresh
6168,1431,26,19,2024-04-25 08:00:00,50000.00,atendida,transferencia,Julián Morales Zapata,Masaje capilar,Fercho Barber
6169,1365,18,30,2023-01-21 10:00:00,22000.00,atendida,efectivo,Deisy Morales Rodríguez,Afeitado clasico navaja,Pipe Navajas
6170,1726,14,13,2023-03-30 11:00:00,15000.00,atendida,efectivo,Sergio Herrera Ortiz,Corte + tinte,Camilo Pro
6171,429,19,27,2024-10-21 09:00:00,60000.00,atendida,efectivo,Xiomara Herrera Martínez,Cejas + barba,Tomas Clipper
6172,1322,18,19,2024-07-23 08:00:00,22000.00,cancelada,transferencia,Yeison Ospina Cruz,Afeitado clasico navaja,Fercho Barber
6173,1466,5,8,2023-02-16 16:00:00,15000.00,atendida,efectivo,Cristian Cárdenas Rojas,Corte de cabello Basico,Tato Fade
6174,909,5,14,2024-03-18 12:00:00,15000.00,cancelada,daviplata,Claudia Rojas Muñoz,Corte de cabello Basico,El Tigre Cuts
6175,1190,7,13,2023-07-03 12:00:00,13000.00,atendida,daviplata,Johana Mendoza Reyes,Arreglo de barba,Camilo Pro
6176,653,20,11,2024-04-07 15:00:00,22000.00,atendida,tarjeta,Jorge Londoño Ríos,Depilacion de cejas,El Mono Barber
6177,1152,2,14,2024-07-21 11:00:00,15000.00,atendida,daviplata,Carlos Zapata Pérez,Corte de cabello Basico + barba,El Tigre Cuts
6178,1637,24,23,2023-01-15 10:00:00,50000.00,atendida,tarjeta,Felipe Moreno Suárez,Corte + barba + cejas,Santi Premium
6179,1041,1,24,2023-04-23 08:00:00,12000.00,atendida,nequi,Jorge Suárez Gutiérrez,Corte de cabello Basico,El Negro Barber
6180,1833,18,19,2023-04-08 18:00:00,22000.00,atendida,tarjeta,Raúl Rojas Ospina,Afeitado clasico navaja,Fercho Barber
6181,719,11,13,2024-02-29 12:00:00,25000.00,atendida,efectivo,Ricardo Zapata Cruz,Corte clasico,Camilo Pro
6182,303,18,25,2024-04-23 08:00:00,22000.00,cancelada,nequi,Diego Morales Rojas,Afeitado clasico navaja,Lucho Precision
6183,535,8,6,2024-12-04 10:00:00,16000.00,cancelada,tarjeta,Fabian Peña Arias,Corte + lavado,Chelo Cuts
6184,793,30,15,2024-08-05 08:00:00,40000.00,atendida,daviplata,Cristian Sánchez Martínez,Corte + lavado + barba,Jhon Navajas
6185,810,13,13,2024-09-12 10:00:00,18000.00,atendida,nequi,Paola Romero Peña,Corte infantil,Camilo Pro
6186,685,5,10,2024-05-20 10:00:00,15000.00,atendida,nequi,Oscar Morales Cárdenas,Corte de cabello Basico,Yeferson King
6187,1369,2,7,2024-05-19 09:00:00,15000.00,atendida,daviplata,Deisy Castro López,Corte de cabello Basico + barba,Pipe El Crack
6188,819,20,8,2024-05-10 16:00:00,22000.00,atendida,tarjeta,Sara Delgado Castro,Depilacion de cejas,Tato Fade
6189,480,7,24,2024-07-07 09:00:00,13000.00,cancelada,daviplata,Yesid Gutiérrez Vega,Arreglo de barba,El Negro Barber
6190,1933,17,16,2024-05-18 09:00:00,20000.00,atendida,tarjeta,Sergio Ramírez Bedoya,Barba + hidratacion,Sebastián Blade
6191,907,12,31,2023-06-05 09:00:00,12000.00,cancelada,tarjeta,Mauricio Vega Jiménez,Corte moderno,Cristian Fade
6192,1883,23,26,2023-10-25 16:00:00,30000.00,cancelada,daviplata,Ricardo López Castro,Keratina,Andres El Pro
6193,741,26,28,2023-02-09 18:00:00,50000.00,atendida,daviplata,Kevin Parra Suárez,Masaje capilar,Yeison Barber
6194,66,1,28,2024-09-11 17:00:00,12000.00,atendida,nequi,Angie Flores Muñoz,Corte de cabello Basico,Yeison Barber
6195,535,3,3,2023-08-23 11:00:00,8000.00,cancelada,efectivo,Fabian Peña Arias,Arreglo de barba,Juancho El Indio
6196,1835,6,10,2024-09-18 15:00:00,14000.00,atendida,transferencia,Patricia Zapata Moreno,Corte de cabello Basico + barba,Yeferson King
6197,920,8,31,2024-02-23 11:00:00,16000.00,cancelada,tarjeta,Diego Bedoya Gutiérrez,Corte + lavado,Cristian Fade
6198,1884,7,31,2024-09-06 08:00:00,13000.00,atendida,daviplata,Samuel Delgado Ruiz,Arreglo de barba,Cristian Fade
6199,932,19,15,2023-10-19 09:00:00,60000.00,cancelada,efectivo,Laura Ospina Rivera,Cejas + barba,Jhon Navajas
6200,661,6,2,2024-12-02 14:00:00,14000.00,atendida,efectivo,Johana Martínez Martínez,Corte de cabello Basico + barba,Maicol Style
6201,1583,11,26,2023-03-08 10:00:00,25000.00,atendida,transferencia,Fernando Arias Ortiz,Corte clasico,Andres El Pro
6202,1493,4,4,2024-01-21 17:00:00,18000.00,cancelada,nequi,Julián Moreno Gutiérrez,Corte + lavado,Mateo Barber
6203,1780,13,15,2024-08-19 15:00:00,18000.00,cancelada,daviplata,Leidy Gutiérrez Ospina,Corte infantil,Jhon Navajas
6204,1043,22,23,2024-02-20 14:00:00,15000.00,atendida,efectivo,Marcela Correa Muñoz,Hidratacion capilar,Santi Premium
6205,1492,20,11,2023-09-07 17:00:00,22000.00,atendida,transferencia,Yeison García Ortiz,Depilacion de cejas,El Mono Barber
6206,1301,4,12,2024-11-09 08:00:00,18000.00,cancelada,daviplata,Nicolás Vega López,Corte + lavado,Duvan Fresh
6207,608,9,23,2023-03-01 16:00:00,10000.00,cancelada,daviplata,Brayan Ruiz Díaz,Corte degradado,Santi Premium
6208,1270,12,2,2023-06-05 11:00:00,12000.00,atendida,transferencia,Paula Flores Jiménez,Corte moderno,Maicol Style
6209,1070,9,31,2023-09-03 18:00:00,10000.00,cancelada,tarjeta,David Ocampo Gutiérrez,Corte degradado,Cristian Fade
6210,1199,14,23,2023-07-29 09:00:00,15000.00,cancelada,tarjeta,Patricia Montoya Rodríguez,Corte + tinte,Santi Premium
6211,545,9,12,2024-08-29 14:00:00,10000.00,atendida,nequi,Natalia Martínez Rojas,Corte degradado,Duvan Fresh
6212,1629,1,16,2024-01-05 16:00:00,12000.00,atendida,tarjeta,Monica Gutiérrez Vargas,Corte de cabello Basico,Sebastián Blade
6213,354,22,13,2024-03-19 18:00:00,15000.00,atendida,transferencia,Diana Zapata Gómez,Hidratacion capilar,Camilo Pro
6214,1537,5,12,2023-12-03 09:00:00,15000.00,atendida,transferencia,Alejandro Suárez Bedoya,Corte de cabello Basico,Duvan Fresh
6215,608,10,31,2024-03-23 17:00:00,35000.00,atendida,transferencia,Brayan Ruiz Díaz,Corte navaja,Cristian Fade
6216,1888,27,21,2023-12-16 18:00:00,22000.00,atendida,efectivo,Yesid Mendoza Salazar,Tratamiento anticaida,Wilmar Style
6217,249,21,10,2023-03-11 15:00:00,25000.00,atendida,daviplata,Diego Herrera Martínez,Limpieza facial,Yeferson King
6218,290,12,5,2023-07-18 10:00:00,12000.00,atendida,transferencia,Diego Peña Ramírez,Corte moderno,El Vikingo
6219,851,21,27,2024-07-06 08:00:00,25000.00,cancelada,tarjeta,Jhon Zapata Ríos,Limpieza facial,Tomas Clipper
6220,1226,6,30,2024-09-16 11:00:00,14000.00,atendida,daviplata,Sofia Suárez Vega,Corte de cabello Basico + barba,Pipe Navajas
6221,1848,25,6,2023-12-20 16:00:00,80000.00,atendida,efectivo,Maria Muñoz Espinoza,Corte + hidratacion,Chelo Cuts
6222,1692,20,20,2023-10-14 09:00:00,22000.00,cancelada,nequi,Mateo Flores Ortiz,Depilacion de cejas,El Paisa Cuts
6223,83,10,28,2024-10-26 11:00:00,35000.00,atendida,nequi,Sergio Gutiérrez Rojas,Corte navaja,Yeison Barber
6224,174,26,19,2023-12-23 17:00:00,50000.00,atendida,efectivo,Felipe Ramos Vargas,Masaje capilar,Fercho Barber
6225,180,13,12,2023-11-07 10:00:00,18000.00,atendida,efectivo,Cristian Medina Flores,Corte infantil,Duvan Fresh
6226,622,10,26,2023-04-13 14:00:00,35000.00,atendida,nequi,Andrea Espinoza Sánchez,Corte navaja,Andres El Pro
6227,1482,22,11,2023-06-23 10:00:00,15000.00,atendida,transferencia,Duvan Muñoz Ortiz,Hidratacion capilar,El Mono Barber
6228,525,4,12,2023-05-18 11:00:00,18000.00,cancelada,daviplata,Andrés Correa Mendoza,Corte + lavado,Duvan Fresh
6229,1049,23,9,2024-03-06 10:00:00,30000.00,cancelada,daviplata,Isabella Morales Medina,Keratina,Brayan Scissors
6230,744,20,13,2024-12-29 17:00:00,22000.00,atendida,transferencia,Andrés Arias Londoño,Depilacion de cejas,Camilo Pro
6231,1762,30,19,2024-12-23 11:00:00,40000.00,cancelada,tarjeta,Fabian Peña Rodríguez,Corte + lavado + barba,Fercho Barber
6232,53,19,27,2024-01-19 17:00:00,60000.00,atendida,tarjeta,Raúl Cárdenas Vega,Cejas + barba,Tomas Clipper
6233,638,14,5,2024-06-11 12:00:00,15000.00,cancelada,tarjeta,Jorge Pérez Ríos,Corte + tinte,El Vikingo
6234,109,4,13,2023-09-25 08:00:00,18000.00,atendida,nequi,Adriana Ortiz Vega,Corte + lavado,Camilo Pro
6235,725,5,13,2024-03-06 12:00:00,15000.00,cancelada,nequi,Camila Montoya Mendoza,Corte de cabello Basico,Camilo Pro
6236,47,19,29,2024-05-19 12:00:00,60000.00,cancelada,efectivo,Andrés Pérez Ramos,Cejas + barba,El Calvo Cuts
6237,963,25,19,2023-05-26 12:00:00,80000.00,cancelada,daviplata,Jorge Jiménez Reyes,Corte + hidratacion,Fercho Barber
6238,1302,9,21,2024-03-11 15:00:00,10000.00,atendida,efectivo,Natalia Vega Rojas,Corte degradado,Wilmar Style
6239,416,28,12,2023-10-15 18:00:00,55000.00,atendida,nequi,Lizeth Delgado Espinoza,Pack novio completo,Duvan Fresh
6240,723,3,14,2024-08-08 18:00:00,8000.00,cancelada,nequi,Sofia López Espinoza,Arreglo de barba,El Tigre Cuts
6241,374,11,14,2023-05-26 14:00:00,25000.00,atendida,daviplata,Camila Guerrero Rojas,Corte clasico,El Tigre Cuts
6242,37,7,19,2023-11-24 14:00:00,13000.00,atendida,transferencia,Johana Londoño Martínez,Arreglo de barba,Fercho Barber
6243,2007,30,21,2023-11-07 08:00:00,40000.00,atendida,nequi,Ferney Díaz Correa,Corte + lavado + barba,Wilmar Style
6244,1629,30,13,2024-03-28 15:00:00,40000.00,atendida,efectivo,Monica Gutiérrez Vargas,Corte + lavado + barba,Camilo Pro
6245,936,18,20,2024-08-08 08:00:00,22000.00,cancelada,tarjeta,Mateo Rojas Zapata,Afeitado clasico navaja,El Paisa Cuts
6246,1275,17,15,2023-03-03 08:00:00,20000.00,atendida,efectivo,Sara Salazar Silva,Barba + hidratacion,Jhon Navajas
6247,779,9,7,2024-01-07 10:00:00,10000.00,atendida,daviplata,Wilmar Pérez Jiménez,Corte degradado,Pipe El Crack
6248,223,1,29,2023-03-15 12:00:00,12000.00,cancelada,efectivo,Ferney Correa Moreno,Corte de cabello Basico,El Calvo Cuts
6249,815,27,13,2024-10-17 09:00:00,22000.00,atendida,tarjeta,Johana Martínez Ramos,Tratamiento anticaida,Camilo Pro
6250,1290,6,24,2024-08-06 15:00:00,14000.00,cancelada,daviplata,Sara Zapata Suárez,Corte de cabello Basico + barba,El Negro Barber
6251,125,7,30,2024-04-26 16:00:00,13000.00,atendida,transferencia,Kevin Ruiz Gómez,Arreglo de barba,Pipe Navajas
6252,1968,1,28,2024-12-13 18:00:00,12000.00,atendida,daviplata,Wilmar Ruiz Rojas,Corte de cabello Basico,Yeison Barber
6253,264,15,8,2024-06-16 16:00:00,14000.00,cancelada,transferencia,Xiomara Medina Medina,Tinte completo,Tato Fade
6254,1212,10,2,2023-01-03 08:00:00,35000.00,atendida,daviplata,Wilmar Suárez Ramos,Corte navaja,Maicol Style
6255,1393,30,27,2024-02-19 15:00:00,40000.00,atendida,daviplata,Valentina Suárez Morales,Corte + lavado + barba,Tomas Clipper
6256,185,22,8,2024-11-20 11:00:00,15000.00,atendida,efectivo,Paola Moreno Correa,Hidratacion capilar,Tato Fade
6257,1528,28,10,2023-03-12 18:00:00,55000.00,atendida,nequi,Catalina Arias Ortiz,Pack novio completo,Yeferson King
6258,431,12,4,2023-07-22 12:00:00,12000.00,atendida,efectivo,Mauricio Díaz Peña,Corte moderno,Mateo Barber
6259,1123,27,12,2024-10-10 08:00:00,22000.00,atendida,tarjeta,Deisy Romero Romero,Tratamiento anticaida,Duvan Fresh
6260,1705,24,12,2023-03-31 12:00:00,50000.00,atendida,nequi,Mauricio Flores García,Corte + barba + cejas,Duvan Fresh
6261,100,13,28,2023-07-30 14:00:00,18000.00,cancelada,transferencia,Leidy Gutiérrez García,Corte infantil,Yeison Barber
6262,81,9,12,2023-04-12 11:00:00,10000.00,cancelada,efectivo,Yeison Reyes Vargas,Corte degradado,Duvan Fresh
6263,1850,22,11,2024-03-24 17:00:00,15000.00,atendida,efectivo,Ferney Moreno Moreno,Hidratacion capilar,El Mono Barber
6264,1228,25,30,2024-05-10 17:00:00,80000.00,atendida,transferencia,Ferney Cárdenas Londoño,Corte + hidratacion,Pipe Navajas
6265,222,14,26,2024-08-08 12:00:00,15000.00,atendida,tarjeta,Ana García Espinoza,Corte + tinte,Andres El Pro
6266,1112,4,4,2023-04-15 08:00:00,18000.00,atendida,transferencia,Samuel Moreno Flores,Corte + lavado,Mateo Barber
6267,1688,29,9,2024-06-09 16:00:00,50000.00,atendida,efectivo,Nicolás González Herrera,Coloracion fantasia,Brayan Scissors
6268,1221,29,17,2024-12-30 11:00:00,50000.00,atendida,daviplata,Adriana Parra Jiménez,Coloracion fantasia,Kevin El Maestro
6269,1611,7,28,2023-11-23 11:00:00,13000.00,atendida,transferencia,Camila García Gómez,Arreglo de barba,Yeison Barber
6270,359,26,10,2023-11-02 10:00:00,50000.00,cancelada,tarjeta,Carlos Henao Zapata,Masaje capilar,Yeferson King
6271,794,6,26,2023-03-26 14:00:00,14000.00,atendida,transferencia,Angie Pérez Morales,Corte de cabello Basico + barba,Andres El Pro
6272,651,17,26,2023-02-03 18:00:00,20000.00,atendida,daviplata,Oscar Suárez Reyes,Barba + hidratacion,Andres El Pro
6273,277,22,25,2023-04-07 15:00:00,15000.00,atendida,transferencia,Paola Espinoza Montoya,Hidratacion capilar,Lucho Precision
6274,1352,30,17,2024-05-15 08:00:00,40000.00,cancelada,tarjeta,Monica Parra Gutiérrez,Corte + lavado + barba,Kevin El Maestro
6275,729,4,6,2024-05-09 08:00:00,18000.00,cancelada,transferencia,Sergio Parra Cárdenas,Corte + lavado,Chelo Cuts
6276,1651,10,27,2023-09-01 16:00:00,35000.00,cancelada,transferencia,Sara Bedoya Gutiérrez,Corte navaja,Tomas Clipper
6277,1033,30,30,2023-09-02 14:00:00,40000.00,cancelada,transferencia,Alejandro Ramos Medina,Corte + lavado + barba,Pipe Navajas
6278,934,4,27,2023-05-27 11:00:00,18000.00,cancelada,tarjeta,Luis Ríos Rojas,Corte + lavado,Tomas Clipper
6279,1227,14,9,2024-10-14 11:00:00,15000.00,atendida,tarjeta,Sebastián Montoya Bedoya,Corte + tinte,Brayan Scissors
6280,1097,24,23,2024-09-25 15:00:00,50000.00,atendida,transferencia,Cristian Peña Rivera,Corte + barba + cejas,Santi Premium
6281,1626,18,5,2023-07-26 12:00:00,22000.00,atendida,efectivo,Fernando Cárdenas Gutiérrez,Afeitado clasico navaja,El Vikingo
6282,1293,25,27,2023-07-28 08:00:00,80000.00,cancelada,nequi,Monica Jiménez Rojas,Corte + hidratacion,Tomas Clipper
6283,789,10,9,2024-12-20 11:00:00,35000.00,atendida,efectivo,Claudia García López,Corte navaja,Brayan Scissors
6284,54,2,21,2023-05-02 08:00:00,15000.00,atendida,nequi,Nicolás Moreno Martínez,Corte de cabello Basico + barba,Wilmar Style
6285,1342,1,27,2023-05-07 15:00:00,12000.00,cancelada,tarjeta,Sofia Montoya Morales,Corte de cabello Basico,Tomas Clipper
6286,204,16,26,2023-08-01 14:00:00,8000.00,atendida,daviplata,Natalia Ruiz Montoya,Barba completa,Andres El Pro
6287,1740,29,7,2024-05-21 12:00:00,50000.00,atendida,daviplata,Samuel Morales Montoya,Coloracion fantasia,Pipe El Crack
6288,305,13,8,2023-11-22 18:00:00,18000.00,atendida,nequi,Mateo González Espinoza,Corte infantil,Tato Fade
6289,1239,14,8,2023-07-15 18:00:00,15000.00,atendida,daviplata,Isabella Bedoya Pérez,Corte + tinte,Tato Fade
6290,934,30,8,2023-11-12 09:00:00,40000.00,atendida,tarjeta,Luis Ríos Rojas,Corte + lavado + barba,Tato Fade
6291,1839,22,9,2024-12-23 10:00:00,15000.00,atendida,nequi,Leidy Henao Ospina,Hidratacion capilar,Brayan Scissors
6292,548,21,2,2024-09-17 08:00:00,25000.00,atendida,tarjeta,Johana Muñoz Ramírez,Limpieza facial,Maicol Style
6293,1925,21,30,2023-12-31 09:00:00,25000.00,atendida,daviplata,Jhon Martínez Vargas,Limpieza facial,Pipe Navajas
6294,1803,10,17,2024-12-21 14:00:00,35000.00,atendida,transferencia,Mariana Arias Ortiz,Corte navaja,Kevin El Maestro
6295,1016,11,25,2023-06-12 10:00:00,25000.00,atendida,daviplata,Natalia Ríos Medina,Corte clasico,Lucho Precision
6296,1367,15,22,2023-06-25 09:00:00,14000.00,cancelada,tarjeta,Dayana Cruz Sánchez,Tinte completo,Diego Fadero
6297,1472,30,18,2024-07-30 15:00:00,40000.00,atendida,daviplata,Laura Peña Henao,Corte + lavado + barba,Nico Estilo
6298,1143,2,7,2023-02-19 15:00:00,15000.00,atendida,efectivo,Yeison Montoya Reyes,Corte de cabello Basico + barba,Pipe El Crack
6299,1339,1,8,2024-08-31 18:00:00,12000.00,atendida,nequi,Diana Gutiérrez Ríos,Corte de cabello Basico,Tato Fade
6300,1535,29,3,2024-03-26 16:00:00,50000.00,atendida,transferencia,Patricia González Bedoya,Coloracion fantasia,Juancho El Indio
6301,690,13,25,2023-07-02 09:00:00,18000.00,atendida,transferencia,Mariana García Reyes,Corte infantil,Lucho Precision
6302,1164,19,11,2023-01-15 11:00:00,60000.00,atendida,tarjeta,Deisy Herrera Ruiz,Cejas + barba,El Mono Barber
6303,1318,19,29,2023-07-16 08:00:00,60000.00,atendida,nequi,Angie García Herrera,Cejas + barba,El Calvo Cuts
6304,38,23,17,2023-02-17 08:00:00,30000.00,cancelada,daviplata,Dayana Guerrero Suárez,Keratina,Kevin El Maestro
6305,1600,10,27,2024-09-09 15:00:00,35000.00,atendida,efectivo,Dayana Silva Cárdenas,Corte navaja,Tomas Clipper
6306,1429,15,23,2024-04-08 11:00:00,14000.00,cancelada,nequi,Juan Moreno Cárdenas,Tinte completo,Santi Premium
6307,263,16,8,2023-06-03 09:00:00,8000.00,atendida,tarjeta,Sara Parra Rojas,Barba completa,Tato Fade
6308,1249,1,16,2024-07-29 08:00:00,12000.00,atendida,transferencia,Deisy Ospina Londoño,Corte de cabello Basico,Sebastián Blade
6309,734,15,28,2024-03-09 15:00:00,14000.00,atendida,transferencia,Andrés Ortiz Espinoza,Tinte completo,Yeison Barber
6310,1985,6,2,2024-02-28 17:00:00,14000.00,cancelada,tarjeta,Ana Rodríguez Martínez,Corte de cabello Basico + barba,Maicol Style
6311,1421,18,6,2023-11-17 15:00:00,22000.00,atendida,nequi,Felipe Ospina Vargas,Afeitado clasico navaja,Chelo Cuts
6312,142,26,17,2023-06-19 17:00:00,50000.00,atendida,nequi,Lizeth Londoño Flores,Masaje capilar,Kevin El Maestro
6313,536,10,22,2023-07-05 15:00:00,35000.00,atendida,nequi,Santiago Ramírez Mendoza,Corte navaja,Diego Fadero
6314,1978,18,31,2024-03-17 11:00:00,22000.00,atendida,efectivo,Isabella Medina Guerrero,Afeitado clasico navaja,Cristian Fade
6315,1689,17,31,2024-05-11 12:00:00,20000.00,atendida,efectivo,Yulieth Herrera Cárdenas,Barba + hidratacion,Cristian Fade
6316,1865,21,31,2023-03-04 10:00:00,25000.00,atendida,transferencia,Mauricio Londoño Rodríguez,Limpieza facial,Cristian Fade
6317,603,5,29,2024-02-06 17:00:00,15000.00,atendida,tarjeta,Yulieth Delgado Zapata,Corte de cabello Basico,El Calvo Cuts
6318,1438,15,7,2023-10-21 10:00:00,14000.00,atendida,daviplata,Claudia Rojas Henao,Tinte completo,Pipe El Crack
6319,707,11,9,2024-02-27 10:00:00,25000.00,atendida,efectivo,Natalia Suárez Henao,Corte clasico,Brayan Scissors
6320,425,25,2,2023-04-12 11:00:00,80000.00,atendida,daviplata,Patricia Morales Gómez,Corte + hidratacion,Maicol Style
6321,1448,1,14,2023-07-28 12:00:00,12000.00,atendida,daviplata,Lucia Gómez Rodríguez,Corte de cabello Basico,El Tigre Cuts
6322,286,11,20,2024-02-10 12:00:00,25000.00,atendida,transferencia,Monica Parra Salazar,Corte clasico,El Paisa Cuts
6323,1358,29,5,2023-04-12 08:00:00,50000.00,cancelada,efectivo,Xiomara Cárdenas Sánchez,Coloracion fantasia,El Vikingo
6324,571,19,8,2024-05-28 15:00:00,60000.00,cancelada,nequi,Esteban Díaz Rivera,Cejas + barba,Tato Fade
6325,1340,20,20,2023-03-10 09:00:00,22000.00,atendida,daviplata,Carlos Díaz Torres,Depilacion de cejas,El Paisa Cuts
6326,1207,14,24,2024-01-30 16:00:00,15000.00,cancelada,tarjeta,Isabella Morales Salazar,Corte + tinte,El Negro Barber
6327,1893,3,28,2024-02-14 16:00:00,8000.00,atendida,daviplata,Valentina Espinoza Vargas,Arreglo de barba,Yeison Barber
6328,1554,15,22,2023-06-24 15:00:00,14000.00,atendida,efectivo,Adriana Romero Londoño,Tinte completo,Diego Fadero
6329,1677,10,7,2023-12-24 17:00:00,35000.00,atendida,transferencia,Cristian Rodríguez Castro,Corte navaja,Pipe El Crack
6330,1988,8,31,2023-01-11 14:00:00,16000.00,atendida,nequi,Nathaly Espinoza Ríos,Corte + lavado,Cristian Fade
6331,1590,19,6,2023-10-26 09:00:00,60000.00,atendida,daviplata,Paula Ospina Guerrero,Cejas + barba,Chelo Cuts
6332,1355,11,11,2023-05-13 11:00:00,25000.00,atendida,transferencia,Carolina Sánchez Ortiz,Corte clasico,El Mono Barber
6333,973,2,4,2024-01-23 12:00:00,15000.00,cancelada,efectivo,Angie Romero Gómez,Corte de cabello Basico + barba,Mateo Barber
6334,1053,18,25,2024-08-10 11:00:00,22000.00,cancelada,daviplata,Samuel Gómez Gómez,Afeitado clasico navaja,Lucho Precision
6335,1058,26,21,2024-05-25 08:00:00,50000.00,atendida,transferencia,Paola Cárdenas Medina,Masaje capilar,Wilmar Style
6336,1840,3,10,2024-08-18 10:00:00,8000.00,atendida,daviplata,Juan Delgado Medina,Arreglo de barba,Yeferson King
6337,1167,5,23,2023-04-13 16:00:00,15000.00,cancelada,efectivo,Mauricio López Moreno,Corte de cabello Basico,Santi Premium
6338,1861,3,7,2024-02-13 14:00:00,8000.00,atendida,transferencia,Fernando Rojas Parra,Arreglo de barba,Pipe El Crack
6339,1638,20,22,2023-03-11 14:00:00,22000.00,atendida,daviplata,Fernando Delgado Gómez,Depilacion de cejas,Diego Fadero
6340,1156,25,29,2023-08-27 14:00:00,80000.00,atendida,tarjeta,Cristian Gutiérrez Gutiérrez,Corte + hidratacion,El Calvo Cuts
6341,812,24,30,2023-05-09 17:00:00,50000.00,cancelada,efectivo,David Vargas Ramos,Corte + barba + cejas,Pipe Navajas
6342,1360,5,30,2023-10-18 15:00:00,15000.00,atendida,tarjeta,Sara García Castro,Corte de cabello Basico,Pipe Navajas
6343,1275,12,13,2024-08-05 14:00:00,12000.00,atendida,daviplata,Sara Salazar Silva,Corte moderno,Camilo Pro
6344,160,11,20,2023-05-18 09:00:00,25000.00,cancelada,daviplata,Maria García Ramos,Corte clasico,El Paisa Cuts
6345,782,15,25,2023-11-19 08:00:00,14000.00,atendida,transferencia,Ana Delgado Moreno,Tinte completo,Lucho Precision
6346,838,12,4,2024-11-13 12:00:00,12000.00,cancelada,tarjeta,Fernando Romero Silva,Corte moderno,Mateo Barber
6347,936,23,2,2023-03-05 15:00:00,30000.00,atendida,daviplata,Mateo Rojas Zapata,Keratina,Maicol Style
6348,772,16,2,2023-07-12 18:00:00,8000.00,atendida,daviplata,Claudia Castro Ospina,Barba completa,Maicol Style
6349,326,18,24,2024-12-27 12:00:00,22000.00,atendida,nequi,Diego Ramírez Arias,Afeitado clasico navaja,El Negro Barber
6350,1723,16,8,2024-07-05 16:00:00,8000.00,atendida,nequi,Sergio Peña Arias,Barba completa,Tato Fade
6351,369,18,18,2024-05-31 16:00:00,22000.00,cancelada,efectivo,Paula Medina Cruz,Afeitado clasico navaja,Nico Estilo
6352,1734,15,2,2024-04-25 17:00:00,14000.00,atendida,tarjeta,Kevin Ospina Guerrero,Tinte completo,Maicol Style
6353,1240,5,25,2023-11-08 16:00:00,15000.00,cancelada,transferencia,Mateo Suárez Vargas,Corte de cabello Basico,Lucho Precision
6354,55,22,2,2024-01-23 12:00:00,15000.00,atendida,tarjeta,Paula Martínez Londoño,Hidratacion capilar,Maicol Style
6355,1137,30,29,2024-12-31 17:00:00,40000.00,atendida,tarjeta,Yesid Londoño Jiménez,Corte + lavado + barba,El Calvo Cuts
6356,267,9,8,2023-11-19 09:00:00,10000.00,cancelada,daviplata,Lizeth Ramírez Torres,Corte degradado,Tato Fade
6357,1264,25,25,2023-05-18 16:00:00,80000.00,atendida,daviplata,Ricardo Arias Ortiz,Corte + hidratacion,Lucho Precision
6358,1819,22,29,2023-12-20 14:00:00,15000.00,atendida,transferencia,Daniela Morales Jiménez,Hidratacion capilar,El Calvo Cuts
6359,512,22,16,2024-12-27 18:00:00,15000.00,atendida,nequi,Paula Salazar López,Hidratacion capilar,Sebastián Blade
6360,1010,18,31,2024-01-17 17:00:00,22000.00,atendida,tarjeta,Jhon Pérez Ramos,Afeitado clasico navaja,Cristian Fade
6361,1538,6,16,2023-12-27 15:00:00,14000.00,atendida,nequi,Marcela Zapata Ramírez,Corte de cabello Basico + barba,Sebastián Blade
6362,1025,3,20,2024-04-29 15:00:00,8000.00,atendida,transferencia,Miguel Jiménez Rivera,Arreglo de barba,El Paisa Cuts
6363,470,10,26,2024-02-16 10:00:00,35000.00,atendida,daviplata,Luis Ortiz Pérez,Corte navaja,Andres El Pro
6364,832,5,7,2024-08-27 12:00:00,15000.00,cancelada,efectivo,Carolina Cárdenas Ruiz,Corte de cabello Basico,Pipe El Crack
6365,1038,11,12,2023-12-07 12:00:00,25000.00,atendida,nequi,Kevin Guerrero Parra,Corte clasico,Duvan Fresh
6366,50,4,18,2023-06-27 10:00:00,18000.00,cancelada,daviplata,Leidy Montoya Ortiz,Corte + lavado,Nico Estilo
6367,39,25,16,2023-10-12 14:00:00,80000.00,atendida,efectivo,Angie Torres Herrera,Corte + hidratacion,Sebastián Blade
6368,1641,22,20,2024-07-09 10:00:00,15000.00,cancelada,tarjeta,Carolina Moreno Gutiérrez,Hidratacion capilar,El Paisa Cuts
6369,529,23,31,2024-11-28 10:00:00,30000.00,atendida,daviplata,Samuel Salazar Ocampo,Keratina,Cristian Fade
6370,893,11,6,2023-03-16 10:00:00,25000.00,atendida,efectivo,Nathaly Sánchez Rodríguez,Corte clasico,Chelo Cuts
6371,1398,13,9,2024-03-11 11:00:00,18000.00,atendida,transferencia,Cristian Rodríguez Romero,Corte infantil,Brayan Scissors
6372,1285,1,21,2024-05-04 18:00:00,12000.00,atendida,daviplata,Leidy Romero Castro,Corte de cabello Basico,Wilmar Style
6373,864,15,12,2023-01-31 15:00:00,14000.00,atendida,tarjeta,Laura Espinoza Montoya,Tinte completo,Duvan Fresh
6374,1749,8,3,2024-09-05 17:00:00,16000.00,atendida,efectivo,Natalia Vega Vega,Corte + lavado,Juancho El Indio
6375,557,29,7,2023-02-13 10:00:00,50000.00,atendida,tarjeta,Andrés Herrera Morales,Coloracion fantasia,Pipe El Crack
6376,1486,2,23,2023-08-15 18:00:00,15000.00,atendida,nequi,Natalia Correa Delgado,Corte de cabello Basico + barba,Santi Premium
6377,1896,14,22,2024-10-27 08:00:00,15000.00,atendida,efectivo,Rodrigo Mendoza Peña,Corte + tinte,Diego Fadero
6378,511,9,7,2023-01-17 15:00:00,10000.00,cancelada,tarjeta,Yesid Herrera Rodríguez,Corte degradado,Pipe El Crack
6379,1672,2,24,2023-05-28 16:00:00,15000.00,atendida,efectivo,Carlos Correa García,Corte de cabello Basico + barba,El Negro Barber
6380,98,11,12,2024-09-27 08:00:00,25000.00,atendida,daviplata,Julián Henao Bedoya,Corte clasico,Duvan Fresh
6381,2030,10,10,2023-01-31 14:00:00,35000.00,atendida,daviplata,Fabian Henao Jiménez,Corte navaja,Yeferson King
6382,750,22,7,2023-01-19 12:00:00,15000.00,atendida,daviplata,Santiago Montoya Romero,Hidratacion capilar,Pipe El Crack
6383,1876,30,12,2024-10-21 10:00:00,40000.00,cancelada,efectivo,Marcela Vega García,Corte + lavado + barba,Duvan Fresh
6384,99,21,3,2023-12-31 10:00:00,25000.00,cancelada,transferencia,Deisy Henao Herrera,Limpieza facial,Juancho El Indio
6385,1835,6,14,2023-04-05 12:00:00,14000.00,atendida,transferencia,Patricia Zapata Moreno,Corte de cabello Basico + barba,El Tigre Cuts
6386,903,7,21,2023-05-09 18:00:00,13000.00,atendida,nequi,Nathaly Pérez Flores,Arreglo de barba,Wilmar Style
6387,1134,25,19,2024-06-16 14:00:00,80000.00,atendida,nequi,Camila Vega Pérez,Corte + hidratacion,Fercho Barber
6388,985,3,3,2023-12-29 15:00:00,8000.00,atendida,nequi,Fabian Ruiz Parra,Arreglo de barba,Juancho El Indio
6389,1328,14,26,2024-05-27 17:00:00,15000.00,cancelada,efectivo,Daniela Reyes Salazar,Corte + tinte,Andres El Pro
6390,94,6,8,2023-05-11 11:00:00,14000.00,atendida,efectivo,Natalia Ríos Mendoza,Corte de cabello Basico + barba,Tato Fade
6391,333,21,6,2023-06-19 14:00:00,25000.00,atendida,transferencia,Samuel Reyes Pérez,Limpieza facial,Chelo Cuts
6392,162,20,6,2024-02-05 10:00:00,22000.00,cancelada,nequi,Camila Flores Muñoz,Depilacion de cejas,Chelo Cuts
6393,1781,25,10,2024-04-04 08:00:00,80000.00,atendida,daviplata,Catalina Castro Zapata,Corte + hidratacion,Yeferson King
6394,992,22,12,2023-06-29 18:00:00,15000.00,cancelada,daviplata,Sofia Bedoya Reyes,Hidratacion capilar,Duvan Fresh
6395,1971,17,20,2023-05-05 09:00:00,20000.00,cancelada,transferencia,Daniela Ruiz Ospina,Barba + hidratacion,El Paisa Cuts
6396,1380,1,7,2024-09-15 14:00:00,12000.00,atendida,nequi,Camila Rodríguez Medina,Corte de cabello Basico,Pipe El Crack
6397,1407,5,30,2023-09-20 11:00:00,15000.00,cancelada,transferencia,Monica García Arias,Corte de cabello Basico,Pipe Navajas
6398,823,13,14,2024-02-17 17:00:00,18000.00,cancelada,daviplata,Cristian Londoño Mendoza,Corte infantil,El Tigre Cuts
6399,383,15,27,2023-09-06 08:00:00,14000.00,atendida,tarjeta,Deisy Arias Cárdenas,Tinte completo,Tomas Clipper
6400,604,26,30,2023-09-28 11:00:00,50000.00,cancelada,efectivo,Cristian Henao Martínez,Masaje capilar,Pipe Navajas
6401,898,28,7,2023-10-26 14:00:00,55000.00,atendida,daviplata,Oscar Correa Ramos,Pack novio completo,Pipe El Crack
6402,1242,22,13,2024-04-03 17:00:00,15000.00,cancelada,tarjeta,Santiago Muñoz Vega,Hidratacion capilar,Camilo Pro
6403,839,30,28,2024-04-27 12:00:00,40000.00,cancelada,nequi,Rodrigo Castro Ortiz,Corte + lavado + barba,Yeison Barber
6404,1003,7,13,2023-04-03 11:00:00,13000.00,atendida,tarjeta,Maria Parra Castro,Arreglo de barba,Camilo Pro
6405,1026,4,10,2024-11-23 17:00:00,18000.00,atendida,efectivo,Sara Suárez Torres,Corte + lavado,Yeferson King
6406,1620,4,25,2024-04-08 17:00:00,18000.00,cancelada,tarjeta,Diego Mendoza García,Corte + lavado,Lucho Precision
6407,844,29,26,2023-12-02 14:00:00,50000.00,atendida,efectivo,Yesid Torres Arias,Coloracion fantasia,Andres El Pro
6408,968,21,13,2023-07-01 11:00:00,25000.00,cancelada,daviplata,David Londoño González,Limpieza facial,Camilo Pro
6409,1697,5,7,2024-05-16 15:00:00,15000.00,cancelada,daviplata,Sara Vargas Ocampo,Corte de cabello Basico,Pipe El Crack
6410,1446,18,7,2023-02-23 14:00:00,22000.00,atendida,transferencia,Hernán Henao Ospina,Afeitado clasico navaja,Pipe El Crack
6411,835,22,28,2024-02-21 08:00:00,15000.00,cancelada,transferencia,Isabella Espinoza Sánchez,Hidratacion capilar,Yeison Barber
6412,1047,12,26,2023-02-03 16:00:00,12000.00,atendida,daviplata,Sebastián Torres Henao,Corte moderno,Andres El Pro
6413,1358,22,11,2024-10-08 11:00:00,15000.00,atendida,efectivo,Xiomara Cárdenas Sánchez,Hidratacion capilar,El Mono Barber
6414,373,2,17,2023-07-08 09:00:00,15000.00,atendida,nequi,Juan Ríos Martínez,Corte de cabello Basico + barba,Kevin El Maestro
6415,1810,27,27,2023-07-30 12:00:00,22000.00,atendida,efectivo,Adriana Ríos Ocampo,Tratamiento anticaida,Tomas Clipper
6416,1710,21,16,2023-01-22 12:00:00,25000.00,atendida,tarjeta,Sebastián Ortiz Moreno,Limpieza facial,Sebastián Blade
6417,1675,10,23,2023-09-30 16:00:00,35000.00,atendida,nequi,Patricia Martínez Pérez,Corte navaja,Santi Premium
6418,758,8,20,2023-04-17 12:00:00,16000.00,atendida,tarjeta,Diana Parra Correa,Corte + lavado,El Paisa Cuts
6419,360,22,14,2023-05-31 18:00:00,15000.00,cancelada,nequi,Paola Ramos Pérez,Hidratacion capilar,El Tigre Cuts
6420,1200,28,23,2024-04-16 15:00:00,55000.00,cancelada,transferencia,Laura Correa Castro,Pack novio completo,Santi Premium
6421,702,24,2,2023-06-04 08:00:00,50000.00,atendida,daviplata,Melissa Cruz Correa,Corte + barba + cejas,Maicol Style
6422,1493,8,7,2023-09-16 14:00:00,16000.00,cancelada,nequi,Julián Moreno Gutiérrez,Corte + lavado,Pipe El Crack
6423,1648,4,27,2024-03-16 10:00:00,18000.00,cancelada,daviplata,Oscar Ospina Medina,Corte + lavado,Tomas Clipper
6424,1398,17,13,2024-01-05 11:00:00,20000.00,atendida,transferencia,Cristian Rodríguez Romero,Barba + hidratacion,Camilo Pro
6425,876,16,13,2023-09-17 18:00:00,8000.00,cancelada,daviplata,Luis Ríos Espinoza,Barba completa,Camilo Pro
6426,1113,29,25,2024-04-17 11:00:00,50000.00,atendida,nequi,Esteban Flores Moreno,Coloracion fantasia,Lucho Precision
6427,1908,11,7,2023-05-19 11:00:00,25000.00,atendida,daviplata,Catalina Montoya Montoya,Corte clasico,Pipe El Crack
6428,425,16,15,2024-07-30 15:00:00,8000.00,atendida,tarjeta,Patricia Morales Gómez,Barba completa,Jhon Navajas
6429,1797,11,5,2023-07-28 12:00:00,25000.00,atendida,nequi,Leidy Torres Ramos,Corte clasico,El Vikingo
6430,1553,26,4,2024-01-14 11:00:00,50000.00,atendida,tarjeta,Patricia Delgado Ospina,Masaje capilar,Mateo Barber
6431,1711,17,17,2024-02-28 15:00:00,20000.00,cancelada,daviplata,Santiago Londoño Martínez,Barba + hidratacion,Kevin El Maestro
6432,794,22,24,2023-01-08 09:00:00,15000.00,atendida,efectivo,Angie Pérez Morales,Hidratacion capilar,El Negro Barber
6433,286,7,24,2023-08-30 18:00:00,13000.00,atendida,daviplata,Monica Parra Salazar,Arreglo de barba,El Negro Barber
6434,132,12,5,2024-09-01 08:00:00,12000.00,cancelada,daviplata,Camila Herrera Parra,Corte moderno,El Vikingo
6435,231,25,19,2023-10-16 12:00:00,80000.00,cancelada,tarjeta,Diana Ramos Pérez,Corte + hidratacion,Fercho Barber
6436,1369,30,29,2023-10-29 08:00:00,40000.00,atendida,nequi,Deisy Castro López,Corte + lavado + barba,El Calvo Cuts
6437,1029,16,24,2024-06-22 09:00:00,8000.00,cancelada,transferencia,Diego Muñoz Flores,Barba completa,El Negro Barber
6438,549,18,7,2024-05-18 10:00:00,22000.00,atendida,nequi,Diego Ospina Morales,Afeitado clasico navaja,Pipe El Crack
6439,729,29,29,2024-10-04 12:00:00,50000.00,atendida,efectivo,Sergio Parra Cárdenas,Coloracion fantasia,El Calvo Cuts
6440,979,3,8,2024-08-13 08:00:00,8000.00,cancelada,daviplata,Sara Zapata González,Arreglo de barba,Tato Fade
6441,1208,8,20,2023-03-01 12:00:00,16000.00,atendida,tarjeta,Sebastián Parra Guerrero,Corte + lavado,El Paisa Cuts
6442,1310,12,19,2024-12-21 08:00:00,12000.00,atendida,efectivo,Brayan González González,Corte moderno,Fercho Barber
6443,1374,20,21,2024-03-30 09:00:00,22000.00,atendida,daviplata,Wilmar Reyes Arias,Depilacion de cejas,Wilmar Style
6444,405,29,15,2024-09-10 15:00:00,50000.00,cancelada,daviplata,Andrea Sánchez García,Coloracion fantasia,Jhon Navajas
6445,1264,25,19,2023-07-05 08:00:00,80000.00,atendida,daviplata,Ricardo Arias Ortiz,Corte + hidratacion,Fercho Barber
6446,170,24,31,2023-10-13 12:00:00,50000.00,atendida,tarjeta,Isabella Gómez Gómez,Corte + barba + cejas,Cristian Fade
6447,1448,6,29,2024-09-30 16:00:00,14000.00,atendida,nequi,Lucia Gómez Rodríguez,Corte de cabello Basico + barba,El Calvo Cuts
6448,1981,15,14,2023-11-02 14:00:00,14000.00,atendida,daviplata,Brayan Morales Cruz,Tinte completo,El Tigre Cuts
6449,286,26,6,2023-02-22 18:00:00,50000.00,cancelada,transferencia,Monica Parra Salazar,Masaje capilar,Chelo Cuts
6450,1836,6,2,2023-08-25 14:00:00,14000.00,atendida,nequi,Nicolás Suárez Arias,Corte de cabello Basico + barba,Maicol Style
6451,1990,4,26,2024-08-05 11:00:00,18000.00,atendida,transferencia,Patricia Moreno Espinoza,Corte + lavado,Andres El Pro
6452,1284,24,11,2023-01-24 10:00:00,50000.00,atendida,efectivo,Juan Arias Bedoya,Corte + barba + cejas,El Mono Barber
6453,1171,21,30,2024-03-22 14:00:00,25000.00,atendida,daviplata,Alejandro Zapata Suárez,Limpieza facial,Pipe Navajas
6454,189,5,2,2023-08-13 12:00:00,15000.00,atendida,nequi,Ferney Bedoya Correa,Corte de cabello Basico,Maicol Style
6455,69,25,4,2024-11-25 08:00:00,80000.00,atendida,efectivo,Johana Guerrero Zapata,Corte + hidratacion,Mateo Barber
6456,523,4,8,2024-10-11 10:00:00,18000.00,atendida,efectivo,Johana Cruz Medina,Corte + lavado,Tato Fade
6457,942,5,4,2023-07-05 18:00:00,15000.00,atendida,nequi,Sara Pérez González,Corte de cabello Basico,Mateo Barber
6458,1059,28,29,2024-06-12 16:00:00,55000.00,atendida,daviplata,Leidy Correa Bedoya,Pack novio completo,El Calvo Cuts
6459,1943,29,20,2024-03-07 18:00:00,50000.00,cancelada,daviplata,Carlos Ríos Ortiz,Coloracion fantasia,El Paisa Cuts
6460,179,17,29,2023-09-19 09:00:00,20000.00,atendida,transferencia,Diego Vega Martínez,Barba + hidratacion,El Calvo Cuts
6461,342,3,27,2024-09-29 09:00:00,8000.00,atendida,transferencia,Diana Vargas Castro,Arreglo de barba,Tomas Clipper
6462,84,19,30,2024-02-26 12:00:00,60000.00,atendida,nequi,Monica Rojas Romero,Cejas + barba,Pipe Navajas
6463,36,18,4,2024-03-27 08:00:00,22000.00,atendida,transferencia,Mateo Henao Ocampo,Afeitado clasico navaja,Mateo Barber
6464,813,14,22,2023-07-06 09:00:00,15000.00,atendida,transferencia,Wilmar Rivera Muñoz,Corte + tinte,Diego Fadero
6465,1721,16,2,2023-07-22 18:00:00,8000.00,cancelada,nequi,Adriana Henao Díaz,Barba completa,Maicol Style
6466,1017,29,5,2024-05-15 17:00:00,50000.00,atendida,daviplata,Deisy Arias Ocampo,Coloracion fantasia,El Vikingo
6467,1552,30,26,2024-02-08 11:00:00,40000.00,atendida,transferencia,Carolina Castro Ortiz,Corte + lavado + barba,Andres El Pro
6468,1945,11,14,2024-05-11 10:00:00,25000.00,atendida,efectivo,Mariana Zapata Arias,Corte clasico,El Tigre Cuts
6469,1014,9,8,2024-05-17 08:00:00,10000.00,cancelada,daviplata,Julián Vargas Pérez,Corte degradado,Tato Fade
6470,1050,4,11,2024-10-22 14:00:00,18000.00,atendida,nequi,Leidy Silva Medina,Corte + lavado,El Mono Barber
6471,1985,29,12,2023-11-05 16:00:00,50000.00,atendida,nequi,Ana Rodríguez Martínez,Coloracion fantasia,Duvan Fresh
6472,1098,19,19,2024-11-04 15:00:00,60000.00,cancelada,nequi,Jhon Correa Cárdenas,Cejas + barba,Fercho Barber
6473,1997,28,6,2024-06-05 16:00:00,55000.00,atendida,tarjeta,Daniela Bedoya Rojas,Pack novio completo,Chelo Cuts
6474,1107,23,26,2024-06-16 08:00:00,30000.00,cancelada,nequi,Sara Ramírez Herrera,Keratina,Andres El Pro
6475,1837,8,18,2023-10-09 11:00:00,16000.00,atendida,nequi,Catalina López Ramírez,Corte + lavado,Nico Estilo
6476,1852,1,27,2023-10-21 14:00:00,12000.00,cancelada,tarjeta,Lucia Ospina González,Corte de cabello Basico,Tomas Clipper
6477,301,14,12,2023-09-01 18:00:00,15000.00,cancelada,tarjeta,Steven Ríos Ramírez,Corte + tinte,Duvan Fresh
6478,795,18,17,2024-02-27 10:00:00,22000.00,cancelada,daviplata,Kevin Díaz Díaz,Afeitado clasico navaja,Kevin El Maestro
6479,162,2,23,2023-08-11 18:00:00,15000.00,atendida,efectivo,Camila Flores Muñoz,Corte de cabello Basico + barba,Santi Premium
6480,1190,21,21,2023-06-06 09:00:00,25000.00,atendida,efectivo,Johana Mendoza Reyes,Limpieza facial,Wilmar Style
6481,359,25,30,2023-05-09 14:00:00,80000.00,atendida,nequi,Carlos Henao Zapata,Corte + hidratacion,Pipe Navajas
6482,1263,24,15,2024-06-20 08:00:00,50000.00,atendida,nequi,Johana Torres García,Corte + barba + cejas,Jhon Navajas
6483,1456,15,28,2023-11-07 16:00:00,14000.00,atendida,tarjeta,Samuel Espinoza Parra,Tinte completo,Yeison Barber
6484,58,14,24,2024-01-05 17:00:00,15000.00,atendida,tarjeta,Isabella Vega Vargas,Corte + tinte,El Negro Barber
6485,402,27,7,2023-10-16 18:00:00,22000.00,atendida,tarjeta,Cristian Suárez Henao,Tratamiento anticaida,Pipe El Crack
6486,1509,26,4,2024-04-05 14:00:00,50000.00,cancelada,transferencia,Jorge Reyes Vega,Masaje capilar,Mateo Barber
6487,1711,9,8,2024-08-01 08:00:00,10000.00,atendida,nequi,Santiago Londoño Martínez,Corte degradado,Tato Fade
6488,1937,2,18,2024-05-12 17:00:00,15000.00,atendida,daviplata,Mauricio Vega Ruiz,Corte de cabello Basico + barba,Nico Estilo
6489,58,17,6,2023-07-26 09:00:00,20000.00,cancelada,tarjeta,Isabella Vega Vargas,Barba + hidratacion,Chelo Cuts
6490,436,18,20,2024-12-17 11:00:00,22000.00,atendida,daviplata,Kevin Díaz Ocampo,Afeitado clasico navaja,El Paisa Cuts
6491,1794,8,20,2024-10-08 14:00:00,16000.00,atendida,efectivo,Jorge Zapata Díaz,Corte + lavado,El Paisa Cuts
6492,1779,27,18,2023-10-07 18:00:00,22000.00,atendida,efectivo,Xiomara Espinoza Moreno,Tratamiento anticaida,Nico Estilo
6493,803,25,18,2024-12-21 09:00:00,80000.00,atendida,nequi,Isabella Suárez Rivera,Corte + hidratacion,Nico Estilo
6494,1728,6,28,2023-10-11 15:00:00,14000.00,atendida,nequi,Ricardo Vargas Medina,Corte de cabello Basico + barba,Yeison Barber
6495,117,9,10,2023-07-27 16:00:00,10000.00,cancelada,nequi,Dayana Jiménez Ospina,Corte degradado,Yeferson King
6496,1688,30,3,2023-11-25 11:00:00,40000.00,atendida,efectivo,Nicolás González Herrera,Corte + lavado + barba,Juancho El Indio
6497,714,28,9,2023-07-11 12:00:00,55000.00,cancelada,transferencia,Fabian Vargas Zapata,Pack novio completo,Brayan Scissors
6498,758,6,29,2024-10-08 08:00:00,14000.00,cancelada,transferencia,Diana Parra Correa,Corte de cabello Basico + barba,El Calvo Cuts
6499,473,14,25,2024-06-30 11:00:00,15000.00,atendida,transferencia,Monica Espinoza Silva,Corte + tinte,Lucho Precision
6500,1963,25,6,2024-11-27 15:00:00,80000.00,atendida,transferencia,Esteban Suárez Ríos,Corte + hidratacion,Chelo Cuts
6501,453,14,27,2024-08-20 09:00:00,15000.00,atendida,transferencia,Kevin Flores Jiménez,Corte + tinte,Tomas Clipper
6502,1689,5,18,2024-02-16 18:00:00,15000.00,atendida,efectivo,Yulieth Herrera Cárdenas,Corte de cabello Basico,Nico Estilo
6503,1527,6,2,2024-01-26 11:00:00,14000.00,atendida,transferencia,Jhon Ramos Castro,Corte de cabello Basico + barba,Maicol Style
6504,1189,22,12,2023-02-23 18:00:00,15000.00,atendida,transferencia,Laura Ramírez Cruz,Hidratacion capilar,Duvan Fresh
6505,75,16,24,2023-07-16 17:00:00,8000.00,atendida,efectivo,Marcela Peña López,Barba completa,El Negro Barber
6506,465,30,18,2023-10-30 09:00:00,40000.00,atendida,efectivo,Fernando Flores Montoya,Corte + lavado + barba,Nico Estilo
6507,640,7,11,2023-12-02 14:00:00,13000.00,atendida,nequi,Sebastián Correa Jiménez,Arreglo de barba,El Mono Barber
6508,238,22,30,2023-12-25 18:00:00,15000.00,atendida,tarjeta,Camila Medina Gutiérrez,Hidratacion capilar,Pipe Navajas
6509,1219,11,27,2023-08-10 11:00:00,25000.00,atendida,nequi,Kevin Vega Salazar,Corte clasico,Tomas Clipper
6510,198,12,31,2024-10-27 11:00:00,12000.00,atendida,transferencia,Isabella Ramos Ríos,Corte moderno,Cristian Fade
6511,1597,23,31,2024-08-23 12:00:00,30000.00,cancelada,nequi,Luis Guerrero Morales,Keratina,Cristian Fade
6512,2025,14,23,2023-03-24 15:00:00,15000.00,atendida,transferencia,Lizeth Martínez González,Corte + tinte,Santi Premium
6513,600,12,28,2024-06-09 08:00:00,12000.00,atendida,tarjeta,Ferney López Arias,Corte moderno,Yeison Barber
6514,1648,26,2,2023-01-05 18:00:00,50000.00,atendida,daviplata,Oscar Ospina Medina,Masaje capilar,Maicol Style
6515,674,30,29,2024-03-15 14:00:00,40000.00,atendida,tarjeta,Melissa Muñoz Parra,Corte + lavado + barba,El Calvo Cuts
6516,1209,15,11,2023-03-05 12:00:00,14000.00,cancelada,tarjeta,Yesid Salazar Reyes,Tinte completo,El Mono Barber
6517,997,13,5,2024-04-21 08:00:00,18000.00,atendida,daviplata,Rodrigo Ríos Moreno,Corte infantil,El Vikingo
6518,348,25,29,2023-11-26 11:00:00,80000.00,cancelada,nequi,Brayan Parra Suárez,Corte + hidratacion,El Calvo Cuts
6519,202,15,4,2024-03-09 17:00:00,14000.00,atendida,nequi,Luis Ospina Martínez,Tinte completo,Mateo Barber
6520,1179,25,6,2023-12-24 10:00:00,80000.00,cancelada,tarjeta,Claudia Flores Pérez,Corte + hidratacion,Chelo Cuts
6521,292,6,19,2023-10-15 09:00:00,14000.00,cancelada,efectivo,Mariana Arias Herrera,Corte de cabello Basico + barba,Fercho Barber
6522,946,11,8,2023-12-11 12:00:00,25000.00,atendida,tarjeta,Wilmar González Reyes,Corte clasico,Tato Fade
6523,1828,25,14,2024-04-27 12:00:00,80000.00,atendida,nequi,Monica López García,Corte + hidratacion,El Tigre Cuts
6524,116,3,9,2024-04-09 10:00:00,8000.00,cancelada,efectivo,Patricia García Mendoza,Arreglo de barba,Brayan Scissors
6525,1369,5,2,2024-07-06 09:00:00,15000.00,cancelada,nequi,Deisy Castro López,Corte de cabello Basico,Maicol Style
6526,176,12,28,2024-10-06 18:00:00,12000.00,atendida,nequi,Rodrigo Gómez Romero,Corte moderno,Yeison Barber
6527,307,20,27,2024-02-23 10:00:00,22000.00,cancelada,daviplata,Ricardo Mendoza Ortiz,Depilacion de cejas,Tomas Clipper
6528,428,23,26,2023-04-18 09:00:00,30000.00,cancelada,tarjeta,Adriana Rojas Silva,Keratina,Andres El Pro
6529,947,23,10,2024-10-07 15:00:00,30000.00,atendida,efectivo,Yulieth Rivera Cárdenas,Keratina,Yeferson King
6530,1459,20,23,2023-02-22 11:00:00,22000.00,cancelada,daviplata,Angie Ospina Reyes,Depilacion de cejas,Santi Premium
6531,606,6,9,2024-07-31 17:00:00,14000.00,atendida,tarjeta,Natalia Arias Rodríguez,Corte de cabello Basico + barba,Brayan Scissors
6532,755,4,31,2023-05-25 08:00:00,18000.00,cancelada,tarjeta,Ricardo Muñoz Rivera,Corte + lavado,Cristian Fade
6533,726,7,20,2023-09-09 09:00:00,13000.00,atendida,daviplata,Ferney Londoño Peña,Arreglo de barba,El Paisa Cuts
6534,862,7,24,2024-06-23 10:00:00,13000.00,atendida,efectivo,Nathaly Mendoza Ortiz,Arreglo de barba,El Negro Barber
6535,470,15,23,2023-04-11 16:00:00,14000.00,atendida,daviplata,Luis Ortiz Pérez,Tinte completo,Santi Premium
6536,1131,24,3,2024-06-11 14:00:00,50000.00,atendida,daviplata,Sebastián Arias Gómez,Corte + barba + cejas,Juancho El Indio
6537,490,3,7,2024-10-17 17:00:00,8000.00,cancelada,transferencia,Johana Pérez Salazar,Arreglo de barba,Pipe El Crack
6538,534,16,13,2023-09-04 09:00:00,8000.00,cancelada,nequi,Fabian Rivera Ocampo,Barba completa,Camilo Pro
6539,1568,30,29,2023-12-16 09:00:00,40000.00,atendida,efectivo,Leidy Morales Parra,Corte + lavado + barba,El Calvo Cuts
6540,1011,2,8,2024-08-02 18:00:00,15000.00,atendida,transferencia,Jhon Muñoz Arias,Corte de cabello Basico + barba,Tato Fade
6541,1352,22,29,2023-12-17 10:00:00,15000.00,atendida,efectivo,Monica Parra Gutiérrez,Hidratacion capilar,El Calvo Cuts
6542,42,3,22,2023-06-14 15:00:00,8000.00,atendida,transferencia,Sebastián López Cruz,Arreglo de barba,Diego Fadero
6543,1660,2,10,2024-10-01 08:00:00,15000.00,cancelada,tarjeta,Catalina López Ramírez,Corte de cabello Basico + barba,Yeferson King
6544,1483,6,13,2023-12-09 08:00:00,14000.00,atendida,nequi,Deisy Ocampo Castro,Corte de cabello Basico + barba,Camilo Pro
6545,479,17,20,2023-04-19 14:00:00,20000.00,atendida,tarjeta,Jorge Ríos Sánchez,Barba + hidratacion,El Paisa Cuts
6546,1181,8,17,2024-02-16 17:00:00,16000.00,atendida,efectivo,Paola Gutiérrez Vargas,Corte + lavado,Kevin El Maestro
6547,1253,22,17,2023-04-19 12:00:00,15000.00,cancelada,efectivo,Lizeth Mendoza Correa,Hidratacion capilar,Kevin El Maestro
6548,1952,20,12,2023-06-02 10:00:00,22000.00,cancelada,daviplata,Leidy Ospina Gutiérrez,Depilacion de cejas,Duvan Fresh
6549,1782,21,7,2023-04-21 08:00:00,25000.00,atendida,tarjeta,Johana Zapata García,Limpieza facial,Pipe El Crack
6550,1784,12,18,2024-09-01 10:00:00,12000.00,atendida,nequi,Paula Ospina Salazar,Corte moderno,Nico Estilo
6551,1048,26,4,2023-06-30 14:00:00,50000.00,atendida,nequi,Jhon Bedoya García,Masaje capilar,Mateo Barber
6552,551,2,24,2024-01-25 18:00:00,15000.00,atendida,daviplata,Natalia Martínez Díaz,Corte de cabello Basico + barba,El Negro Barber
6553,335,28,6,2024-05-03 08:00:00,55000.00,atendida,efectivo,Nathaly Rodríguez Salazar,Pack novio completo,Chelo Cuts
6554,771,12,7,2024-05-27 12:00:00,12000.00,cancelada,efectivo,Patricia Mendoza Peña,Corte moderno,Pipe El Crack
6555,2022,8,17,2024-05-25 08:00:00,16000.00,atendida,transferencia,Maria Ocampo Ocampo,Corte + lavado,Kevin El Maestro
6556,771,2,2,2024-08-06 10:00:00,15000.00,atendida,efectivo,Patricia Mendoza Peña,Corte de cabello Basico + barba,Maicol Style
6557,1048,15,28,2023-02-22 08:00:00,14000.00,atendida,daviplata,Jhon Bedoya García,Tinte completo,Yeison Barber
6558,327,1,15,2023-12-19 18:00:00,12000.00,cancelada,efectivo,Juan Ramírez Vargas,Corte de cabello Basico,Jhon Navajas
6559,1222,9,5,2024-08-17 14:00:00,10000.00,atendida,efectivo,Santiago Henao Muñoz,Corte degradado,El Vikingo
6560,1070,24,17,2024-02-09 15:00:00,50000.00,cancelada,daviplata,David Ocampo Gutiérrez,Corte + barba + cejas,Kevin El Maestro
6561,1249,2,2,2024-05-05 11:00:00,15000.00,cancelada,nequi,Deisy Ospina Londoño,Corte de cabello Basico + barba,Maicol Style
6562,1288,2,17,2023-10-01 16:00:00,15000.00,cancelada,tarjeta,Luis Suárez Arias,Corte de cabello Basico + barba,Kevin El Maestro
6563,1958,27,19,2023-07-22 17:00:00,22000.00,atendida,daviplata,Isabella Díaz Ramírez,Tratamiento anticaida,Fercho Barber
6564,174,4,15,2023-08-09 15:00:00,18000.00,atendida,daviplata,Felipe Ramos Vargas,Corte + lavado,Jhon Navajas
6565,584,10,4,2023-09-25 16:00:00,35000.00,atendida,nequi,Diego Salazar Ramos,Corte navaja,Mateo Barber
6566,1284,25,4,2024-05-15 18:00:00,80000.00,atendida,efectivo,Juan Arias Bedoya,Corte + hidratacion,Mateo Barber
6567,85,12,9,2023-06-26 16:00:00,12000.00,atendida,efectivo,Melissa Suárez Ramírez,Corte moderno,Brayan Scissors
6568,283,8,21,2024-08-14 16:00:00,16000.00,atendida,transferencia,Esteban Guerrero Castro,Corte + lavado,Wilmar Style
6569,1859,17,20,2024-09-24 11:00:00,20000.00,atendida,efectivo,Esteban Suárez Martínez,Barba + hidratacion,El Paisa Cuts
6570,972,25,11,2023-09-28 17:00:00,80000.00,cancelada,daviplata,Angie Peña Pérez,Corte + hidratacion,El Mono Barber
6571,791,20,2,2024-04-17 12:00:00,22000.00,atendida,tarjeta,Fabian Guerrero Medina,Depilacion de cejas,Maicol Style
6572,1654,18,12,2023-11-04 15:00:00,22000.00,atendida,daviplata,Paola Guerrero Guerrero,Afeitado clasico navaja,Duvan Fresh
6573,1597,21,21,2024-05-27 10:00:00,25000.00,atendida,efectivo,Luis Guerrero Morales,Limpieza facial,Wilmar Style
6574,1997,16,3,2024-06-30 09:00:00,8000.00,atendida,efectivo,Daniela Bedoya Rojas,Barba completa,Juancho El Indio
6575,1643,21,27,2023-12-08 14:00:00,25000.00,atendida,tarjeta,Diana García Rojas,Limpieza facial,Tomas Clipper
6576,751,8,25,2024-12-13 18:00:00,16000.00,atendida,daviplata,Deisy Bedoya Medina,Corte + lavado,Lucho Precision
6577,569,16,8,2023-05-09 16:00:00,8000.00,atendida,nequi,Felipe Gutiérrez Silva,Barba completa,Tato Fade
6578,1646,9,10,2023-09-21 16:00:00,10000.00,atendida,efectivo,Maria Torres Ortiz,Corte degradado,Yeferson King
6579,1315,7,17,2023-04-02 18:00:00,13000.00,atendida,daviplata,Daniela Vega Silva,Arreglo de barba,Kevin El Maestro
6580,1960,20,27,2024-06-05 14:00:00,22000.00,atendida,daviplata,Lucia Ocampo Rodríguez,Depilacion de cejas,Tomas Clipper
6581,1366,12,19,2023-06-05 12:00:00,12000.00,atendida,nequi,Yesid Parra Parra,Corte moderno,Fercho Barber
6582,376,6,19,2023-08-23 15:00:00,14000.00,atendida,daviplata,Santiago Rojas Herrera,Corte de cabello Basico + barba,Fercho Barber
6583,1543,17,23,2023-11-12 08:00:00,20000.00,atendida,daviplata,Miguel Ruiz Herrera,Barba + hidratacion,Santi Premium
6584,1872,28,7,2023-05-03 08:00:00,55000.00,atendida,nequi,Miguel Rojas Rojas,Pack novio completo,Pipe El Crack
6585,940,11,29,2023-03-23 16:00:00,25000.00,atendida,transferencia,Carlos Zapata Rivera,Corte clasico,El Calvo Cuts
6586,920,22,18,2023-08-17 09:00:00,15000.00,atendida,tarjeta,Diego Bedoya Gutiérrez,Hidratacion capilar,Nico Estilo
6587,1119,6,21,2024-11-21 12:00:00,14000.00,atendida,nequi,Johana Peña Cruz,Corte de cabello Basico + barba,Wilmar Style
6588,404,7,27,2024-10-20 09:00:00,13000.00,atendida,nequi,Steven García Ortiz,Arreglo de barba,Tomas Clipper
6589,171,21,21,2023-02-13 09:00:00,25000.00,atendida,nequi,Fernando Suárez Arias,Limpieza facial,Wilmar Style
6590,1230,13,23,2023-04-15 16:00:00,18000.00,atendida,efectivo,Alejandro Rodríguez Rivera,Corte infantil,Santi Premium
6591,1394,1,28,2024-09-30 08:00:00,12000.00,atendida,daviplata,Ricardo Gómez Mendoza,Corte de cabello Basico,Yeison Barber
6592,134,19,3,2024-12-22 16:00:00,60000.00,cancelada,nequi,Samuel Ríos Correa,Cejas + barba,Juancho El Indio
6593,1927,20,15,2023-10-13 11:00:00,22000.00,atendida,tarjeta,Yulieth Salazar Herrera,Depilacion de cejas,Jhon Navajas
6594,1256,5,20,2024-11-17 08:00:00,15000.00,atendida,daviplata,Carolina Romero Rojas,Corte de cabello Basico,El Paisa Cuts
6595,1525,28,14,2024-04-26 08:00:00,55000.00,atendida,nequi,Isabella Gómez Bedoya,Pack novio completo,El Tigre Cuts
6596,1306,18,18,2024-11-03 10:00:00,22000.00,atendida,transferencia,Diego Mendoza Pérez,Afeitado clasico navaja,Nico Estilo
6597,453,21,19,2023-11-13 18:00:00,25000.00,atendida,efectivo,Kevin Flores Jiménez,Limpieza facial,Fercho Barber
6598,1210,28,26,2023-07-03 16:00:00,55000.00,cancelada,efectivo,Hernán Muñoz Henao,Pack novio completo,Andres El Pro
6599,1847,4,19,2024-01-27 09:00:00,18000.00,atendida,transferencia,Jhon Suárez Romero,Corte + lavado,Fercho Barber
6600,702,28,5,2024-05-25 16:00:00,55000.00,atendida,tarjeta,Melissa Cruz Correa,Pack novio completo,El Vikingo
6601,639,23,5,2023-04-21 09:00:00,30000.00,cancelada,tarjeta,Paula Rivera Henao,Keratina,El Vikingo
6602,1356,28,28,2024-07-08 18:00:00,55000.00,atendida,tarjeta,Esteban Londoño Londoño,Pack novio completo,Yeison Barber
6603,1607,21,22,2023-05-29 15:00:00,25000.00,atendida,efectivo,Wilmar Zapata Espinoza,Limpieza facial,Diego Fadero
6604,1544,2,11,2024-03-19 08:00:00,15000.00,cancelada,tarjeta,Fabian Ortiz Silva,Corte de cabello Basico + barba,El Mono Barber
6605,84,20,8,2024-09-05 17:00:00,22000.00,atendida,nequi,Monica Rojas Romero,Depilacion de cejas,Tato Fade
6606,44,30,4,2023-03-24 10:00:00,40000.00,atendida,tarjeta,Fabian Arias Correa,Corte + lavado + barba,Mateo Barber
6607,1229,5,16,2024-10-22 11:00:00,15000.00,atendida,tarjeta,Andrea Romero Ramírez,Corte de cabello Basico,Sebastián Blade
6608,1397,19,5,2023-10-17 14:00:00,60000.00,cancelada,nequi,Miguel Londoño Romero,Cejas + barba,El Vikingo
6609,1291,1,6,2023-07-26 15:00:00,12000.00,cancelada,daviplata,Natalia Mendoza Herrera,Corte de cabello Basico,Chelo Cuts
6610,1640,3,10,2023-05-08 16:00:00,8000.00,atendida,daviplata,Monica Herrera Peña,Arreglo de barba,Yeferson King
6611,192,8,19,2024-11-23 11:00:00,16000.00,atendida,nequi,Ana Arias Medina,Corte + lavado,Fercho Barber
6612,1122,11,2,2024-10-12 11:00:00,25000.00,cancelada,nequi,Paula Ospina Henao,Corte clasico,Maicol Style
6613,184,21,15,2024-10-04 11:00:00,25000.00,atendida,nequi,Sofia Muñoz Gómez,Limpieza facial,Jhon Navajas
6614,999,29,22,2023-10-18 08:00:00,50000.00,cancelada,tarjeta,Cristian Ocampo Reyes,Coloracion fantasia,Diego Fadero
6615,1536,14,9,2023-07-09 14:00:00,15000.00,atendida,daviplata,Claudia Díaz Peña,Corte + tinte,Brayan Scissors
6616,1312,14,26,2023-11-08 18:00:00,15000.00,cancelada,daviplata,Esteban Parra Ortiz,Corte + tinte,Andres El Pro
6617,1364,21,9,2024-10-31 18:00:00,25000.00,cancelada,transferencia,Marcela Ortiz Medina,Limpieza facial,Brayan Scissors
6618,1983,10,19,2023-04-23 11:00:00,35000.00,atendida,efectivo,Lizeth Pérez Cruz,Corte navaja,Fercho Barber
6619,278,26,23,2024-02-05 11:00:00,50000.00,cancelada,tarjeta,Steven Cárdenas Henao,Masaje capilar,Santi Premium
6620,918,21,16,2023-04-02 15:00:00,25000.00,cancelada,transferencia,Miguel Parra Díaz,Limpieza facial,Sebastián Blade
6621,951,17,27,2023-08-24 11:00:00,20000.00,cancelada,tarjeta,Johana Morales Londoño,Barba + hidratacion,Tomas Clipper
6622,1018,13,15,2024-02-10 10:00:00,18000.00,cancelada,daviplata,Andrés Herrera Suárez,Corte infantil,Jhon Navajas
6623,1170,4,22,2024-05-25 15:00:00,18000.00,atendida,transferencia,Paola Mendoza Ospina,Corte + lavado,Diego Fadero
6624,1109,1,19,2024-07-15 12:00:00,12000.00,atendida,daviplata,Camila Bedoya Parra,Corte de cabello Basico,Fercho Barber
6625,462,14,23,2024-06-07 14:00:00,15000.00,atendida,transferencia,Ricardo Correa Arias,Corte + tinte,Santi Premium
6626,902,26,2,2023-07-08 12:00:00,50000.00,cancelada,tarjeta,Carolina Gutiérrez Ruiz,Masaje capilar,Maicol Style
6627,827,29,11,2024-06-19 14:00:00,50000.00,atendida,daviplata,Jhon Delgado Ortiz,Coloracion fantasia,El Mono Barber
6628,583,25,29,2024-03-17 18:00:00,80000.00,atendida,nequi,Adriana Muñoz Ospina,Corte + hidratacion,El Calvo Cuts
6629,141,3,9,2023-12-21 11:00:00,8000.00,atendida,nequi,Brayan Romero Romero,Arreglo de barba,Brayan Scissors
6630,1387,15,23,2024-06-04 09:00:00,14000.00,atendida,transferencia,Cristian Ramírez Guerrero,Tinte completo,Santi Premium
6631,495,5,29,2024-02-16 08:00:00,15000.00,atendida,efectivo,Daniela García Henao,Corte de cabello Basico,El Calvo Cuts
6632,553,5,8,2024-06-26 14:00:00,15000.00,atendida,efectivo,Nathaly Rojas Ramírez,Corte de cabello Basico,Tato Fade
6633,1972,13,22,2024-05-06 18:00:00,18000.00,atendida,efectivo,Jhon Herrera Correa,Corte infantil,Diego Fadero
6634,490,18,23,2023-04-15 16:00:00,22000.00,atendida,tarjeta,Johana Pérez Salazar,Afeitado clasico navaja,Santi Premium
6635,480,18,14,2023-08-21 09:00:00,22000.00,atendida,tarjeta,Yesid Gutiérrez Vega,Afeitado clasico navaja,El Tigre Cuts
6636,458,9,18,2023-12-08 15:00:00,10000.00,cancelada,daviplata,Paula Gutiérrez Torres,Corte degradado,Nico Estilo
6637,1389,18,9,2024-02-06 18:00:00,22000.00,cancelada,daviplata,Laura Ortiz Díaz,Afeitado clasico navaja,Brayan Scissors
6638,192,20,13,2023-11-05 10:00:00,22000.00,atendida,transferencia,Ana Arias Medina,Depilacion de cejas,Camilo Pro
6639,867,10,26,2024-06-05 10:00:00,35000.00,atendida,tarjeta,Isabella Rojas Castro,Corte navaja,Andres El Pro
6640,1038,5,17,2024-03-22 14:00:00,15000.00,atendida,daviplata,Kevin Guerrero Parra,Corte de cabello Basico,Kevin El Maestro
6641,973,9,25,2024-03-04 09:00:00,10000.00,cancelada,nequi,Angie Romero Gómez,Corte degradado,Lucho Precision
6642,1090,22,15,2024-01-21 11:00:00,15000.00,atendida,daviplata,Paula Reyes Ospina,Hidratacion capilar,Jhon Navajas
6643,921,22,5,2023-07-31 18:00:00,15000.00,atendida,daviplata,Dayana Salazar Peña,Hidratacion capilar,El Vikingo
6644,1918,12,15,2024-07-29 15:00:00,12000.00,atendida,efectivo,Angie Gutiérrez Suárez,Corte moderno,Jhon Navajas
6645,618,17,3,2024-03-02 14:00:00,20000.00,atendida,efectivo,Patricia Vega Gómez,Barba + hidratacion,Juancho El Indio
6646,261,24,20,2023-08-15 10:00:00,50000.00,atendida,nequi,Patricia Rojas Rodríguez,Corte + barba + cejas,El Paisa Cuts
6647,742,6,24,2023-08-22 10:00:00,14000.00,atendida,transferencia,Kevin Castro Zapata,Corte de cabello Basico + barba,El Negro Barber
6648,1632,30,19,2023-08-27 08:00:00,40000.00,atendida,tarjeta,Wilmar Gutiérrez Reyes,Corte + lavado + barba,Fercho Barber
6649,1264,27,5,2024-08-27 16:00:00,22000.00,cancelada,efectivo,Ricardo Arias Ortiz,Tratamiento anticaida,El Vikingo
6650,471,23,16,2023-01-05 08:00:00,30000.00,cancelada,transferencia,Isabella Mendoza Rodríguez,Keratina,Sebastián Blade
6651,408,7,8,2023-11-12 18:00:00,13000.00,atendida,daviplata,Wilmar Parra Castro,Arreglo de barba,Tato Fade
6652,275,14,6,2024-07-12 11:00:00,15000.00,cancelada,nequi,Ana Torres Henao,Corte + tinte,Chelo Cuts
6653,1120,6,19,2023-07-25 11:00:00,14000.00,atendida,tarjeta,Carolina González González,Corte de cabello Basico + barba,Fercho Barber
6654,387,5,13,2024-07-01 10:00:00,15000.00,cancelada,efectivo,Marcela Delgado Sánchez,Corte de cabello Basico,Camilo Pro
6655,53,1,8,2023-06-07 17:00:00,12000.00,atendida,efectivo,Raúl Cárdenas Vega,Corte de cabello Basico,Tato Fade
6656,607,12,20,2023-07-14 11:00:00,12000.00,atendida,efectivo,Jhon Mendoza Vega,Corte moderno,El Paisa Cuts
6657,54,21,5,2024-02-29 11:00:00,25000.00,cancelada,transferencia,Nicolás Moreno Martínez,Limpieza facial,El Vikingo
6658,890,8,8,2023-09-26 08:00:00,16000.00,atendida,daviplata,Julián Rivera Ramos,Corte + lavado,Tato Fade
6659,487,22,24,2024-04-24 08:00:00,15000.00,atendida,efectivo,Miguel Morales Londoño,Hidratacion capilar,El Negro Barber
6660,971,9,13,2023-03-14 14:00:00,10000.00,atendida,nequi,Ferney Ramos Díaz,Corte degradado,Camilo Pro
6661,1594,24,23,2023-07-20 10:00:00,50000.00,cancelada,transferencia,Angie Ramos Castro,Corte + barba + cejas,Santi Premium
6662,718,21,27,2024-01-01 15:00:00,25000.00,atendida,daviplata,Brayan Medina Vega,Limpieza facial,Tomas Clipper
6663,1137,3,6,2023-07-23 16:00:00,8000.00,cancelada,daviplata,Yesid Londoño Jiménez,Arreglo de barba,Chelo Cuts
6664,367,11,3,2024-05-19 09:00:00,25000.00,atendida,transferencia,Jorge Herrera Medina,Corte clasico,Juancho El Indio
6665,480,23,24,2024-03-24 14:00:00,30000.00,cancelada,tarjeta,Yesid Gutiérrez Vega,Keratina,El Negro Barber
6666,148,2,6,2024-11-14 14:00:00,15000.00,atendida,efectivo,Cristian Ospina Díaz,Corte de cabello Basico + barba,Chelo Cuts
6667,501,9,29,2023-03-22 14:00:00,10000.00,atendida,tarjeta,Jorge Martínez García,Corte degradado,El Calvo Cuts
6668,1562,22,12,2023-05-07 08:00:00,15000.00,cancelada,daviplata,Yeison Romero Morales,Hidratacion capilar,Duvan Fresh
6669,1783,20,27,2023-11-23 15:00:00,22000.00,atendida,transferencia,Juan Londoño Gutiérrez,Depilacion de cejas,Tomas Clipper
6670,1887,22,12,2023-09-20 08:00:00,15000.00,atendida,daviplata,Patricia Ruiz Henao,Hidratacion capilar,Duvan Fresh
6671,2008,14,18,2023-12-08 09:00:00,15000.00,atendida,nequi,Catalina Díaz Muñoz,Corte + tinte,Nico Estilo
6672,260,4,25,2023-11-13 08:00:00,18000.00,atendida,efectivo,Marcela Martínez Zapata,Corte + lavado,Lucho Precision
6673,724,30,19,2023-10-12 10:00:00,40000.00,atendida,tarjeta,Camila Gutiérrez Martínez,Corte + lavado + barba,Fercho Barber
6674,446,10,26,2023-10-25 14:00:00,35000.00,atendida,nequi,Ricardo Moreno Romero,Corte navaja,Andres El Pro
6675,268,24,20,2024-12-10 11:00:00,50000.00,cancelada,daviplata,Catalina Herrera Rojas,Corte + barba + cejas,El Paisa Cuts
6676,1193,22,4,2023-05-30 08:00:00,15000.00,atendida,nequi,Felipe Díaz Peña,Hidratacion capilar,Mateo Barber
6677,1382,25,16,2023-06-18 15:00:00,80000.00,cancelada,daviplata,Melissa Moreno Henao,Corte + hidratacion,Sebastián Blade
6678,649,8,27,2023-02-26 15:00:00,16000.00,atendida,efectivo,Kevin Morales Martínez,Corte + lavado,Tomas Clipper
6679,1471,21,19,2024-08-11 16:00:00,25000.00,atendida,daviplata,Mauricio Correa Montoya,Limpieza facial,Fercho Barber
6680,1275,6,15,2023-05-07 11:00:00,14000.00,atendida,efectivo,Sara Salazar Silva,Corte de cabello Basico + barba,Jhon Navajas
6681,1711,26,2,2024-02-05 09:00:00,50000.00,atendida,nequi,Santiago Londoño Martínez,Masaje capilar,Maicol Style
6682,60,2,2,2023-02-19 10:00:00,15000.00,atendida,nequi,Duvan Díaz Vega,Corte de cabello Basico + barba,Maicol Style
6683,1134,30,12,2024-01-20 10:00:00,40000.00,atendida,efectivo,Camila Vega Pérez,Corte + lavado + barba,Duvan Fresh
6684,2021,30,7,2023-11-04 18:00:00,40000.00,cancelada,tarjeta,Valentina Ruiz Ospina,Corte + lavado + barba,Pipe El Crack
6685,811,17,8,2024-03-09 08:00:00,20000.00,atendida,transferencia,Melissa Cruz Romero,Barba + hidratacion,Tato Fade
6686,311,23,24,2023-03-12 18:00:00,30000.00,cancelada,tarjeta,Yeison González Londoño,Keratina,El Negro Barber
6687,1431,30,29,2024-01-12 12:00:00,40000.00,cancelada,daviplata,Julián Morales Zapata,Corte + lavado + barba,El Calvo Cuts
6688,1032,27,15,2023-02-12 15:00:00,22000.00,atendida,nequi,Camila Ríos Martínez,Tratamiento anticaida,Jhon Navajas
6689,1558,22,19,2024-03-27 15:00:00,15000.00,atendida,daviplata,Valentina Herrera Espinoza,Hidratacion capilar,Fercho Barber
6690,1733,23,10,2023-01-25 16:00:00,30000.00,atendida,daviplata,Deisy Gutiérrez Rivera,Keratina,Yeferson King
6691,922,30,16,2024-06-10 12:00:00,40000.00,atendida,tarjeta,Brayan Rivera Ospina,Corte + lavado + barba,Sebastián Blade
6692,1513,6,2,2023-03-02 08:00:00,14000.00,atendida,tarjeta,Alejandro Mendoza Ríos,Corte de cabello Basico + barba,Maicol Style
6693,1344,23,7,2023-12-08 14:00:00,30000.00,atendida,transferencia,Maria Díaz Cárdenas,Keratina,Pipe El Crack
6694,555,30,12,2023-06-02 17:00:00,40000.00,atendida,daviplata,Juan Bedoya Montoya,Corte + lavado + barba,Duvan Fresh
6695,1827,16,19,2024-10-18 14:00:00,8000.00,atendida,nequi,Brayan Peña Rodríguez,Barba completa,Fercho Barber
6696,881,23,7,2024-12-14 18:00:00,30000.00,atendida,daviplata,Natalia Suárez Silva,Keratina,Pipe El Crack
6697,1659,30,15,2023-06-26 12:00:00,40000.00,atendida,transferencia,Andrea Parra Cruz,Corte + lavado + barba,Jhon Navajas
6698,1073,15,9,2023-01-14 18:00:00,14000.00,atendida,transferencia,Johana Jiménez Pérez,Tinte completo,Brayan Scissors
6699,645,30,20,2023-03-20 15:00:00,40000.00,atendida,nequi,Luis Arias Vega,Corte + lavado + barba,El Paisa Cuts
6700,1110,15,4,2024-09-19 12:00:00,14000.00,atendida,efectivo,Oscar Delgado Castro,Tinte completo,Mateo Barber
6701,39,10,20,2023-04-12 10:00:00,35000.00,atendida,nequi,Angie Torres Herrera,Corte navaja,El Paisa Cuts
6702,1778,10,2,2023-10-01 18:00:00,35000.00,atendida,transferencia,Catalina Torres Montoya,Corte navaja,Maicol Style
6703,1558,18,16,2024-11-15 18:00:00,22000.00,atendida,daviplata,Valentina Herrera Espinoza,Afeitado clasico navaja,Sebastián Blade
6704,1885,20,18,2024-02-24 16:00:00,22000.00,atendida,daviplata,Sara Rodríguez Romero,Depilacion de cejas,Nico Estilo
6705,1231,20,14,2024-02-04 11:00:00,22000.00,atendida,transferencia,Daniela Gómez Zapata,Depilacion de cejas,El Tigre Cuts
6706,1124,16,15,2024-12-30 16:00:00,8000.00,atendida,daviplata,Kevin Mendoza Londoño,Barba completa,Jhon Navajas
6707,1339,7,17,2023-02-15 17:00:00,13000.00,atendida,daviplata,Diana Gutiérrez Ríos,Arreglo de barba,Kevin El Maestro
6708,543,14,19,2023-01-26 16:00:00,15000.00,atendida,efectivo,Sebastián Ramos Ruiz,Corte + tinte,Fercho Barber
6709,392,2,15,2023-01-18 12:00:00,15000.00,atendida,daviplata,Kevin Correa Pérez,Corte de cabello Basico + barba,Jhon Navajas
6710,156,11,12,2024-06-11 08:00:00,25000.00,atendida,efectivo,Mariana Martínez Ortiz,Corte clasico,Duvan Fresh
6711,215,30,26,2024-10-13 12:00:00,40000.00,atendida,transferencia,Luis Herrera Delgado,Corte + lavado + barba,Andres El Pro
6712,355,23,20,2024-12-02 18:00:00,30000.00,cancelada,nequi,Monica Cruz Rodríguez,Keratina,El Paisa Cuts
6713,253,30,18,2023-12-16 14:00:00,40000.00,atendida,daviplata,Johana Castro Jiménez,Corte + lavado + barba,Nico Estilo
6714,1724,14,18,2024-12-28 17:00:00,15000.00,cancelada,transferencia,Melissa Guerrero Martínez,Corte + tinte,Nico Estilo
6715,75,16,17,2024-01-07 12:00:00,8000.00,atendida,efectivo,Marcela Peña López,Barba completa,Kevin El Maestro
6716,1017,13,25,2023-03-10 14:00:00,18000.00,atendida,tarjeta,Deisy Arias Ocampo,Corte infantil,Lucho Precision
6717,1951,17,5,2023-11-24 09:00:00,20000.00,cancelada,tarjeta,Diana Romero Guerrero,Barba + hidratacion,El Vikingo
6718,1543,14,27,2024-02-02 14:00:00,15000.00,atendida,efectivo,Miguel Ruiz Herrera,Corte + tinte,Tomas Clipper
6719,1301,5,6,2024-02-26 12:00:00,15000.00,cancelada,tarjeta,Nicolás Vega López,Corte de cabello Basico,Chelo Cuts
6720,840,17,12,2024-12-15 10:00:00,20000.00,atendida,nequi,Nathaly Henao Castro,Barba + hidratacion,Duvan Fresh
6721,554,2,17,2023-03-26 18:00:00,15000.00,atendida,transferencia,Sebastián Muñoz Romero,Corte de cabello Basico + barba,Kevin El Maestro
6722,1263,12,18,2023-03-08 11:00:00,12000.00,atendida,transferencia,Johana Torres García,Corte moderno,Nico Estilo
6723,1945,6,24,2023-12-01 15:00:00,14000.00,atendida,tarjeta,Mariana Zapata Arias,Corte de cabello Basico + barba,El Negro Barber
6724,1559,13,2,2024-12-22 14:00:00,18000.00,cancelada,efectivo,Jorge Pérez Zapata,Corte infantil,Maicol Style
6725,436,23,28,2023-06-18 15:00:00,30000.00,atendida,efectivo,Kevin Díaz Ocampo,Keratina,Yeison Barber
6726,860,20,14,2024-01-29 14:00:00,22000.00,atendida,transferencia,Lizeth Rojas González,Depilacion de cejas,El Tigre Cuts
6727,154,1,28,2024-02-28 18:00:00,12000.00,atendida,daviplata,Carolina Muñoz Romero,Corte de cabello Basico,Yeison Barber
6728,409,9,13,2024-07-06 14:00:00,10000.00,atendida,daviplata,Claudia Parra Reyes,Corte degradado,Camilo Pro
6729,481,28,13,2023-10-30 16:00:00,55000.00,atendida,nequi,Hernán Herrera Sánchez,Pack novio completo,Camilo Pro
6730,1526,26,7,2024-09-22 08:00:00,50000.00,atendida,efectivo,Duvan López Bedoya,Masaje capilar,Pipe El Crack
6731,651,4,17,2023-11-12 10:00:00,18000.00,atendida,nequi,Oscar Suárez Reyes,Corte + lavado,Kevin El Maestro
6732,1705,21,26,2024-02-16 11:00:00,25000.00,atendida,nequi,Mauricio Flores García,Limpieza facial,Andres El Pro
6733,1316,6,28,2023-09-26 18:00:00,14000.00,cancelada,nequi,Monica Muñoz Ocampo,Corte de cabello Basico + barba,Yeison Barber
6734,1506,7,24,2023-11-15 11:00:00,13000.00,cancelada,tarjeta,Mauricio Muñoz Parra,Arreglo de barba,El Negro Barber
6735,1183,3,22,2024-02-20 10:00:00,8000.00,atendida,tarjeta,Mariana Delgado Jiménez,Arreglo de barba,Diego Fadero
6736,1392,15,12,2023-12-11 18:00:00,14000.00,atendida,transferencia,Fabian Delgado Ortiz,Tinte completo,Duvan Fresh
6737,1946,13,31,2024-07-27 08:00:00,18000.00,atendida,transferencia,Patricia Gómez Ramos,Corte infantil,Cristian Fade
6738,794,4,18,2023-07-30 15:00:00,18000.00,atendida,tarjeta,Angie Pérez Morales,Corte + lavado,Nico Estilo
6739,729,29,29,2023-12-19 15:00:00,50000.00,atendida,tarjeta,Sergio Parra Cárdenas,Coloracion fantasia,El Calvo Cuts
6740,899,16,6,2023-07-30 12:00:00,8000.00,atendida,daviplata,Valentina Delgado Flores,Barba completa,Chelo Cuts
6741,645,10,29,2023-04-10 08:00:00,35000.00,atendida,tarjeta,Luis Arias Vega,Corte navaja,El Calvo Cuts
6742,1187,20,14,2023-06-25 16:00:00,22000.00,atendida,transferencia,Ricardo Rojas Ortiz,Depilacion de cejas,El Tigre Cuts
6743,947,14,22,2024-11-27 08:00:00,15000.00,atendida,transferencia,Yulieth Rivera Cárdenas,Corte + tinte,Diego Fadero
6744,1614,4,19,2024-11-16 12:00:00,18000.00,atendida,efectivo,Xiomara Ramos Correa,Corte + lavado,Fercho Barber
6745,563,16,22,2023-11-27 09:00:00,8000.00,atendida,transferencia,Rodrigo Delgado Romero,Barba completa,Diego Fadero
6746,949,18,10,2023-03-26 14:00:00,22000.00,atendida,daviplata,Diana Ríos Sánchez,Afeitado clasico navaja,Yeferson King
6747,1075,10,25,2023-05-11 16:00:00,35000.00,cancelada,transferencia,Deisy Muñoz Guerrero,Corte navaja,Lucho Precision
6748,479,9,7,2023-11-05 11:00:00,10000.00,atendida,tarjeta,Jorge Ríos Sánchez,Corte degradado,Pipe El Crack
6749,761,6,29,2024-01-19 08:00:00,14000.00,cancelada,daviplata,Nicolás López Díaz,Corte de cabello Basico + barba,El Calvo Cuts
6750,1534,21,10,2024-04-19 17:00:00,25000.00,atendida,efectivo,Fernando Romero Torres,Limpieza facial,Yeferson King
6751,418,5,24,2024-03-04 12:00:00,15000.00,atendida,nequi,Felipe Reyes Zapata,Corte de cabello Basico,El Negro Barber
6752,113,17,6,2024-06-12 15:00:00,20000.00,cancelada,efectivo,Felipe Reyes Ríos,Barba + hidratacion,Chelo Cuts
6753,453,5,10,2023-05-01 15:00:00,15000.00,cancelada,tarjeta,Kevin Flores Jiménez,Corte de cabello Basico,Yeferson King
6754,928,28,12,2023-07-15 08:00:00,55000.00,atendida,transferencia,Steven Ortiz Peña,Pack novio completo,Duvan Fresh
6755,1110,14,24,2023-02-13 08:00:00,15000.00,atendida,efectivo,Oscar Delgado Castro,Corte + tinte,El Negro Barber
6756,1994,19,12,2023-04-22 12:00:00,60000.00,atendida,tarjeta,Nicolás Moreno Montoya,Cejas + barba,Duvan Fresh
6757,329,27,30,2024-11-01 08:00:00,22000.00,atendida,tarjeta,Juan Morales Rodríguez,Tratamiento anticaida,Pipe Navajas
6758,270,17,26,2024-06-22 17:00:00,20000.00,atendida,nequi,Nathaly Torres Jiménez,Barba + hidratacion,Andres El Pro
6759,1657,7,22,2023-02-25 11:00:00,13000.00,cancelada,efectivo,Catalina Parra Moreno,Arreglo de barba,Diego Fadero
6760,960,28,31,2024-08-21 11:00:00,55000.00,cancelada,transferencia,Alejandro Ruiz Montoya,Pack novio completo,Cristian Fade
6761,1405,3,10,2023-03-30 11:00:00,8000.00,cancelada,daviplata,Wilmar Cruz Mendoza,Arreglo de barba,Yeferson King
6762,1602,19,6,2024-05-03 09:00:00,60000.00,atendida,transferencia,Maria González Ospina,Cejas + barba,Chelo Cuts
6763,769,2,5,2024-02-19 14:00:00,15000.00,cancelada,tarjeta,Esteban González Sánchez,Corte de cabello Basico + barba,El Vikingo
6764,927,18,15,2024-08-23 09:00:00,22000.00,atendida,daviplata,Hernán Torres Rivera,Afeitado clasico navaja,Jhon Navajas
6765,384,10,15,2024-03-03 12:00:00,35000.00,cancelada,daviplata,Isabella Ramírez Suárez,Corte navaja,Jhon Navajas
6766,983,9,10,2024-03-28 14:00:00,10000.00,atendida,efectivo,Yesid Martínez Rodríguez,Corte degradado,Yeferson King
6767,480,13,22,2023-04-29 17:00:00,18000.00,cancelada,nequi,Yesid Gutiérrez Vega,Corte infantil,Diego Fadero
6768,478,8,21,2023-06-30 16:00:00,16000.00,atendida,tarjeta,Cristian Rivera Martínez,Corte + lavado,Wilmar Style
6769,1023,28,18,2024-08-16 14:00:00,55000.00,atendida,tarjeta,Juan López Torres,Pack novio completo,Nico Estilo
6770,1887,20,22,2023-01-25 10:00:00,22000.00,atendida,daviplata,Patricia Ruiz Henao,Depilacion de cejas,Diego Fadero
6771,1401,18,15,2024-10-02 15:00:00,22000.00,atendida,nequi,Dayana Bedoya González,Afeitado clasico navaja,Jhon Navajas
6772,72,30,19,2023-04-01 14:00:00,40000.00,cancelada,daviplata,Ricardo Espinoza Henao,Corte + lavado + barba,Fercho Barber
6773,1587,1,11,2023-02-26 14:00:00,12000.00,atendida,daviplata,Lucia Ortiz Ríos,Corte de cabello Basico,El Mono Barber
6774,380,23,21,2024-06-04 14:00:00,30000.00,atendida,tarjeta,Lizeth Reyes Ruiz,Keratina,Wilmar Style
6775,777,26,6,2024-11-23 12:00:00,50000.00,atendida,transferencia,Rodrigo Rodríguez Reyes,Masaje capilar,Chelo Cuts
6776,1383,7,21,2023-12-14 10:00:00,13000.00,atendida,nequi,Paola Torres Rodríguez,Arreglo de barba,Wilmar Style
6777,1153,8,26,2023-01-20 11:00:00,16000.00,cancelada,efectivo,Laura Ramos Londoño,Corte + lavado,Andres El Pro
6778,1675,17,17,2024-02-11 16:00:00,20000.00,atendida,tarjeta,Patricia Martínez Pérez,Barba + hidratacion,Kevin El Maestro
6779,502,28,10,2023-04-04 15:00:00,55000.00,atendida,efectivo,Rodrigo Peña Henao,Pack novio completo,Yeferson King
6780,1830,1,11,2024-03-05 09:00:00,12000.00,atendida,efectivo,Rodrigo Silva Rivera,Corte de cabello Basico,El Mono Barber
6781,796,18,12,2024-07-08 18:00:00,22000.00,atendida,daviplata,Rodrigo Jiménez Vargas,Afeitado clasico navaja,Duvan Fresh
6782,1750,10,21,2024-08-07 18:00:00,35000.00,cancelada,tarjeta,Carlos Guerrero Ríos,Corte navaja,Wilmar Style
6783,951,26,12,2023-02-02 15:00:00,50000.00,atendida,transferencia,Johana Morales Londoño,Masaje capilar,Duvan Fresh
6784,1910,8,5,2023-09-05 08:00:00,16000.00,atendida,nequi,Brayan Zapata Suárez,Corte + lavado,El Vikingo
6785,914,22,23,2023-09-26 18:00:00,15000.00,atendida,transferencia,Leidy Ortiz Rojas,Hidratacion capilar,Santi Premium
6786,234,2,10,2024-07-10 11:00:00,15000.00,atendida,transferencia,Fernando López Henao,Corte de cabello Basico + barba,Yeferson King
6787,1480,26,23,2024-06-20 18:00:00,50000.00,atendida,efectivo,Andrés Ramos Arias,Masaje capilar,Santi Premium
6788,34,6,6,2024-05-03 14:00:00,14000.00,atendida,nequi,Melissa Morales Romero,Corte de cabello Basico + barba,Chelo Cuts
6789,115,25,26,2024-04-28 17:00:00,80000.00,cancelada,nequi,Johana Martínez Vega,Corte + hidratacion,Andres El Pro
6790,1570,7,28,2023-01-05 15:00:00,13000.00,atendida,nequi,Paola Pérez González,Arreglo de barba,Yeison Barber
6791,208,24,26,2024-02-05 17:00:00,50000.00,cancelada,transferencia,Cristian Cruz Cárdenas,Corte + barba + cejas,Andres El Pro
6792,1817,6,16,2023-03-19 08:00:00,14000.00,atendida,efectivo,Wilmar González Ortiz,Corte de cabello Basico + barba,Sebastián Blade
6793,333,7,25,2023-07-15 17:00:00,13000.00,cancelada,tarjeta,Samuel Reyes Pérez,Arreglo de barba,Lucho Precision
6794,682,20,11,2024-12-07 10:00:00,22000.00,cancelada,efectivo,Jhon Silva Parra,Depilacion de cejas,El Mono Barber
6795,1863,1,30,2024-07-20 09:00:00,12000.00,atendida,nequi,Mateo Guerrero Mendoza,Corte de cabello Basico,Pipe Navajas
6796,1378,7,17,2023-12-11 12:00:00,13000.00,atendida,transferencia,Monica Morales Correa,Arreglo de barba,Kevin El Maestro
6797,815,18,3,2024-08-04 11:00:00,22000.00,atendida,nequi,Johana Martínez Ramos,Afeitado clasico navaja,Juancho El Indio
6798,1576,7,23,2023-01-02 12:00:00,13000.00,atendida,daviplata,Paula Rivera Montoya,Arreglo de barba,Santi Premium
6799,1560,27,10,2024-03-31 12:00:00,22000.00,cancelada,nequi,Jorge Peña Correa,Tratamiento anticaida,Yeferson King
6800,1312,2,17,2023-08-17 17:00:00,15000.00,atendida,nequi,Esteban Parra Ortiz,Corte de cabello Basico + barba,Kevin El Maestro
6801,136,4,30,2023-11-13 17:00:00,18000.00,atendida,tarjeta,Carlos Muñoz Medina,Corte + lavado,Pipe Navajas
6802,863,8,22,2024-07-12 08:00:00,16000.00,atendida,daviplata,Yesid Peña Bedoya,Corte + lavado,Diego Fadero
6803,1876,19,27,2023-07-08 15:00:00,60000.00,atendida,nequi,Marcela Vega García,Cejas + barba,Tomas Clipper
6804,778,26,17,2023-08-03 15:00:00,50000.00,cancelada,tarjeta,Sara Ramírez Cruz,Masaje capilar,Kevin El Maestro
6805,1896,26,25,2023-09-13 09:00:00,50000.00,atendida,nequi,Rodrigo Mendoza Peña,Masaje capilar,Lucho Precision
6806,425,7,8,2023-09-14 16:00:00,13000.00,atendida,tarjeta,Patricia Morales Gómez,Arreglo de barba,Tato Fade
6807,1917,27,26,2023-08-12 08:00:00,22000.00,cancelada,tarjeta,Jhon González Medina,Tratamiento anticaida,Andres El Pro
6808,1438,1,24,2023-03-29 17:00:00,12000.00,cancelada,efectivo,Claudia Rojas Henao,Corte de cabello Basico,El Negro Barber
6809,1995,8,14,2024-04-17 18:00:00,16000.00,cancelada,efectivo,Wilmar Herrera Flores,Corte + lavado,El Tigre Cuts
6810,1537,29,22,2023-01-01 10:00:00,50000.00,atendida,transferencia,Alejandro Suárez Bedoya,Coloracion fantasia,Diego Fadero
6811,609,5,9,2023-11-05 09:00:00,15000.00,atendida,tarjeta,Adriana Henao Cruz,Corte de cabello Basico,Brayan Scissors
6812,1537,7,10,2023-08-24 08:00:00,13000.00,atendida,daviplata,Alejandro Suárez Bedoya,Arreglo de barba,Yeferson King
6813,311,26,7,2023-09-21 12:00:00,50000.00,atendida,transferencia,Yeison González Londoño,Masaje capilar,Pipe El Crack
6814,1756,21,6,2024-02-29 12:00:00,25000.00,atendida,transferencia,Adriana Delgado Reyes,Limpieza facial,Chelo Cuts
6815,323,12,30,2024-03-06 18:00:00,12000.00,atendida,nequi,Diego Zapata Mendoza,Corte moderno,Pipe Navajas
6816,2012,27,23,2023-08-30 12:00:00,22000.00,atendida,nequi,Ana Londoño Romero,Tratamiento anticaida,Santi Premium
6817,959,3,22,2023-04-10 12:00:00,8000.00,atendida,daviplata,Wilmar Flores Reyes,Arreglo de barba,Diego Fadero
6818,360,30,30,2023-04-16 12:00:00,40000.00,atendida,transferencia,Paola Ramos Pérez,Corte + lavado + barba,Pipe Navajas
6819,975,22,22,2023-10-12 15:00:00,15000.00,atendida,daviplata,Luis Ospina Flores,Hidratacion capilar,Diego Fadero
6820,927,18,10,2024-05-15 18:00:00,22000.00,atendida,efectivo,Hernán Torres Rivera,Afeitado clasico navaja,Yeferson King
6821,952,10,13,2023-12-07 11:00:00,35000.00,cancelada,efectivo,Daniela Cruz Herrera,Corte navaja,Camilo Pro
6822,1879,5,31,2024-10-01 08:00:00,15000.00,cancelada,nequi,Cristian Londoño González,Corte de cabello Basico,Cristian Fade
6823,1598,15,20,2024-03-26 08:00:00,14000.00,cancelada,efectivo,Claudia Henao López,Tinte completo,El Paisa Cuts
6824,1682,29,22,2023-04-11 16:00:00,50000.00,atendida,tarjeta,Natalia Pérez Cruz,Coloracion fantasia,Diego Fadero
6825,777,1,23,2023-12-26 08:00:00,12000.00,atendida,tarjeta,Rodrigo Rodríguez Reyes,Corte de cabello Basico,Santi Premium
6826,139,11,5,2023-01-15 11:00:00,25000.00,atendida,tarjeta,Valentina Reyes Suárez,Corte clasico,El Vikingo
6827,708,14,22,2024-08-16 14:00:00,15000.00,cancelada,daviplata,Wilmar Ruiz Silva,Corte + tinte,Diego Fadero
6828,608,28,17,2024-03-30 12:00:00,55000.00,cancelada,daviplata,Brayan Ruiz Díaz,Pack novio completo,Kevin El Maestro
6829,1207,8,29,2023-12-22 12:00:00,16000.00,cancelada,daviplata,Isabella Morales Salazar,Corte + lavado,El Calvo Cuts
6830,1610,15,2,2023-05-13 10:00:00,14000.00,atendida,daviplata,Sofia Montoya García,Tinte completo,Maicol Style
6831,330,19,13,2023-07-22 12:00:00,60000.00,atendida,tarjeta,Natalia Ruiz Jiménez,Cejas + barba,Camilo Pro
6832,250,3,12,2024-09-23 18:00:00,8000.00,cancelada,daviplata,Ana Henao Montoya,Arreglo de barba,Duvan Fresh
6833,253,7,21,2024-04-19 12:00:00,13000.00,cancelada,daviplata,Johana Castro Jiménez,Arreglo de barba,Wilmar Style
6834,710,26,5,2023-09-03 14:00:00,50000.00,atendida,daviplata,Luis Henao Delgado,Masaje capilar,El Vikingo
6835,1362,17,8,2023-07-29 08:00:00,20000.00,atendida,tarjeta,Jorge Reyes Arias,Barba + hidratacion,Tato Fade
6836,1857,3,24,2023-04-14 12:00:00,8000.00,atendida,efectivo,Brayan Flores Sánchez,Arreglo de barba,El Negro Barber
6837,352,9,17,2024-12-27 14:00:00,10000.00,atendida,nequi,Yulieth García Ramírez,Corte degradado,Kevin El Maestro
6838,763,21,27,2023-03-17 09:00:00,25000.00,cancelada,daviplata,Laura Rojas Medina,Limpieza facial,Tomas Clipper
6839,1433,12,9,2024-09-03 10:00:00,12000.00,atendida,nequi,Rodrigo Díaz Ospina,Corte moderno,Brayan Scissors
6840,1304,15,27,2023-05-05 16:00:00,14000.00,atendida,daviplata,Isabella López Cruz,Tinte completo,Tomas Clipper
6841,540,2,25,2023-12-08 09:00:00,15000.00,atendida,efectivo,Adriana Rojas Torres,Corte de cabello Basico + barba,Lucho Precision
6842,1573,1,28,2023-10-25 15:00:00,12000.00,cancelada,efectivo,Samuel González Martínez,Corte de cabello Basico,Yeison Barber
6843,1871,25,26,2024-10-05 18:00:00,80000.00,atendida,daviplata,Maria García Montoya,Corte + hidratacion,Andres El Pro
6844,1302,18,5,2023-01-18 17:00:00,22000.00,atendida,nequi,Natalia Vega Rojas,Afeitado clasico navaja,El Vikingo
6845,735,22,10,2024-12-13 09:00:00,15000.00,atendida,tarjeta,Marcela Ramos Ocampo,Hidratacion capilar,Yeferson King
6846,204,23,4,2024-01-13 11:00:00,30000.00,atendida,efectivo,Natalia Ruiz Montoya,Keratina,Mateo Barber
6847,1495,5,5,2024-11-08 17:00:00,15000.00,cancelada,daviplata,Lizeth Henao Cárdenas,Corte de cabello Basico,El Vikingo
6848,841,18,7,2024-05-21 18:00:00,22000.00,atendida,nequi,Ana Ortiz Arias,Afeitado clasico navaja,Pipe El Crack
6849,799,30,21,2023-08-20 15:00:00,40000.00,cancelada,efectivo,Marcela Guerrero Rodríguez,Corte + lavado + barba,Wilmar Style
6850,1207,10,11,2023-05-03 09:00:00,35000.00,atendida,nequi,Isabella Morales Salazar,Corte navaja,El Mono Barber
6851,1748,15,11,2023-06-11 12:00:00,14000.00,cancelada,efectivo,Cristian Arias Suárez,Tinte completo,El Mono Barber
6852,192,7,6,2023-06-09 08:00:00,13000.00,cancelada,tarjeta,Ana Arias Medina,Arreglo de barba,Chelo Cuts
6853,384,26,20,2024-05-08 10:00:00,50000.00,atendida,daviplata,Isabella Ramírez Suárez,Masaje capilar,El Paisa Cuts
6854,1417,9,8,2023-11-23 14:00:00,10000.00,cancelada,tarjeta,Xiomara Muñoz Silva,Corte degradado,Tato Fade
6855,1355,22,22,2024-02-05 09:00:00,15000.00,atendida,nequi,Carolina Sánchez Ortiz,Hidratacion capilar,Diego Fadero
6856,1996,17,4,2024-06-04 10:00:00,20000.00,atendida,daviplata,Yulieth Ramos Martínez,Barba + hidratacion,Mateo Barber
6857,1874,22,27,2024-04-14 16:00:00,15000.00,atendida,daviplata,Maria Cruz Guerrero,Hidratacion capilar,Tomas Clipper
6858,584,14,8,2023-12-09 11:00:00,15000.00,atendida,efectivo,Diego Salazar Ramos,Corte + tinte,Tato Fade
6859,586,22,3,2023-12-19 12:00:00,15000.00,cancelada,tarjeta,Nathaly Jiménez Romero,Hidratacion capilar,Juancho El Indio
6860,229,30,18,2023-07-18 10:00:00,40000.00,atendida,transferencia,Sergio Peña Gómez,Corte + lavado + barba,Nico Estilo
6861,530,30,7,2024-03-23 08:00:00,40000.00,cancelada,transferencia,Claudia González Pérez,Corte + lavado + barba,Pipe El Crack
6862,628,23,8,2024-01-06 15:00:00,30000.00,atendida,nequi,Maria Romero Ospina,Keratina,Tato Fade
6863,1517,28,7,2023-12-12 10:00:00,55000.00,atendida,tarjeta,Carlos Gómez Correa,Pack novio completo,Pipe El Crack
6864,203,12,2,2023-04-27 08:00:00,12000.00,atendida,efectivo,Valentina Rodríguez Ramos,Corte moderno,Maicol Style
6865,1394,29,26,2024-01-12 15:00:00,50000.00,atendida,transferencia,Ricardo Gómez Mendoza,Coloracion fantasia,Andres El Pro
6866,1453,9,19,2023-11-18 15:00:00,10000.00,atendida,tarjeta,Diana Medina Montoya,Corte degradado,Fercho Barber
6867,407,7,4,2023-02-27 14:00:00,13000.00,cancelada,nequi,Sebastián Mendoza Torres,Arreglo de barba,Mateo Barber
6868,469,29,23,2024-09-16 12:00:00,50000.00,atendida,nequi,Lizeth García Montoya,Coloracion fantasia,Santi Premium
6869,64,15,14,2024-10-10 17:00:00,14000.00,atendida,transferencia,Brayan Silva González,Tinte completo,El Tigre Cuts
6870,240,20,6,2023-01-31 10:00:00,22000.00,cancelada,nequi,Cristian Moreno Cruz,Depilacion de cejas,Chelo Cuts
6871,608,3,10,2023-09-01 14:00:00,8000.00,atendida,efectivo,Brayan Ruiz Díaz,Arreglo de barba,Yeferson King
6872,119,23,3,2023-07-29 17:00:00,30000.00,atendida,efectivo,Ricardo Correa Jiménez,Keratina,Juancho El Indio
6873,64,29,13,2023-04-17 17:00:00,50000.00,atendida,efectivo,Brayan Silva González,Coloracion fantasia,Camilo Pro
6874,1649,13,21,2024-03-08 11:00:00,18000.00,atendida,daviplata,Brayan Morales García,Corte infantil,Wilmar Style
6875,717,13,29,2024-11-21 12:00:00,18000.00,atendida,transferencia,Miguel Ramírez Jiménez,Corte infantil,El Calvo Cuts
6876,39,19,21,2024-02-21 09:00:00,60000.00,atendida,transferencia,Angie Torres Herrera,Cejas + barba,Wilmar Style
6877,1219,14,26,2023-05-10 10:00:00,15000.00,atendida,efectivo,Kevin Vega Salazar,Corte + tinte,Andres El Pro
6878,1962,2,28,2023-12-05 08:00:00,15000.00,atendida,daviplata,Diego Ospina Torres,Corte de cabello Basico + barba,Yeison Barber
6879,349,1,31,2024-03-03 11:00:00,12000.00,atendida,efectivo,Samuel García Romero,Corte de cabello Basico,Cristian Fade
6880,1683,2,20,2024-05-20 11:00:00,15000.00,cancelada,tarjeta,Camila López Herrera,Corte de cabello Basico + barba,El Paisa Cuts
6881,908,13,19,2024-02-11 18:00:00,18000.00,atendida,daviplata,Sergio Ruiz Correa,Corte infantil,Fercho Barber
6882,392,1,18,2024-09-05 18:00:00,12000.00,cancelada,transferencia,Kevin Correa Pérez,Corte de cabello Basico,Nico Estilo
6883,1944,13,29,2024-06-14 17:00:00,18000.00,cancelada,tarjeta,Raúl Silva Ocampo,Corte infantil,El Calvo Cuts
6884,427,15,23,2024-12-03 11:00:00,14000.00,cancelada,efectivo,Valentina Londoño Delgado,Tinte completo,Santi Premium
6885,1204,6,31,2023-02-15 08:00:00,14000.00,atendida,efectivo,Paula Castro Jiménez,Corte de cabello Basico + barba,Cristian Fade
6886,122,5,25,2023-02-15 17:00:00,15000.00,atendida,efectivo,Sofia García Montoya,Corte de cabello Basico,Lucho Precision
6887,1822,23,26,2024-07-16 14:00:00,30000.00,cancelada,transferencia,Brayan Montoya Ocampo,Keratina,Andres El Pro
6888,671,16,18,2024-08-29 10:00:00,8000.00,atendida,tarjeta,Oscar Romero Mendoza,Barba completa,Nico Estilo
6889,791,11,17,2023-05-27 09:00:00,25000.00,cancelada,transferencia,Fabian Guerrero Medina,Corte clasico,Kevin El Maestro
6890,1006,24,2,2023-08-25 08:00:00,50000.00,atendida,daviplata,Marcela Muñoz Morales,Corte + barba + cejas,Maicol Style
6891,160,14,20,2024-01-04 14:00:00,15000.00,atendida,tarjeta,Maria García Ramos,Corte + tinte,El Paisa Cuts
6892,1627,21,26,2023-06-21 16:00:00,25000.00,atendida,transferencia,Laura Parra Rivera,Limpieza facial,Andres El Pro
6893,699,25,19,2024-02-05 12:00:00,80000.00,atendida,nequi,David Guerrero Ríos,Corte + hidratacion,Fercho Barber
6894,1942,2,12,2024-02-24 15:00:00,15000.00,atendida,transferencia,Nathaly Ramos García,Corte de cabello Basico + barba,Duvan Fresh
6895,1599,8,10,2024-01-11 12:00:00,16000.00,cancelada,daviplata,Esteban Ramírez Ramírez,Corte + lavado,Yeferson King
6896,478,20,3,2024-02-14 12:00:00,22000.00,cancelada,nequi,Cristian Rivera Martínez,Depilacion de cejas,Juancho El Indio
6897,1757,15,6,2024-11-22 15:00:00,14000.00,atendida,tarjeta,Kevin Suárez Pérez,Tinte completo,Chelo Cuts
6898,1137,7,26,2024-06-23 17:00:00,13000.00,atendida,nequi,Yesid Londoño Jiménez,Arreglo de barba,Andres El Pro
6899,1851,26,3,2023-12-24 10:00:00,50000.00,atendida,efectivo,Duvan Rodríguez Reyes,Masaje capilar,Juancho El Indio
6900,1863,5,27,2023-05-13 12:00:00,15000.00,atendida,tarjeta,Mateo Guerrero Mendoza,Corte de cabello Basico,Tomas Clipper
6901,509,6,28,2024-03-20 12:00:00,14000.00,atendida,tarjeta,Oscar Delgado Gutiérrez,Corte de cabello Basico + barba,Yeison Barber
6902,46,16,17,2023-02-07 08:00:00,8000.00,cancelada,daviplata,Lucia Rodríguez Silva,Barba completa,Kevin El Maestro
6903,969,13,4,2024-12-02 17:00:00,18000.00,atendida,transferencia,Natalia Gómez Zapata,Corte infantil,Mateo Barber
6904,1936,22,29,2023-03-26 11:00:00,15000.00,atendida,tarjeta,Luis Gutiérrez Jiménez,Hidratacion capilar,El Calvo Cuts
6905,901,28,7,2024-05-02 09:00:00,55000.00,cancelada,efectivo,Monica Vega Rojas,Pack novio completo,Pipe El Crack
6906,585,2,3,2023-09-02 12:00:00,15000.00,atendida,tarjeta,Fabian Correa Flores,Corte de cabello Basico + barba,Juancho El Indio
6907,1944,9,31,2023-05-31 17:00:00,10000.00,atendida,tarjeta,Raúl Silva Ocampo,Corte degradado,Cristian Fade
6908,1695,6,8,2023-07-05 11:00:00,14000.00,atendida,daviplata,Marcela Medina Flores,Corte de cabello Basico + barba,Tato Fade
6909,1215,11,26,2024-09-07 16:00:00,25000.00,cancelada,daviplata,Adriana Moreno Ramos,Corte clasico,Andres El Pro
6910,774,25,24,2023-04-26 08:00:00,80000.00,atendida,tarjeta,Kevin Muñoz Sánchez,Corte + hidratacion,El Negro Barber
6911,416,20,8,2023-10-03 10:00:00,22000.00,atendida,daviplata,Lizeth Delgado Espinoza,Depilacion de cejas,Tato Fade
6912,1880,23,18,2024-01-15 12:00:00,30000.00,atendida,daviplata,Adriana Arias Delgado,Keratina,Nico Estilo
6913,41,14,19,2023-05-13 09:00:00,15000.00,cancelada,transferencia,Leidy Díaz Salazar,Corte + tinte,Fercho Barber
6914,114,4,27,2023-12-22 10:00:00,18000.00,atendida,nequi,Mauricio Bedoya Montoya,Corte + lavado,Tomas Clipper
6915,1070,3,22,2024-06-18 12:00:00,8000.00,atendida,tarjeta,David Ocampo Gutiérrez,Arreglo de barba,Diego Fadero
6916,133,23,23,2023-06-29 14:00:00,30000.00,atendida,daviplata,Andrés Henao Díaz,Keratina,Santi Premium
6917,563,28,7,2023-10-23 11:00:00,55000.00,atendida,efectivo,Rodrigo Delgado Romero,Pack novio completo,Pipe El Crack
6918,1501,16,2,2024-02-26 18:00:00,8000.00,cancelada,efectivo,Cristian Henao Montoya,Barba completa,Maicol Style
6919,1929,23,4,2024-09-28 14:00:00,30000.00,atendida,tarjeta,Jorge Suárez Medina,Keratina,Mateo Barber
6920,1912,16,12,2023-02-25 17:00:00,8000.00,cancelada,nequi,Claudia Mendoza Vega,Barba completa,Duvan Fresh
6921,1260,1,16,2024-03-12 14:00:00,12000.00,atendida,nequi,Diego Montoya Morales,Corte de cabello Basico,Sebastián Blade
6922,76,11,10,2024-05-03 11:00:00,25000.00,cancelada,efectivo,Valentina Ríos Gutiérrez,Corte clasico,Yeferson King
6923,70,23,20,2023-01-12 16:00:00,30000.00,atendida,tarjeta,Sofia Ríos Peña,Keratina,El Paisa Cuts
6924,415,27,5,2023-07-28 12:00:00,22000.00,atendida,efectivo,Johana Peña Henao,Tratamiento anticaida,El Vikingo
6925,286,2,9,2023-08-17 11:00:00,15000.00,cancelada,transferencia,Monica Parra Salazar,Corte de cabello Basico + barba,Brayan Scissors
6926,963,23,18,2024-01-27 16:00:00,30000.00,atendida,efectivo,Jorge Jiménez Reyes,Keratina,Nico Estilo
6927,1921,11,6,2023-07-10 17:00:00,25000.00,cancelada,nequi,Johana Ospina Ortiz,Corte clasico,Chelo Cuts
6928,411,23,14,2023-10-02 10:00:00,30000.00,cancelada,efectivo,Miguel Delgado Martínez,Keratina,El Tigre Cuts
6929,392,10,31,2024-07-12 09:00:00,35000.00,atendida,nequi,Kevin Correa Pérez,Corte navaja,Cristian Fade
6930,1478,20,27,2023-01-11 11:00:00,22000.00,atendida,nequi,Esteban Gutiérrez Ríos,Depilacion de cejas,Tomas Clipper
6931,1881,1,25,2023-02-24 11:00:00,12000.00,atendida,daviplata,Steven Torres Londoño,Corte de cabello Basico,Lucho Precision
6932,1162,2,26,2024-06-04 14:00:00,15000.00,cancelada,efectivo,Jhon Espinoza Rojas,Corte de cabello Basico + barba,Andres El Pro
6933,1023,7,12,2024-05-08 14:00:00,13000.00,atendida,daviplata,Juan López Torres,Arreglo de barba,Duvan Fresh
6934,1866,6,2,2023-04-23 14:00:00,14000.00,cancelada,nequi,Nicolás Silva Ortiz,Corte de cabello Basico + barba,Maicol Style
6935,86,5,3,2024-12-23 12:00:00,15000.00,atendida,transferencia,Angie Cárdenas Parra,Corte de cabello Basico,Juancho El Indio
6936,680,15,22,2023-04-20 09:00:00,14000.00,cancelada,transferencia,Esteban Gómez Martínez,Tinte completo,Diego Fadero
6937,1021,28,7,2024-03-06 18:00:00,55000.00,atendida,daviplata,Wilmar Peña González,Pack novio completo,Pipe El Crack
6938,477,28,22,2023-05-12 11:00:00,55000.00,cancelada,daviplata,Raúl Espinoza Ocampo,Pack novio completo,Diego Fadero
6939,198,16,21,2024-07-15 14:00:00,8000.00,atendida,efectivo,Isabella Ramos Ríos,Barba completa,Wilmar Style
6940,1070,25,20,2024-02-01 17:00:00,80000.00,atendida,efectivo,David Ocampo Gutiérrez,Corte + hidratacion,El Paisa Cuts
6941,448,8,13,2023-06-25 09:00:00,16000.00,cancelada,transferencia,Paula Salazar Romero,Corte + lavado,Camilo Pro
6942,1537,30,6,2024-09-17 15:00:00,40000.00,cancelada,transferencia,Alejandro Suárez Bedoya,Corte + lavado + barba,Chelo Cuts
6943,99,3,4,2024-02-16 14:00:00,8000.00,cancelada,daviplata,Deisy Henao Herrera,Arreglo de barba,Mateo Barber
6944,174,10,11,2023-07-06 12:00:00,35000.00,cancelada,transferencia,Felipe Ramos Vargas,Corte navaja,El Mono Barber
6945,1084,5,30,2023-08-27 09:00:00,15000.00,atendida,transferencia,Catalina Romero López,Corte de cabello Basico,Pipe Navajas
6946,630,12,19,2024-02-20 12:00:00,12000.00,atendida,tarjeta,Laura Montoya Correa,Corte moderno,Fercho Barber
6947,893,12,22,2024-02-21 16:00:00,12000.00,atendida,daviplata,Nathaly Sánchez Rodríguez,Corte moderno,Diego Fadero
6948,1915,28,28,2024-02-06 17:00:00,55000.00,cancelada,transferencia,Paula Moreno Arias,Pack novio completo,Yeison Barber
6949,1225,16,26,2024-01-16 18:00:00,8000.00,atendida,efectivo,Sergio Rodríguez Ruiz,Barba completa,Andres El Pro
6950,496,11,9,2023-01-19 10:00:00,25000.00,cancelada,nequi,Sara Cárdenas Espinoza,Corte clasico,Brayan Scissors
6951,1122,25,9,2024-06-26 14:00:00,80000.00,atendida,efectivo,Paula Ospina Henao,Corte + hidratacion,Brayan Scissors
6952,124,11,14,2023-10-06 14:00:00,25000.00,atendida,nequi,Andrés Flores Torres,Corte clasico,El Tigre Cuts
6953,1357,28,27,2023-09-22 18:00:00,55000.00,cancelada,efectivo,Esteban Peña Ramírez,Pack novio completo,Tomas Clipper
6954,210,9,28,2024-06-23 11:00:00,10000.00,atendida,efectivo,Ferney Arias Cruz,Corte degradado,Yeison Barber
6955,626,5,7,2023-12-23 14:00:00,15000.00,atendida,efectivo,Maria Silva García,Corte de cabello Basico,Pipe El Crack
6956,677,10,31,2024-07-21 08:00:00,35000.00,cancelada,nequi,Yeison Henao Ramírez,Corte navaja,Cristian Fade
6957,1921,30,7,2023-09-06 14:00:00,40000.00,cancelada,daviplata,Johana Ospina Ortiz,Corte + lavado + barba,Pipe El Crack
6958,389,26,25,2024-11-20 15:00:00,50000.00,atendida,transferencia,Diana Gómez Moreno,Masaje capilar,Lucho Precision
6959,871,1,24,2023-08-25 15:00:00,12000.00,atendida,tarjeta,Angie Cruz Vega,Corte de cabello Basico,El Negro Barber
6960,1975,28,23,2024-10-17 10:00:00,55000.00,atendida,nequi,David Guerrero Guerrero,Pack novio completo,Santi Premium
6961,49,16,8,2023-04-24 12:00:00,8000.00,cancelada,efectivo,David López Ocampo,Barba completa,Tato Fade
6962,248,15,23,2024-11-30 10:00:00,14000.00,atendida,efectivo,Johana Ruiz Ramos,Tinte completo,Santi Premium
6963,1609,9,31,2024-11-07 11:00:00,10000.00,cancelada,nequi,Miguel Londoño Ruiz,Corte degradado,Cristian Fade
6964,1897,28,9,2024-11-08 10:00:00,55000.00,atendida,efectivo,Alejandro Pérez Ramos,Pack novio completo,Brayan Scissors
6965,322,14,9,2024-04-29 15:00:00,15000.00,cancelada,transferencia,Camila Pérez Guerrero,Corte + tinte,Brayan Scissors
6966,1684,2,26,2023-10-19 08:00:00,15000.00,atendida,tarjeta,Nathaly Cárdenas Morales,Corte de cabello Basico + barba,Andres El Pro
6967,518,15,8,2024-07-17 17:00:00,14000.00,atendida,tarjeta,Raúl Rojas Arias,Tinte completo,Tato Fade
6968,583,19,28,2023-11-13 15:00:00,60000.00,cancelada,transferencia,Adriana Muñoz Ospina,Cejas + barba,Yeison Barber
6969,1807,11,22,2024-09-23 18:00:00,25000.00,cancelada,daviplata,Hernán Correa Arias,Corte clasico,Diego Fadero
6970,1383,15,27,2023-01-04 12:00:00,14000.00,atendida,daviplata,Paola Torres Rodríguez,Tinte completo,Tomas Clipper
6971,955,24,3,2023-03-29 14:00:00,50000.00,atendida,efectivo,Deisy Reyes Ortiz,Corte + barba + cejas,Juancho El Indio
6972,652,11,15,2023-02-02 17:00:00,25000.00,atendida,efectivo,Valentina Morales Vega,Corte clasico,Jhon Navajas
6973,1101,24,24,2024-03-11 12:00:00,50000.00,atendida,tarjeta,Marcela Correa Díaz,Corte + barba + cejas,El Negro Barber
6974,822,3,4,2023-07-14 12:00:00,8000.00,atendida,tarjeta,Daniela Flores Ruiz,Arreglo de barba,Mateo Barber
6975,380,28,18,2023-08-06 18:00:00,55000.00,cancelada,nequi,Lizeth Reyes Ruiz,Pack novio completo,Nico Estilo
6976,141,20,16,2024-10-18 09:00:00,22000.00,atendida,daviplata,Brayan Romero Romero,Depilacion de cejas,Sebastián Blade
6977,1234,19,7,2023-07-22 10:00:00,60000.00,atendida,transferencia,Carolina Guerrero Jiménez,Cejas + barba,Pipe El Crack
6978,654,23,20,2024-09-15 08:00:00,30000.00,atendida,efectivo,Sebastián Suárez Ocampo,Keratina,El Paisa Cuts
6979,1852,15,30,2024-07-30 09:00:00,14000.00,cancelada,nequi,Lucia Ospina González,Tinte completo,Pipe Navajas
6980,63,19,20,2023-05-30 10:00:00,60000.00,atendida,nequi,Juan Torres Jiménez,Cejas + barba,El Paisa Cuts
6981,1066,13,23,2024-05-14 08:00:00,18000.00,atendida,daviplata,Mauricio Rojas Henao,Corte infantil,Santi Premium
6982,213,12,20,2024-10-25 09:00:00,12000.00,atendida,efectivo,Rodrigo Rojas Ramírez,Corte moderno,El Paisa Cuts
6983,546,10,15,2024-04-30 14:00:00,35000.00,atendida,transferencia,Sofia García Parra,Corte navaja,Jhon Navajas
6984,181,18,31,2024-11-16 08:00:00,22000.00,cancelada,nequi,Yeison Martínez Suárez,Afeitado clasico navaja,Cristian Fade
6985,415,6,14,2023-09-16 15:00:00,14000.00,atendida,nequi,Johana Peña Henao,Corte de cabello Basico + barba,El Tigre Cuts
6986,1280,26,14,2024-03-25 12:00:00,50000.00,cancelada,tarjeta,Andrea Salazar Ospina,Masaje capilar,El Tigre Cuts
6987,1885,15,22,2024-02-04 18:00:00,14000.00,atendida,efectivo,Sara Rodríguez Romero,Tinte completo,Diego Fadero
6988,1721,7,13,2024-07-17 12:00:00,13000.00,atendida,nequi,Adriana Henao Díaz,Arreglo de barba,Camilo Pro
6989,1982,27,13,2024-12-31 10:00:00,22000.00,atendida,nequi,Raúl Parra Ramírez,Tratamiento anticaida,Camilo Pro
6990,672,6,27,2023-04-04 15:00:00,14000.00,atendida,tarjeta,Catalina Guerrero Espinoza,Corte de cabello Basico + barba,Tomas Clipper
6991,746,7,4,2023-03-21 11:00:00,13000.00,cancelada,tarjeta,Laura Silva Medina,Arreglo de barba,Mateo Barber
6992,156,15,26,2024-05-25 18:00:00,14000.00,atendida,efectivo,Mariana Martínez Ortiz,Tinte completo,Andres El Pro
6993,206,17,30,2024-04-28 11:00:00,20000.00,atendida,daviplata,Andrés Jiménez Silva,Barba + hidratacion,Pipe Navajas
6994,734,29,9,2024-05-14 17:00:00,50000.00,atendida,nequi,Andrés Ortiz Espinoza,Coloracion fantasia,Brayan Scissors
6995,498,1,15,2024-09-13 10:00:00,12000.00,atendida,tarjeta,Monica Cárdenas Díaz,Corte de cabello Basico,Jhon Navajas
6996,821,26,28,2024-10-31 18:00:00,50000.00,atendida,nequi,Julián Flores Guerrero,Masaje capilar,Yeison Barber
6997,756,10,22,2023-11-03 08:00:00,35000.00,atendida,tarjeta,Melissa Correa Guerrero,Corte navaja,Diego Fadero
6998,1513,29,27,2023-07-31 08:00:00,50000.00,atendida,efectivo,Alejandro Mendoza Ríos,Coloracion fantasia,Tomas Clipper
6999,269,23,15,2023-03-30 14:00:00,30000.00,atendida,efectivo,Yulieth Ospina López,Keratina,Jhon Navajas
7000,1893,24,21,2024-07-02 11:00:00,50000.00,cancelada,efectivo,Valentina Espinoza Vargas,Corte + barba + cejas,Wilmar Style
7001,1262,27,2,2023-03-14 12:00:00,22000.00,cancelada,nequi,Juan Pérez Pérez,Tratamiento anticaida,Maicol Style
7002,110,7,28,2024-10-20 14:00:00,13000.00,atendida,tarjeta,Miguel Flores López,Arreglo de barba,Yeison Barber
7003,237,30,27,2024-01-28 17:00:00,40000.00,cancelada,efectivo,Diana Rivera Morales,Corte + lavado + barba,Tomas Clipper
7004,202,18,6,2023-03-06 17:00:00,22000.00,cancelada,tarjeta,Luis Ospina Martínez,Afeitado clasico navaja,Chelo Cuts
7005,848,4,17,2023-07-31 10:00:00,18000.00,cancelada,tarjeta,Santiago Rodríguez Gutiérrez,Corte + lavado,Kevin El Maestro
7006,1201,25,24,2023-11-30 18:00:00,80000.00,atendida,daviplata,Andrea Torres Medina,Corte + hidratacion,El Negro Barber
7007,1274,23,22,2023-02-01 17:00:00,30000.00,atendida,tarjeta,Sebastián Ortiz Ríos,Keratina,Diego Fadero
7008,1737,24,6,2024-05-02 16:00:00,50000.00,cancelada,efectivo,Oscar Henao Suárez,Corte + barba + cejas,Chelo Cuts
7009,630,21,3,2024-09-23 12:00:00,25000.00,atendida,nequi,Laura Montoya Correa,Limpieza facial,Juancho El Indio
7010,1254,24,16,2024-04-18 08:00:00,50000.00,atendida,daviplata,Xiomara Pérez García,Corte + barba + cejas,Sebastián Blade
7011,785,26,11,2023-05-22 14:00:00,50000.00,atendida,tarjeta,Johana Rivera Silva,Masaje capilar,El Mono Barber
7012,1440,29,11,2024-09-15 18:00:00,50000.00,cancelada,daviplata,Diego Zapata Salazar,Coloracion fantasia,El Mono Barber
7013,997,18,12,2024-10-18 11:00:00,22000.00,cancelada,tarjeta,Rodrigo Ríos Moreno,Afeitado clasico navaja,Duvan Fresh
7014,289,23,20,2024-12-28 18:00:00,30000.00,atendida,daviplata,Wilmar Mendoza Ríos,Keratina,El Paisa Cuts
7015,621,22,8,2023-03-07 09:00:00,15000.00,atendida,transferencia,Kevin Gutiérrez Sánchez,Hidratacion capilar,Tato Fade
7016,699,12,15,2024-03-07 08:00:00,12000.00,atendida,nequi,David Guerrero Ríos,Corte moderno,Jhon Navajas
7017,836,25,8,2024-07-07 08:00:00,80000.00,cancelada,efectivo,Andrés Reyes García,Corte + hidratacion,Tato Fade
7018,1929,1,15,2024-05-30 18:00:00,12000.00,atendida,transferencia,Jorge Suárez Medina,Corte de cabello Basico,Jhon Navajas
7019,1477,20,4,2023-03-05 17:00:00,22000.00,atendida,daviplata,Steven Medina Jiménez,Depilacion de cejas,Mateo Barber
7020,1281,20,20,2024-09-20 09:00:00,22000.00,cancelada,nequi,Leidy Díaz Zapata,Depilacion de cejas,El Paisa Cuts
7021,828,4,31,2023-10-15 12:00:00,18000.00,cancelada,transferencia,Diego Cárdenas Ruiz,Corte + lavado,Cristian Fade
7022,792,28,22,2024-03-13 18:00:00,55000.00,cancelada,efectivo,Fernando Ramírez Gómez,Pack novio completo,Diego Fadero
7023,116,5,3,2023-12-09 08:00:00,15000.00,atendida,transferencia,Patricia García Mendoza,Corte de cabello Basico,Juancho El Indio
7024,59,13,10,2023-12-07 10:00:00,18000.00,cancelada,transferencia,Raúl Ramos Suárez,Corte infantil,Yeferson King
7025,1452,20,5,2024-03-25 10:00:00,22000.00,atendida,transferencia,Duvan Henao Vargas,Depilacion de cejas,El Vikingo
7026,648,12,25,2023-12-13 11:00:00,12000.00,cancelada,tarjeta,Kevin Jiménez Peña,Corte moderno,Lucho Precision
7027,1363,27,16,2023-06-10 10:00:00,22000.00,atendida,nequi,Gabriela Ocampo Jiménez,Tratamiento anticaida,Sebastián Blade
7028,403,19,26,2024-12-01 17:00:00,60000.00,cancelada,tarjeta,Steven Ocampo Guerrero,Cejas + barba,Andres El Pro
7029,1272,17,13,2024-07-25 16:00:00,20000.00,cancelada,nequi,Andrés Peña Zapata,Barba + hidratacion,Camilo Pro
7030,565,30,2,2023-10-25 15:00:00,40000.00,atendida,tarjeta,Monica Peña García,Corte + lavado + barba,Maicol Style
7031,1832,30,19,2023-12-28 17:00:00,40000.00,atendida,efectivo,Lucia Ramos Jiménez,Corte + lavado + barba,Fercho Barber
7032,1687,1,8,2023-06-05 12:00:00,12000.00,atendida,tarjeta,Catalina Pérez González,Corte de cabello Basico,Tato Fade
7033,618,16,16,2023-03-02 17:00:00,8000.00,atendida,tarjeta,Patricia Vega Gómez,Barba completa,Sebastián Blade
7034,690,28,13,2024-04-20 14:00:00,55000.00,atendida,transferencia,Mariana García Reyes,Pack novio completo,Camilo Pro
7035,1080,22,20,2024-10-18 15:00:00,15000.00,atendida,transferencia,Carlos Martínez Ocampo,Hidratacion capilar,El Paisa Cuts
7036,975,18,4,2023-11-20 09:00:00,22000.00,cancelada,tarjeta,Luis Ospina Flores,Afeitado clasico navaja,Mateo Barber
7037,883,29,28,2024-12-01 11:00:00,50000.00,atendida,nequi,Patricia Henao Martínez,Coloracion fantasia,Yeison Barber
7038,1874,10,17,2023-12-14 14:00:00,35000.00,atendida,transferencia,Maria Cruz Guerrero,Corte navaja,Kevin El Maestro
7039,1720,13,23,2023-01-06 17:00:00,18000.00,atendida,efectivo,Camila Gutiérrez Torres,Corte infantil,Santi Premium
7040,1741,30,18,2023-04-06 12:00:00,40000.00,cancelada,efectivo,Catalina Bedoya Ospina,Corte + lavado + barba,Nico Estilo
7041,1306,11,3,2024-08-08 15:00:00,25000.00,atendida,tarjeta,Diego Mendoza Pérez,Corte clasico,Juancho El Indio
7042,60,25,28,2023-02-27 11:00:00,80000.00,atendida,transferencia,Duvan Díaz Vega,Corte + hidratacion,Yeison Barber
7043,1169,17,28,2023-02-04 15:00:00,20000.00,atendida,tarjeta,Jhon Reyes Herrera,Barba + hidratacion,Yeison Barber
7044,494,4,5,2023-05-23 12:00:00,18000.00,cancelada,nequi,Yulieth Londoño Peña,Corte + lavado,El Vikingo
7045,1543,28,19,2023-03-09 14:00:00,55000.00,atendida,daviplata,Miguel Ruiz Herrera,Pack novio completo,Fercho Barber
7046,1987,7,30,2023-08-05 15:00:00,13000.00,atendida,transferencia,Adriana Romero Peña,Arreglo de barba,Pipe Navajas
7047,1745,21,19,2024-09-08 15:00:00,25000.00,atendida,transferencia,Carolina Ocampo González,Limpieza facial,Fercho Barber
7048,935,13,26,2023-05-04 08:00:00,18000.00,cancelada,daviplata,Fernando Ramos Pérez,Corte infantil,Andres El Pro
7049,1848,14,9,2023-07-27 08:00:00,15000.00,atendida,daviplata,Maria Muñoz Espinoza,Corte + tinte,Brayan Scissors
7050,1434,30,2,2024-02-20 14:00:00,40000.00,cancelada,efectivo,Nathaly Reyes Gómez,Corte + lavado + barba,Maicol Style
7051,215,11,28,2023-11-24 16:00:00,25000.00,cancelada,tarjeta,Luis Herrera Delgado,Corte clasico,Yeison Barber
7052,243,21,20,2023-03-15 14:00:00,25000.00,atendida,tarjeta,Carlos Reyes Ramírez,Limpieza facial,El Paisa Cuts
7053,653,4,18,2024-11-03 12:00:00,18000.00,cancelada,efectivo,Jorge Londoño Ríos,Corte + lavado,Nico Estilo
7054,530,28,16,2024-11-08 17:00:00,55000.00,atendida,transferencia,Claudia González Pérez,Pack novio completo,Sebastián Blade
7055,1312,11,24,2023-05-28 14:00:00,25000.00,atendida,transferencia,Esteban Parra Ortiz,Corte clasico,El Negro Barber
7056,1053,24,19,2024-03-22 11:00:00,50000.00,atendida,tarjeta,Samuel Gómez Gómez,Corte + barba + cejas,Fercho Barber
7057,1692,24,9,2023-11-08 16:00:00,50000.00,cancelada,transferencia,Mateo Flores Ortiz,Corte + barba + cejas,Brayan Scissors
7058,1160,26,14,2024-01-05 08:00:00,50000.00,atendida,nequi,Jhon Herrera Romero,Masaje capilar,El Tigre Cuts
7059,892,23,29,2024-09-02 17:00:00,30000.00,atendida,transferencia,Adriana González Parra,Keratina,El Calvo Cuts
7060,1035,14,29,2023-10-03 18:00:00,15000.00,atendida,daviplata,Johana Sánchez Jiménez,Corte + tinte,El Calvo Cuts
7061,1980,9,30,2023-03-28 10:00:00,10000.00,atendida,transferencia,Wilmar López Ortiz,Corte degradado,Pipe Navajas
7062,1561,20,11,2024-01-25 14:00:00,22000.00,atendida,efectivo,Santiago Correa Ospina,Depilacion de cejas,El Mono Barber
7063,1911,13,17,2024-10-24 08:00:00,18000.00,atendida,daviplata,Yeison Díaz Gómez,Corte infantil,Kevin El Maestro
7064,875,20,2,2024-01-12 14:00:00,22000.00,atendida,tarjeta,David Rodríguez Jiménez,Depilacion de cejas,Maicol Style
7065,672,4,3,2024-06-30 18:00:00,18000.00,atendida,daviplata,Catalina Guerrero Espinoza,Corte + lavado,Juancho El Indio
7066,1412,6,14,2024-06-09 09:00:00,14000.00,atendida,efectivo,Miguel Castro Ospina,Corte de cabello Basico + barba,El Tigre Cuts
7067,392,27,30,2024-04-16 18:00:00,22000.00,atendida,tarjeta,Kevin Correa Pérez,Tratamiento anticaida,Pipe Navajas
7068,487,16,11,2024-10-07 15:00:00,8000.00,atendida,efectivo,Miguel Morales Londoño,Barba completa,El Mono Barber
7069,1850,20,9,2024-02-13 14:00:00,22000.00,atendida,efectivo,Ferney Moreno Moreno,Depilacion de cejas,Brayan Scissors
7070,1819,6,9,2023-11-25 14:00:00,14000.00,atendida,efectivo,Daniela Morales Jiménez,Corte de cabello Basico + barba,Brayan Scissors
7071,933,23,25,2023-12-29 15:00:00,30000.00,atendida,nequi,Ricardo Medina Guerrero,Keratina,Lucho Precision
7072,1212,17,22,2024-05-25 15:00:00,20000.00,atendida,nequi,Wilmar Suárez Ramos,Barba + hidratacion,Diego Fadero
7073,1911,30,15,2023-12-14 08:00:00,40000.00,atendida,efectivo,Yeison Díaz Gómez,Corte + lavado + barba,Jhon Navajas
7074,1695,4,9,2023-01-23 11:00:00,18000.00,cancelada,nequi,Marcela Medina Flores,Corte + lavado,Brayan Scissors
7075,507,1,21,2024-04-09 09:00:00,12000.00,atendida,tarjeta,Alejandro Arias Moreno,Corte de cabello Basico,Wilmar Style
7076,863,8,9,2024-08-22 18:00:00,16000.00,cancelada,efectivo,Yesid Peña Bedoya,Corte + lavado,Brayan Scissors
7077,334,11,30,2023-01-27 08:00:00,25000.00,atendida,daviplata,Lizeth Parra Rivera,Corte clasico,Pipe Navajas
7078,883,24,22,2023-05-24 11:00:00,50000.00,atendida,tarjeta,Patricia Henao Martínez,Corte + barba + cejas,Diego Fadero
7079,752,1,17,2023-03-18 10:00:00,12000.00,cancelada,efectivo,Carlos Vega Sánchez,Corte de cabello Basico,Kevin El Maestro
7080,620,14,21,2023-01-28 11:00:00,15000.00,atendida,transferencia,Claudia Montoya Cárdenas,Corte + tinte,Wilmar Style
7081,884,5,14,2024-05-04 14:00:00,15000.00,atendida,transferencia,Sara Mendoza Ramírez,Corte de cabello Basico,El Tigre Cuts
7082,669,12,16,2024-06-25 15:00:00,12000.00,atendida,transferencia,Sara Martínez Zapata,Corte moderno,Sebastián Blade
7083,1179,29,9,2023-01-10 10:00:00,50000.00,atendida,transferencia,Claudia Flores Pérez,Coloracion fantasia,Brayan Scissors
7084,1566,15,16,2024-06-04 12:00:00,14000.00,cancelada,efectivo,Natalia Morales Rivera,Tinte completo,Sebastián Blade
7085,678,11,10,2024-06-15 11:00:00,25000.00,atendida,transferencia,Claudia Ortiz Rivera,Corte clasico,Yeferson King
7086,1797,12,29,2024-07-12 14:00:00,12000.00,atendida,daviplata,Leidy Torres Ramos,Corte moderno,El Calvo Cuts
7087,667,9,3,2023-01-29 10:00:00,10000.00,cancelada,daviplata,Miguel López González,Corte degradado,Juancho El Indio
7088,1672,29,3,2024-09-20 17:00:00,50000.00,cancelada,transferencia,Carlos Correa García,Coloracion fantasia,Juancho El Indio
7089,66,18,28,2024-01-16 10:00:00,22000.00,atendida,daviplata,Angie Flores Muñoz,Afeitado clasico navaja,Yeison Barber
7090,686,19,6,2024-12-20 15:00:00,60000.00,atendida,efectivo,Hernán Rodríguez Espinoza,Cejas + barba,Chelo Cuts
7091,843,10,13,2024-08-06 11:00:00,35000.00,atendida,transferencia,Esteban Torres Ramos,Corte navaja,Camilo Pro
7092,174,18,11,2024-09-30 18:00:00,22000.00,atendida,efectivo,Felipe Ramos Vargas,Afeitado clasico navaja,El Mono Barber
7093,1540,10,12,2024-04-06 15:00:00,35000.00,atendida,transferencia,Claudia Rojas Ramos,Corte navaja,Duvan Fresh
7094,244,10,13,2024-03-18 08:00:00,35000.00,atendida,daviplata,Alejandro Medina Martínez,Corte navaja,Camilo Pro
7095,1483,19,15,2024-02-02 11:00:00,60000.00,atendida,tarjeta,Deisy Ocampo Castro,Cejas + barba,Jhon Navajas
7096,1236,20,23,2024-11-04 08:00:00,22000.00,atendida,nequi,Isabella Morales Bedoya,Depilacion de cejas,Santi Premium
7097,1261,24,11,2023-05-16 14:00:00,50000.00,cancelada,nequi,Oscar Reyes Díaz,Corte + barba + cejas,El Mono Barber
7098,1383,29,12,2024-03-28 17:00:00,50000.00,atendida,nequi,Paola Torres Rodríguez,Coloracion fantasia,Duvan Fresh
7099,180,20,25,2023-08-18 16:00:00,22000.00,atendida,transferencia,Cristian Medina Flores,Depilacion de cejas,Lucho Precision
7100,847,14,28,2023-07-24 17:00:00,15000.00,cancelada,transferencia,Felipe García Pérez,Corte + tinte,Yeison Barber
7101,1148,8,27,2023-04-17 08:00:00,16000.00,atendida,daviplata,Paula Medina Cárdenas,Corte + lavado,Tomas Clipper
7102,743,19,23,2024-07-31 15:00:00,60000.00,cancelada,daviplata,Catalina Ortiz Reyes,Cejas + barba,Santi Premium
7103,1228,15,27,2023-03-01 14:00:00,14000.00,cancelada,daviplata,Ferney Cárdenas Londoño,Tinte completo,Tomas Clipper
7104,492,6,27,2023-12-15 11:00:00,14000.00,cancelada,efectivo,Yulieth Ríos Ramos,Corte de cabello Basico + barba,Tomas Clipper
7105,1790,2,26,2024-12-12 17:00:00,15000.00,atendida,transferencia,Sofia Moreno García,Corte de cabello Basico + barba,Andres El Pro
7106,653,21,19,2023-11-04 15:00:00,25000.00,cancelada,daviplata,Jorge Londoño Ríos,Limpieza facial,Fercho Barber
7107,486,9,13,2024-08-26 12:00:00,10000.00,cancelada,efectivo,Monica Arias Gutiérrez,Corte degradado,Camilo Pro
7108,1417,8,11,2023-03-18 12:00:00,16000.00,cancelada,efectivo,Xiomara Muñoz Silva,Corte + lavado,El Mono Barber
7109,1466,5,27,2024-05-14 18:00:00,15000.00,atendida,tarjeta,Cristian Cárdenas Rojas,Corte de cabello Basico,Tomas Clipper
7110,938,28,18,2024-03-06 11:00:00,55000.00,cancelada,daviplata,Fabian Guerrero Ortiz,Pack novio completo,Nico Estilo
7111,1534,9,16,2023-07-21 14:00:00,10000.00,cancelada,nequi,Fernando Romero Torres,Corte degradado,Sebastián Blade
7112,1868,18,29,2024-04-01 15:00:00,22000.00,atendida,efectivo,Cristian Moreno López,Afeitado clasico navaja,El Calvo Cuts
7113,211,15,9,2024-05-16 12:00:00,14000.00,cancelada,efectivo,Miguel Guerrero Arias,Tinte completo,Brayan Scissors
7114,1535,24,4,2024-07-27 16:00:00,50000.00,cancelada,nequi,Patricia González Bedoya,Corte + barba + cejas,Mateo Barber
7115,1324,28,28,2023-07-07 17:00:00,55000.00,atendida,tarjeta,Maria Ruiz Ocampo,Pack novio completo,Yeison Barber
7116,1020,7,30,2024-10-21 08:00:00,13000.00,atendida,daviplata,Maria Salazar Ríos,Arreglo de barba,Pipe Navajas
7117,1024,11,28,2023-05-20 18:00:00,25000.00,cancelada,daviplata,Leidy Silva García,Corte clasico,Yeison Barber
7118,1820,29,18,2023-11-11 14:00:00,50000.00,atendida,tarjeta,Ricardo Henao Rodríguez,Coloracion fantasia,Nico Estilo
7119,511,19,8,2023-10-10 12:00:00,60000.00,atendida,nequi,Yesid Herrera Rodríguez,Cejas + barba,Tato Fade
7120,1817,3,30,2024-02-09 17:00:00,8000.00,atendida,tarjeta,Wilmar González Ortiz,Arreglo de barba,Pipe Navajas
7121,495,30,9,2024-06-20 18:00:00,40000.00,cancelada,tarjeta,Daniela García Henao,Corte + lavado + barba,Brayan Scissors
7122,842,22,24,2024-08-23 09:00:00,15000.00,atendida,daviplata,Claudia Ocampo Londoño,Hidratacion capilar,El Negro Barber
7123,859,29,22,2024-03-24 14:00:00,50000.00,atendida,transferencia,Deisy Castro Bedoya,Coloracion fantasia,Diego Fadero
7124,1894,1,12,2023-06-03 16:00:00,12000.00,atendida,efectivo,Valentina Flores Jiménez,Corte de cabello Basico,Duvan Fresh
7125,843,13,10,2023-01-30 11:00:00,18000.00,atendida,tarjeta,Esteban Torres Ramos,Corte infantil,Yeferson King
7126,1731,8,10,2024-04-19 14:00:00,16000.00,atendida,tarjeta,Camila González Ríos,Corte + lavado,Yeferson King
7127,763,7,12,2023-05-12 08:00:00,13000.00,cancelada,transferencia,Laura Rojas Medina,Arreglo de barba,Duvan Fresh
7128,907,23,27,2024-12-07 15:00:00,30000.00,atendida,daviplata,Mauricio Vega Jiménez,Keratina,Tomas Clipper
7129,1790,7,28,2024-01-06 14:00:00,13000.00,cancelada,transferencia,Sofia Moreno García,Arreglo de barba,Yeison Barber
7130,447,4,7,2024-06-30 08:00:00,18000.00,cancelada,nequi,Juan Rivera Morales,Corte + lavado,Pipe El Crack
7131,1763,30,30,2023-04-06 15:00:00,40000.00,cancelada,tarjeta,Leidy Gutiérrez Correa,Corte + lavado + barba,Pipe Navajas
7132,304,6,13,2023-06-07 14:00:00,14000.00,atendida,daviplata,Santiago Rodríguez Morales,Corte de cabello Basico + barba,Camilo Pro
7133,2021,28,16,2024-09-13 14:00:00,55000.00,cancelada,tarjeta,Valentina Ruiz Ospina,Pack novio completo,Sebastián Blade
7134,1306,11,14,2024-09-05 18:00:00,25000.00,cancelada,efectivo,Diego Mendoza Pérez,Corte clasico,El Tigre Cuts
7135,40,21,12,2023-11-01 09:00:00,25000.00,atendida,efectivo,Mariana Ospina Rivera,Limpieza facial,Duvan Fresh
7136,1094,27,21,2023-06-18 12:00:00,22000.00,atendida,nequi,Diana Parra Silva,Tratamiento anticaida,Wilmar Style
7137,482,20,10,2023-02-23 11:00:00,22000.00,atendida,transferencia,Mateo González Mendoza,Depilacion de cejas,Yeferson King
7138,1326,6,19,2024-11-09 17:00:00,14000.00,atendida,efectivo,Ricardo Parra Torres,Corte de cabello Basico + barba,Fercho Barber
7139,744,26,13,2024-07-30 12:00:00,50000.00,cancelada,tarjeta,Andrés Arias Londoño,Masaje capilar,Camilo Pro
7140,447,3,13,2023-06-14 17:00:00,8000.00,atendida,nequi,Juan Rivera Morales,Arreglo de barba,Camilo Pro
7141,783,10,7,2023-12-01 10:00:00,35000.00,atendida,nequi,Monica Muñoz Suárez,Corte navaja,Pipe El Crack
7142,1904,28,24,2024-04-21 16:00:00,55000.00,atendida,tarjeta,Yulieth Arias Vargas,Pack novio completo,El Negro Barber
7143,641,10,19,2024-06-19 08:00:00,35000.00,atendida,efectivo,Miguel Cárdenas García,Corte navaja,Fercho Barber
7144,695,8,2,2023-09-01 15:00:00,16000.00,atendida,transferencia,Oscar Vargas Ospina,Corte + lavado,Maicol Style
7145,716,11,7,2024-05-26 08:00:00,25000.00,atendida,transferencia,Oscar Muñoz Ortiz,Corte clasico,Pipe El Crack
7146,2020,21,10,2023-07-10 18:00:00,25000.00,atendida,daviplata,Marcela Pérez Flores,Limpieza facial,Yeferson King
7147,249,27,23,2024-09-21 09:00:00,22000.00,atendida,daviplata,Diego Herrera Martínez,Tratamiento anticaida,Santi Premium
7148,1776,2,27,2024-06-17 09:00:00,15000.00,cancelada,efectivo,Hernán Gómez Suárez,Corte de cabello Basico + barba,Tomas Clipper
7149,1021,18,19,2023-03-25 10:00:00,22000.00,cancelada,nequi,Wilmar Peña González,Afeitado clasico navaja,Fercho Barber
7150,555,21,15,2023-05-04 15:00:00,25000.00,atendida,nequi,Juan Bedoya Montoya,Limpieza facial,Jhon Navajas
7151,1527,1,11,2023-05-03 10:00:00,12000.00,cancelada,nequi,Jhon Ramos Castro,Corte de cabello Basico,El Mono Barber
7152,1948,7,22,2023-05-20 15:00:00,13000.00,atendida,efectivo,Ferney Henao Ruiz,Arreglo de barba,Diego Fadero
7153,707,16,11,2023-07-06 09:00:00,8000.00,cancelada,efectivo,Natalia Suárez Henao,Barba completa,El Mono Barber
7154,1388,1,8,2024-05-20 08:00:00,12000.00,cancelada,daviplata,Gabriela Rojas Gutiérrez,Corte de cabello Basico,Tato Fade
7155,916,29,23,2023-07-25 08:00:00,50000.00,cancelada,daviplata,Daniela Castro Romero,Coloracion fantasia,Santi Premium
7156,1907,10,8,2024-07-17 09:00:00,35000.00,atendida,nequi,Marcela Arias Ruiz,Corte navaja,Tato Fade
7157,485,8,10,2024-07-31 11:00:00,16000.00,atendida,efectivo,Xiomara Pérez Espinoza,Corte + lavado,Yeferson King
7158,330,25,16,2023-10-03 14:00:00,80000.00,atendida,tarjeta,Natalia Ruiz Jiménez,Corte + hidratacion,Sebastián Blade
7159,1851,9,18,2023-12-22 12:00:00,10000.00,cancelada,transferencia,Duvan Rodríguez Reyes,Corte degradado,Nico Estilo
7160,246,8,8,2023-07-31 14:00:00,16000.00,atendida,efectivo,Diana Parra Arias,Corte + lavado,Tato Fade
7161,1102,2,28,2024-02-26 10:00:00,15000.00,atendida,nequi,Raúl Vega Guerrero,Corte de cabello Basico + barba,Yeison Barber
7162,2003,3,13,2024-03-20 14:00:00,8000.00,cancelada,tarjeta,Rodrigo Peña Cárdenas,Arreglo de barba,Camilo Pro
7163,1503,9,22,2024-08-21 10:00:00,10000.00,atendida,nequi,Carolina Ortiz Cruz,Corte degradado,Diego Fadero
7164,724,11,30,2024-12-04 10:00:00,25000.00,atendida,tarjeta,Camila Gutiérrez Martínez,Corte clasico,Pipe Navajas
7165,126,26,6,2023-09-26 08:00:00,50000.00,cancelada,nequi,Ana Henao Bedoya,Masaje capilar,Chelo Cuts
7166,1042,27,11,2024-01-06 10:00:00,22000.00,atendida,transferencia,Nicolás Cruz Flores,Tratamiento anticaida,El Mono Barber
7167,1466,18,15,2024-03-29 11:00:00,22000.00,atendida,daviplata,Cristian Cárdenas Rojas,Afeitado clasico navaja,Jhon Navajas
7168,1717,18,23,2023-08-26 14:00:00,22000.00,atendida,transferencia,Nathaly Reyes Medina,Afeitado clasico navaja,Santi Premium
7169,1829,2,9,2023-06-05 16:00:00,15000.00,atendida,transferencia,Fabian Montoya Morales,Corte de cabello Basico + barba,Brayan Scissors
7170,213,13,28,2024-11-28 09:00:00,18000.00,atendida,transferencia,Rodrigo Rojas Ramírez,Corte infantil,Yeison Barber
7171,873,29,24,2023-06-17 15:00:00,50000.00,cancelada,efectivo,Lizeth Gómez Morales,Coloracion fantasia,El Negro Barber
7172,1826,8,8,2024-12-03 11:00:00,16000.00,atendida,nequi,Juan Cruz González,Corte + lavado,Tato Fade
7173,1424,8,17,2023-08-02 10:00:00,16000.00,atendida,transferencia,Wilmar Salazar González,Corte + lavado,Kevin El Maestro
7174,1692,26,27,2024-03-11 18:00:00,50000.00,atendida,transferencia,Mateo Flores Ortiz,Masaje capilar,Tomas Clipper
7175,1722,24,5,2023-11-21 14:00:00,50000.00,atendida,daviplata,Isabella Ruiz Medina,Corte + barba + cejas,El Vikingo
7176,1093,11,26,2023-04-22 08:00:00,25000.00,cancelada,transferencia,Marcela Rivera Díaz,Corte clasico,Andres El Pro
7177,957,26,11,2024-12-12 10:00:00,50000.00,atendida,efectivo,Adriana Londoño Ramírez,Masaje capilar,El Mono Barber
7178,352,2,29,2023-08-10 15:00:00,15000.00,atendida,daviplata,Yulieth García Ramírez,Corte de cabello Basico + barba,El Calvo Cuts
7179,607,22,11,2024-05-05 16:00:00,15000.00,atendida,nequi,Jhon Mendoza Vega,Hidratacion capilar,El Mono Barber
7180,1805,23,26,2024-06-01 10:00:00,30000.00,atendida,transferencia,Sebastián Ríos Rivera,Keratina,Andres El Pro
7181,1957,14,13,2024-07-20 09:00:00,15000.00,cancelada,daviplata,Lizeth Londoño Martínez,Corte + tinte,Camilo Pro
7182,1131,6,30,2023-08-09 17:00:00,14000.00,atendida,efectivo,Sebastián Arias Gómez,Corte de cabello Basico + barba,Pipe Navajas
7183,1069,28,6,2023-09-22 17:00:00,55000.00,cancelada,transferencia,Miguel Flores Londoño,Pack novio completo,Chelo Cuts
7184,61,15,5,2023-07-24 18:00:00,14000.00,atendida,efectivo,Carolina Romero Rojas,Tinte completo,El Vikingo
7185,1934,25,4,2024-09-26 17:00:00,80000.00,atendida,tarjeta,Wilmar Rivera Ramírez,Corte + hidratacion,Mateo Barber
7186,158,28,26,2023-11-14 14:00:00,55000.00,atendida,daviplata,Miguel Ríos Zapata,Pack novio completo,Andres El Pro
7187,1244,20,25,2023-01-19 11:00:00,22000.00,atendida,nequi,Hernán Díaz Suárez,Depilacion de cejas,Lucho Precision
7188,817,20,23,2024-12-21 14:00:00,22000.00,cancelada,tarjeta,Raúl Peña García,Depilacion de cejas,Santi Premium
7189,668,14,16,2023-12-22 12:00:00,15000.00,atendida,tarjeta,Mateo Guerrero Romero,Corte + tinte,Sebastián Blade
7190,1425,11,3,2024-04-17 10:00:00,25000.00,atendida,daviplata,Wilmar Bedoya García,Corte clasico,Juancho El Indio
7191,1313,22,21,2023-01-01 18:00:00,15000.00,atendida,nequi,Juan Salazar Delgado,Hidratacion capilar,Wilmar Style
7192,1345,1,22,2024-07-30 15:00:00,12000.00,atendida,transferencia,Paola Jiménez Martínez,Corte de cabello Basico,Diego Fadero
7193,262,11,28,2024-06-20 18:00:00,25000.00,atendida,daviplata,Nathaly Gutiérrez Moreno,Corte clasico,Yeison Barber
7194,532,24,9,2023-10-18 11:00:00,50000.00,atendida,tarjeta,Felipe Espinoza Zapata,Corte + barba + cejas,Brayan Scissors
7195,780,25,11,2023-09-30 08:00:00,80000.00,atendida,daviplata,Luis Vargas Bedoya,Corte + hidratacion,El Mono Barber
7196,1977,17,17,2024-01-04 14:00:00,20000.00,atendida,efectivo,Nathaly Bedoya Sánchez,Barba + hidratacion,Kevin El Maestro
7197,83,24,19,2023-04-15 14:00:00,50000.00,atendida,tarjeta,Sergio Gutiérrez Rojas,Corte + barba + cejas,Fercho Barber
7198,1879,2,8,2024-08-24 08:00:00,15000.00,cancelada,nequi,Cristian Londoño González,Corte de cabello Basico + barba,Tato Fade
7199,370,29,28,2024-11-03 17:00:00,50000.00,cancelada,daviplata,Sara Jiménez Muñoz,Coloracion fantasia,Yeison Barber
7200,606,4,2,2023-11-04 17:00:00,18000.00,atendida,tarjeta,Natalia Arias Rodríguez,Corte + lavado,Maicol Style
7201,1348,23,24,2024-11-19 09:00:00,30000.00,atendida,tarjeta,Andrea Cárdenas Gutiérrez,Keratina,El Negro Barber
7202,495,3,27,2023-11-25 17:00:00,8000.00,atendida,tarjeta,Daniela García Henao,Arreglo de barba,Tomas Clipper
7203,1085,27,16,2024-10-19 14:00:00,22000.00,cancelada,transferencia,Sofia Gómez Cárdenas,Tratamiento anticaida,Sebastián Blade
7204,427,9,26,2023-07-31 18:00:00,10000.00,atendida,daviplata,Valentina Londoño Delgado,Corte degradado,Andres El Pro
7205,1269,25,18,2024-05-25 09:00:00,80000.00,cancelada,daviplata,Xiomara Bedoya Ruiz,Corte + hidratacion,Nico Estilo
7206,791,27,12,2024-04-19 12:00:00,22000.00,atendida,transferencia,Fabian Guerrero Medina,Tratamiento anticaida,Duvan Fresh
7207,827,4,14,2023-07-23 17:00:00,18000.00,cancelada,daviplata,Jhon Delgado Ortiz,Corte + lavado,El Tigre Cuts
7208,1257,13,21,2023-05-31 17:00:00,18000.00,atendida,nequi,Dayana Herrera Guerrero,Corte infantil,Wilmar Style
7209,110,25,23,2023-12-30 14:00:00,80000.00,cancelada,daviplata,Miguel Flores López,Corte + hidratacion,Santi Premium
7210,1184,4,19,2024-11-03 16:00:00,18000.00,atendida,tarjeta,Laura Romero Ramírez,Corte + lavado,Fercho Barber
7211,880,23,13,2023-02-24 17:00:00,30000.00,atendida,nequi,Andrea Ortiz Reyes,Keratina,Camilo Pro
7212,1417,1,24,2024-01-05 16:00:00,12000.00,atendida,nequi,Xiomara Muñoz Silva,Corte de cabello Basico,El Negro Barber
7213,514,24,20,2024-12-22 10:00:00,50000.00,atendida,daviplata,Sebastián Flores Correa,Corte + barba + cejas,El Paisa Cuts
7214,230,25,3,2024-05-03 10:00:00,80000.00,atendida,daviplata,Kevin Ríos Arias,Corte + hidratacion,Juancho El Indio
7215,1993,9,30,2023-11-20 17:00:00,10000.00,atendida,daviplata,Juan Herrera Sánchez,Corte degradado,Pipe Navajas
7216,223,5,7,2024-12-17 12:00:00,15000.00,atendida,tarjeta,Ferney Correa Moreno,Corte de cabello Basico,Pipe El Crack
7217,1985,28,16,2023-12-08 16:00:00,55000.00,atendida,efectivo,Ana Rodríguez Martínez,Pack novio completo,Sebastián Blade
7218,1386,6,8,2024-09-26 17:00:00,14000.00,atendida,daviplata,Mariana Zapata Cárdenas,Corte de cabello Basico + barba,Tato Fade
7219,1335,10,30,2024-09-18 12:00:00,35000.00,atendida,nequi,Sebastián García Morales,Corte navaja,Pipe Navajas
7220,1162,11,11,2024-10-13 14:00:00,25000.00,atendida,nequi,Jhon Espinoza Rojas,Corte clasico,El Mono Barber
7221,1660,28,11,2023-12-20 18:00:00,55000.00,cancelada,transferencia,Catalina López Ramírez,Pack novio completo,El Mono Barber
7222,1505,26,29,2024-04-20 16:00:00,50000.00,atendida,tarjeta,Andrés Ocampo Ríos,Masaje capilar,El Calvo Cuts
7223,363,2,18,2023-06-11 12:00:00,15000.00,atendida,efectivo,Jhon Londoño Delgado,Corte de cabello Basico + barba,Nico Estilo
7224,924,7,17,2024-08-19 18:00:00,13000.00,atendida,nequi,Adriana Londoño Salazar,Arreglo de barba,Kevin El Maestro
7225,1116,15,13,2024-08-13 15:00:00,14000.00,atendida,nequi,Sergio Delgado Henao,Tinte completo,Camilo Pro
7226,913,20,17,2023-01-07 08:00:00,22000.00,atendida,nequi,Camila Guerrero Muñoz,Depilacion de cejas,Kevin El Maestro
7227,1647,4,9,2024-08-16 08:00:00,18000.00,cancelada,tarjeta,Hernán Bedoya Bedoya,Corte + lavado,Brayan Scissors
7228,591,18,19,2024-07-01 14:00:00,22000.00,atendida,efectivo,Nicolás Rivera Martínez,Afeitado clasico navaja,Fercho Barber
7229,195,14,6,2023-01-01 18:00:00,15000.00,atendida,transferencia,Mauricio López Ramos,Corte + tinte,Chelo Cuts
7230,72,17,23,2023-04-13 10:00:00,20000.00,atendida,transferencia,Ricardo Espinoza Henao,Barba + hidratacion,Santi Premium
7231,581,12,3,2024-03-11 09:00:00,12000.00,atendida,tarjeta,Melissa Morales Muñoz,Corte moderno,Juancho El Indio
7232,1172,11,11,2024-11-02 09:00:00,25000.00,atendida,nequi,Brayan Londoño Muñoz,Corte clasico,El Mono Barber
7233,1775,15,10,2024-07-29 08:00:00,14000.00,cancelada,daviplata,Paola García Cruz,Tinte completo,Yeferson King
7234,166,6,30,2023-01-26 08:00:00,14000.00,atendida,daviplata,Lucia Pérez Romero,Corte de cabello Basico + barba,Pipe Navajas
7235,1951,13,26,2024-05-06 09:00:00,18000.00,atendida,daviplata,Diana Romero Guerrero,Corte infantil,Andres El Pro
7236,907,13,12,2023-10-15 08:00:00,18000.00,atendida,nequi,Mauricio Vega Jiménez,Corte infantil,Duvan Fresh
7237,270,4,23,2024-08-01 16:00:00,18000.00,atendida,tarjeta,Nathaly Torres Jiménez,Corte + lavado,Santi Premium
7238,1587,19,12,2023-07-13 17:00:00,60000.00,atendida,efectivo,Lucia Ortiz Ríos,Cejas + barba,Duvan Fresh
7239,1647,16,22,2024-04-26 12:00:00,8000.00,atendida,transferencia,Hernán Bedoya Bedoya,Barba completa,Diego Fadero
7240,1327,7,18,2023-01-25 10:00:00,13000.00,atendida,transferencia,Yulieth Montoya Espinoza,Arreglo de barba,Nico Estilo
7241,1698,5,7,2024-12-23 08:00:00,15000.00,atendida,transferencia,Jhon Guerrero Medina,Corte de cabello Basico,Pipe El Crack
7242,547,18,17,2024-09-01 17:00:00,22000.00,atendida,nequi,Diego Guerrero Reyes,Afeitado clasico navaja,Kevin El Maestro
7243,1805,10,25,2024-06-09 11:00:00,35000.00,atendida,daviplata,Sebastián Ríos Rivera,Corte navaja,Lucho Precision
7244,1619,14,29,2024-05-23 15:00:00,15000.00,atendida,daviplata,Samuel Díaz Bedoya,Corte + tinte,El Calvo Cuts
7245,985,28,10,2023-04-04 18:00:00,55000.00,atendida,tarjeta,Fabian Ruiz Parra,Pack novio completo,Yeferson King
7246,1265,24,22,2023-11-15 18:00:00,50000.00,atendida,nequi,Oscar Guerrero Henao,Corte + barba + cejas,Diego Fadero
7247,1511,10,7,2024-12-27 14:00:00,35000.00,atendida,nequi,Camila Vega Silva,Corte navaja,Pipe El Crack
7248,453,18,11,2023-05-17 14:00:00,22000.00,atendida,transferencia,Kevin Flores Jiménez,Afeitado clasico navaja,El Mono Barber
7249,257,28,17,2023-08-26 16:00:00,55000.00,atendida,tarjeta,Sofia Rojas Cárdenas,Pack novio completo,Kevin El Maestro
7250,1187,30,3,2024-09-27 16:00:00,40000.00,atendida,daviplata,Ricardo Rojas Ortiz,Corte + lavado + barba,Juancho El Indio
7251,218,7,23,2023-06-06 15:00:00,13000.00,atendida,tarjeta,Miguel Sánchez Delgado,Arreglo de barba,Santi Premium
7252,307,6,8,2024-09-18 12:00:00,14000.00,cancelada,efectivo,Ricardo Mendoza Ortiz,Corte de cabello Basico + barba,Tato Fade
7253,153,22,8,2024-06-28 08:00:00,15000.00,atendida,transferencia,Maria Peña Castro,Hidratacion capilar,Tato Fade
7254,634,5,10,2023-04-13 11:00:00,15000.00,atendida,tarjeta,Ferney Gutiérrez Arias,Corte de cabello Basico,Yeferson King
7255,846,28,17,2023-04-01 10:00:00,55000.00,atendida,efectivo,Juan Peña Díaz,Pack novio completo,Kevin El Maestro
7256,1953,12,3,2023-02-22 15:00:00,12000.00,atendida,nequi,Patricia Sánchez Reyes,Corte moderno,Juancho El Indio
7257,709,29,23,2023-06-15 08:00:00,50000.00,atendida,daviplata,Sebastián Moreno López,Coloracion fantasia,Santi Premium
7258,739,17,14,2023-02-01 14:00:00,20000.00,atendida,transferencia,Carolina Reyes Ríos,Barba + hidratacion,El Tigre Cuts
7259,1655,25,26,2023-11-17 09:00:00,80000.00,cancelada,daviplata,Santiago Romero García,Corte + hidratacion,Andres El Pro
7260,897,4,22,2023-05-05 15:00:00,18000.00,cancelada,nequi,Alejandro Suárez Sánchez,Corte + lavado,Diego Fadero
7261,183,9,5,2023-12-14 11:00:00,10000.00,atendida,efectivo,Miguel Herrera Ríos,Corte degradado,El Vikingo
7262,601,29,27,2024-05-14 15:00:00,50000.00,atendida,transferencia,Diego Ramos Mendoza,Coloracion fantasia,Tomas Clipper
7263,859,1,13,2023-02-09 08:00:00,12000.00,atendida,nequi,Deisy Castro Bedoya,Corte de cabello Basico,Camilo Pro
7264,548,16,27,2024-04-20 12:00:00,8000.00,cancelada,transferencia,Johana Muñoz Ramírez,Barba completa,Tomas Clipper
7265,1767,13,27,2023-01-26 18:00:00,18000.00,atendida,tarjeta,Luis Jiménez Torres,Corte infantil,Tomas Clipper
7266,1399,2,22,2024-05-30 18:00:00,15000.00,atendida,nequi,Nicolás Ríos Ramos,Corte de cabello Basico + barba,Diego Fadero
7267,394,14,26,2023-07-15 11:00:00,15000.00,cancelada,nequi,Andrea Ríos Vega,Corte + tinte,Andres El Pro
7268,992,16,15,2024-10-16 14:00:00,8000.00,atendida,transferencia,Sofia Bedoya Reyes,Barba completa,Jhon Navajas
7269,61,1,22,2023-11-18 14:00:00,12000.00,atendida,transferencia,Carolina Romero Rojas,Corte de cabello Basico,Diego Fadero
7270,801,13,26,2024-02-01 09:00:00,18000.00,atendida,transferencia,Miguel Zapata Ospina,Corte infantil,Andres El Pro
7271,1753,21,24,2023-09-23 11:00:00,25000.00,cancelada,tarjeta,Mateo Romero Salazar,Limpieza facial,El Negro Barber
7272,876,29,25,2024-11-17 10:00:00,50000.00,atendida,nequi,Luis Ríos Espinoza,Coloracion fantasia,Lucho Precision
7273,837,4,30,2023-01-01 08:00:00,18000.00,atendida,nequi,Xiomara Rodríguez Muñoz,Corte + lavado,Pipe Navajas
7274,109,15,18,2024-12-22 09:00:00,14000.00,cancelada,transferencia,Adriana Ortiz Vega,Tinte completo,Nico Estilo
7275,1443,24,2,2023-06-01 12:00:00,50000.00,atendida,transferencia,Johana Suárez Londoño,Corte + barba + cejas,Maicol Style
7276,543,19,17,2023-01-13 17:00:00,60000.00,atendida,efectivo,Sebastián Ramos Ruiz,Cejas + barba,Kevin El Maestro
7277,1112,29,31,2024-05-06 09:00:00,50000.00,atendida,tarjeta,Samuel Moreno Flores,Coloracion fantasia,Cristian Fade
7278,912,3,23,2023-08-26 09:00:00,8000.00,atendida,daviplata,Duvan Rodríguez Gómez,Arreglo de barba,Santi Premium
7279,185,12,24,2023-01-10 09:00:00,12000.00,cancelada,transferencia,Paola Moreno Correa,Corte moderno,El Negro Barber
7280,913,19,4,2023-05-12 08:00:00,60000.00,atendida,tarjeta,Camila Guerrero Muñoz,Cejas + barba,Mateo Barber
7281,341,7,5,2023-05-31 15:00:00,13000.00,atendida,transferencia,Brayan Rojas Silva,Arreglo de barba,El Vikingo
7282,279,15,16,2024-11-05 16:00:00,14000.00,cancelada,efectivo,Gabriela Moreno Suárez,Tinte completo,Sebastián Blade
7283,1523,26,18,2023-06-29 11:00:00,50000.00,cancelada,daviplata,Esteban Moreno Montoya,Masaje capilar,Nico Estilo
7284,2017,17,16,2023-04-18 14:00:00,20000.00,atendida,tarjeta,Xiomara Torres Ocampo,Barba + hidratacion,Sebastián Blade
7285,285,13,9,2023-01-28 15:00:00,18000.00,cancelada,daviplata,Paola Ocampo Vargas,Corte infantil,Brayan Scissors
7286,935,11,20,2024-02-01 15:00:00,25000.00,cancelada,transferencia,Fernando Ramos Pérez,Corte clasico,El Paisa Cuts
7287,296,28,12,2024-04-25 17:00:00,55000.00,atendida,nequi,Laura Guerrero Bedoya,Pack novio completo,Duvan Fresh
7288,271,10,8,2023-10-15 18:00:00,35000.00,atendida,nequi,Ferney Suárez Rodríguez,Corte navaja,Tato Fade
7289,338,25,24,2023-02-12 09:00:00,80000.00,atendida,tarjeta,Paola Pérez Ocampo,Corte + hidratacion,El Negro Barber
7290,1218,2,9,2024-06-17 15:00:00,15000.00,atendida,transferencia,Sergio Bedoya Delgado,Corte de cabello Basico + barba,Brayan Scissors
7291,1544,29,13,2023-08-08 12:00:00,50000.00,cancelada,daviplata,Fabian Ortiz Silva,Coloracion fantasia,Camilo Pro
7292,2025,3,31,2023-12-08 09:00:00,8000.00,cancelada,efectivo,Lizeth Martínez González,Arreglo de barba,Cristian Fade
7293,1139,21,28,2024-01-25 14:00:00,25000.00,atendida,daviplata,Mateo López Mendoza,Limpieza facial,Yeison Barber
7294,589,17,4,2023-10-18 12:00:00,20000.00,atendida,transferencia,Brayan Cruz Suárez,Barba + hidratacion,Mateo Barber
7295,1534,13,19,2024-09-24 18:00:00,18000.00,atendida,tarjeta,Fernando Romero Torres,Corte infantil,Fercho Barber
7296,1689,1,21,2023-04-21 16:00:00,12000.00,atendida,transferencia,Yulieth Herrera Cárdenas,Corte de cabello Basico,Wilmar Style
7297,1632,20,22,2023-03-10 16:00:00,22000.00,atendida,tarjeta,Wilmar Gutiérrez Reyes,Depilacion de cejas,Diego Fadero
7298,1908,5,15,2023-02-22 12:00:00,15000.00,cancelada,nequi,Catalina Montoya Montoya,Corte de cabello Basico,Jhon Navajas
7299,1871,11,12,2024-06-08 17:00:00,25000.00,atendida,tarjeta,Maria García Montoya,Corte clasico,Duvan Fresh
7300,781,4,20,2024-08-12 15:00:00,18000.00,atendida,transferencia,Sara Espinoza Flores,Corte + lavado,El Paisa Cuts
7301,917,12,18,2024-11-29 09:00:00,12000.00,cancelada,tarjeta,Deisy Moreno Vega,Corte moderno,Nico Estilo
7302,576,20,8,2023-04-14 12:00:00,22000.00,cancelada,tarjeta,Paola García Montoya,Depilacion de cejas,Tato Fade
7303,477,6,29,2023-02-20 18:00:00,14000.00,atendida,tarjeta,Raúl Espinoza Ocampo,Corte de cabello Basico + barba,El Calvo Cuts
7304,1753,16,31,2023-10-21 08:00:00,8000.00,atendida,daviplata,Mateo Romero Salazar,Barba completa,Cristian Fade
7305,300,8,10,2024-03-08 11:00:00,16000.00,atendida,daviplata,Julián Salazar Guerrero,Corte + lavado,Yeferson King
7306,228,5,9,2023-09-26 08:00:00,15000.00,atendida,tarjeta,Ricardo Correa Martínez,Corte de cabello Basico,Brayan Scissors
7307,885,25,3,2024-09-22 11:00:00,80000.00,atendida,daviplata,Sara Herrera Moreno,Corte + hidratacion,Juancho El Indio
7308,60,5,17,2023-12-09 16:00:00,15000.00,cancelada,transferencia,Duvan Díaz Vega,Corte de cabello Basico,Kevin El Maestro
7309,94,21,2,2024-05-31 08:00:00,25000.00,atendida,daviplata,Natalia Ríos Mendoza,Limpieza facial,Maicol Style
7310,1490,30,14,2024-07-23 12:00:00,40000.00,atendida,nequi,Mariana Correa Muñoz,Corte + lavado + barba,El Tigre Cuts
7311,871,3,27,2023-08-18 15:00:00,8000.00,cancelada,efectivo,Angie Cruz Vega,Arreglo de barba,Tomas Clipper
7312,1028,25,8,2024-08-10 10:00:00,80000.00,atendida,nequi,Mariana Vega Bedoya,Corte + hidratacion,Tato Fade
7313,54,24,28,2023-01-15 14:00:00,50000.00,atendida,transferencia,Nicolás Moreno Martínez,Corte + barba + cejas,Yeison Barber
7314,523,1,21,2023-10-06 17:00:00,12000.00,cancelada,transferencia,Johana Cruz Medina,Corte de cabello Basico,Wilmar Style
7315,424,28,28,2024-01-24 14:00:00,55000.00,atendida,nequi,Maria Rojas Ramírez,Pack novio completo,Yeison Barber
7316,1738,7,30,2023-12-09 12:00:00,13000.00,cancelada,nequi,Patricia Castro Jiménez,Arreglo de barba,Pipe Navajas
7317,1294,26,2,2023-08-29 08:00:00,50000.00,cancelada,transferencia,Deisy Muñoz Guerrero,Masaje capilar,Maicol Style
7318,1846,23,31,2024-08-11 09:00:00,30000.00,cancelada,transferencia,Xiomara Mendoza Reyes,Keratina,Cristian Fade
7319,2014,20,25,2023-07-18 16:00:00,22000.00,atendida,daviplata,Laura Montoya Díaz,Depilacion de cejas,Lucho Precision
7320,1108,22,19,2024-10-12 11:00:00,15000.00,cancelada,efectivo,Mariana Montoya Torres,Hidratacion capilar,Fercho Barber
7321,699,7,18,2023-04-28 08:00:00,13000.00,atendida,efectivo,David Guerrero Ríos,Arreglo de barba,Nico Estilo
7322,686,4,13,2023-09-02 08:00:00,18000.00,atendida,nequi,Hernán Rodríguez Espinoza,Corte + lavado,Camilo Pro
7323,902,11,12,2024-08-19 08:00:00,25000.00,atendida,tarjeta,Carolina Gutiérrez Ruiz,Corte clasico,Duvan Fresh
7324,67,22,27,2023-05-22 10:00:00,15000.00,atendida,transferencia,Johana Espinoza Jiménez,Hidratacion capilar,Tomas Clipper
7325,891,9,17,2023-03-16 09:00:00,10000.00,cancelada,efectivo,Wilmar Reyes Ramírez,Corte degradado,Kevin El Maestro
7326,664,4,17,2024-07-25 17:00:00,18000.00,atendida,nequi,Fernando Romero Londoño,Corte + lavado,Kevin El Maestro
7327,1763,2,11,2024-03-27 11:00:00,15000.00,cancelada,nequi,Leidy Gutiérrez Correa,Corte de cabello Basico + barba,El Mono Barber
7328,805,6,18,2023-02-14 15:00:00,14000.00,atendida,transferencia,Monica Rodríguez Peña,Corte de cabello Basico + barba,Nico Estilo
7329,1754,15,13,2024-06-02 16:00:00,14000.00,cancelada,tarjeta,Mariana Ocampo García,Tinte completo,Camilo Pro
7330,258,13,31,2024-02-23 08:00:00,18000.00,cancelada,transferencia,Yesid Herrera Arias,Corte infantil,Cristian Fade
7331,1537,7,23,2024-11-28 11:00:00,13000.00,atendida,daviplata,Alejandro Suárez Bedoya,Arreglo de barba,Santi Premium
7332,1070,24,4,2024-01-20 11:00:00,50000.00,cancelada,nequi,David Ocampo Gutiérrez,Corte + barba + cejas,Mateo Barber
7333,90,30,22,2024-03-30 14:00:00,40000.00,cancelada,tarjeta,Alejandro Flores Moreno,Corte + lavado + barba,Diego Fadero
7334,894,2,29,2023-09-07 16:00:00,15000.00,atendida,transferencia,Wilmar Gómez Gutiérrez,Corte de cabello Basico + barba,El Calvo Cuts
7335,1409,4,25,2024-11-13 10:00:00,18000.00,atendida,nequi,Monica Gutiérrez Díaz,Corte + lavado,Lucho Precision
7336,1628,12,9,2024-07-10 15:00:00,12000.00,atendida,daviplata,Fernando Salazar Moreno,Corte moderno,Brayan Scissors
7337,1354,25,21,2024-12-24 17:00:00,80000.00,atendida,daviplata,Sara López Ruiz,Corte + hidratacion,Wilmar Style
7338,1668,9,23,2024-07-21 11:00:00,10000.00,cancelada,tarjeta,Daniela Ocampo Espinoza,Corte degradado,Santi Premium
7339,1013,7,12,2023-03-21 15:00:00,13000.00,cancelada,transferencia,Melissa Castro Montoya,Arreglo de barba,Duvan Fresh
7340,994,20,16,2023-01-23 12:00:00,22000.00,atendida,nequi,Sebastián Díaz Ortiz,Depilacion de cejas,Sebastián Blade
7341,176,12,6,2024-04-21 17:00:00,12000.00,atendida,tarjeta,Rodrigo Gómez Romero,Corte moderno,Chelo Cuts
7342,661,1,2,2024-07-10 10:00:00,12000.00,cancelada,efectivo,Johana Martínez Martínez,Corte de cabello Basico,Maicol Style
7343,95,14,18,2024-07-12 18:00:00,15000.00,atendida,tarjeta,Wilmar Torres López,Corte + tinte,Nico Estilo
7344,364,20,28,2024-08-07 11:00:00,22000.00,atendida,tarjeta,Patricia Ortiz Díaz,Depilacion de cejas,Yeison Barber
7345,390,22,23,2024-10-21 12:00:00,15000.00,atendida,efectivo,Paula Ríos Ruiz,Hidratacion capilar,Santi Premium
7346,1735,23,28,2024-08-01 10:00:00,30000.00,atendida,transferencia,Mateo Pérez Salazar,Keratina,Yeison Barber
7347,1251,1,28,2024-04-14 18:00:00,12000.00,cancelada,tarjeta,Maria Pérez Arias,Corte de cabello Basico,Yeison Barber
7348,429,14,17,2023-04-28 09:00:00,15000.00,atendida,transferencia,Xiomara Herrera Martínez,Corte + tinte,Kevin El Maestro
7349,816,18,21,2023-12-23 18:00:00,22000.00,atendida,tarjeta,Brayan Salazar Pérez,Afeitado clasico navaja,Wilmar Style
7350,1873,15,25,2024-07-07 16:00:00,14000.00,atendida,efectivo,Wilmar Cruz Martínez,Tinte completo,Lucho Precision
7351,244,8,26,2023-03-06 11:00:00,16000.00,atendida,transferencia,Alejandro Medina Martínez,Corte + lavado,Andres El Pro
7352,615,24,23,2023-08-12 09:00:00,50000.00,atendida,nequi,Paola Bedoya Henao,Corte + barba + cejas,Santi Premium
7353,661,17,27,2023-01-19 11:00:00,20000.00,cancelada,nequi,Johana Martínez Martínez,Barba + hidratacion,Tomas Clipper
7354,887,2,18,2023-05-13 08:00:00,15000.00,cancelada,daviplata,Felipe Morales Ruiz,Corte de cabello Basico + barba,Nico Estilo
7355,1124,8,13,2023-06-08 14:00:00,16000.00,cancelada,transferencia,Kevin Mendoza Londoño,Corte + lavado,Camilo Pro
7356,659,14,25,2023-06-04 08:00:00,15000.00,atendida,transferencia,Samuel Herrera Romero,Corte + tinte,Lucho Precision
7357,636,21,12,2023-04-26 08:00:00,25000.00,cancelada,efectivo,Alejandro Romero Gómez,Limpieza facial,Duvan Fresh
7358,1588,11,27,2024-04-04 18:00:00,25000.00,atendida,nequi,Kevin Ramírez García,Corte clasico,Tomas Clipper
7359,505,1,5,2023-01-29 09:00:00,12000.00,atendida,nequi,Felipe Medina Vega,Corte de cabello Basico,El Vikingo
7360,1739,21,9,2023-03-28 16:00:00,25000.00,atendida,tarjeta,Lizeth Ramos Moreno,Limpieza facial,Brayan Scissors
7361,1151,6,7,2023-08-03 16:00:00,14000.00,atendida,daviplata,Carlos Morales González,Corte de cabello Basico + barba,Pipe El Crack
7362,307,25,2,2023-12-06 12:00:00,80000.00,cancelada,daviplata,Ricardo Mendoza Ortiz,Corte + hidratacion,Maicol Style
7363,1738,15,4,2023-09-10 11:00:00,14000.00,cancelada,efectivo,Patricia Castro Jiménez,Tinte completo,Mateo Barber
7364,512,9,17,2023-07-25 12:00:00,10000.00,atendida,tarjeta,Paula Salazar López,Corte degradado,Kevin El Maestro
7365,1342,2,29,2024-04-24 09:00:00,15000.00,atendida,nequi,Sofia Montoya Morales,Corte de cabello Basico + barba,El Calvo Cuts
7366,407,28,11,2023-04-15 18:00:00,55000.00,atendida,nequi,Sebastián Mendoza Torres,Pack novio completo,El Mono Barber
7367,1111,10,24,2023-12-12 16:00:00,35000.00,atendida,nequi,Andrés Ortiz Londoño,Corte navaja,El Negro Barber
7368,413,30,20,2024-07-26 12:00:00,40000.00,atendida,tarjeta,Paola Gómez Ramos,Corte + lavado + barba,El Paisa Cuts
7369,1735,4,26,2024-02-05 11:00:00,18000.00,atendida,transferencia,Mateo Pérez Salazar,Corte + lavado,Andres El Pro
7370,1663,8,31,2023-08-22 09:00:00,16000.00,cancelada,transferencia,Esteban Reyes Londoño,Corte + lavado,Cristian Fade
7371,1811,7,11,2024-04-28 12:00:00,13000.00,atendida,efectivo,Hernán Silva Peña,Arreglo de barba,El Mono Barber
7372,1106,18,4,2023-01-19 09:00:00,22000.00,atendida,daviplata,Wilmar Ramírez Mendoza,Afeitado clasico navaja,Mateo Barber
7373,1800,16,21,2024-09-04 18:00:00,8000.00,atendida,transferencia,Esteban Zapata Henao,Barba completa,Wilmar Style
7374,1246,11,27,2023-07-22 14:00:00,25000.00,cancelada,tarjeta,Melissa Vargas Ospina,Corte clasico,Tomas Clipper
7375,318,20,3,2023-08-25 17:00:00,22000.00,atendida,daviplata,Adriana Bedoya Ruiz,Depilacion de cejas,Juancho El Indio
7376,550,10,22,2024-07-26 12:00:00,35000.00,atendida,efectivo,Sofia Correa Montoya,Corte navaja,Diego Fadero
7377,694,16,4,2024-04-05 17:00:00,8000.00,atendida,efectivo,Isabella Montoya Ríos,Barba completa,Mateo Barber
7378,1914,11,21,2024-01-25 10:00:00,25000.00,atendida,efectivo,Melissa Ramírez Ramírez,Corte clasico,Wilmar Style
7379,1516,17,28,2023-10-06 12:00:00,20000.00,atendida,tarjeta,Deisy Bedoya Medina,Barba + hidratacion,Yeison Barber
7380,1893,19,12,2024-03-21 12:00:00,60000.00,atendida,daviplata,Valentina Espinoza Vargas,Cejas + barba,Duvan Fresh
7381,577,16,30,2023-11-16 18:00:00,8000.00,cancelada,nequi,Sara Sánchez Delgado,Barba completa,Pipe Navajas
7382,51,16,10,2024-07-26 09:00:00,8000.00,cancelada,transferencia,Yulieth Delgado Arias,Barba completa,Yeferson King
7383,736,23,16,2023-12-29 18:00:00,30000.00,atendida,transferencia,Paula Herrera Morales,Keratina,Sebastián Blade
7384,751,3,14,2024-06-08 18:00:00,8000.00,atendida,daviplata,Deisy Bedoya Medina,Arreglo de barba,El Tigre Cuts
7385,460,27,20,2024-02-05 16:00:00,22000.00,cancelada,daviplata,Santiago García Rodríguez,Tratamiento anticaida,El Paisa Cuts
7386,1184,14,4,2024-09-11 15:00:00,15000.00,cancelada,transferencia,Laura Romero Ramírez,Corte + tinte,Mateo Barber
7387,763,20,29,2024-02-06 18:00:00,22000.00,atendida,nequi,Laura Rojas Medina,Depilacion de cejas,El Calvo Cuts
7388,1129,5,17,2023-07-02 10:00:00,15000.00,atendida,daviplata,Alejandro Gómez Vega,Corte de cabello Basico,Kevin El Maestro
7389,1165,19,30,2023-03-07 18:00:00,60000.00,cancelada,daviplata,Deisy Ramos Suárez,Cejas + barba,Pipe Navajas
7390,1144,15,26,2024-05-26 11:00:00,14000.00,atendida,daviplata,Isabella Peña Gómez,Tinte completo,Andres El Pro
7391,734,29,5,2024-12-06 08:00:00,50000.00,cancelada,nequi,Andrés Ortiz Espinoza,Coloracion fantasia,El Vikingo
7392,1010,20,24,2023-06-24 09:00:00,22000.00,atendida,daviplata,Jhon Pérez Ramos,Depilacion de cejas,El Negro Barber
7393,2002,27,28,2023-05-04 11:00:00,22000.00,atendida,efectivo,Isabella Ríos Guerrero,Tratamiento anticaida,Yeison Barber
7394,852,25,3,2024-12-01 17:00:00,80000.00,cancelada,daviplata,Ana Medina Delgado,Corte + hidratacion,Juancho El Indio
7395,1276,22,26,2024-01-23 17:00:00,15000.00,cancelada,daviplata,Diana Guerrero Vega,Hidratacion capilar,Andres El Pro
7396,265,23,22,2023-09-30 10:00:00,30000.00,cancelada,tarjeta,Jorge Reyes Londoño,Keratina,Diego Fadero
7397,1841,21,8,2023-04-17 16:00:00,25000.00,atendida,efectivo,Andrea Bedoya Ríos,Limpieza facial,Tato Fade
7398,107,1,19,2023-11-29 08:00:00,12000.00,cancelada,daviplata,Isabella Parra Gutiérrez,Corte de cabello Basico,Fercho Barber
7399,1203,6,27,2024-04-05 09:00:00,14000.00,atendida,transferencia,Deisy Castro Jiménez,Corte de cabello Basico + barba,Tomas Clipper
7400,991,5,19,2024-02-25 18:00:00,15000.00,atendida,nequi,Andrea Medina Guerrero,Corte de cabello Basico,Fercho Barber
7401,849,17,2,2023-10-10 08:00:00,20000.00,cancelada,efectivo,Jhon Herrera Romero,Barba + hidratacion,Maicol Style
7402,1068,27,14,2023-10-21 15:00:00,22000.00,atendida,transferencia,Ferney Reyes Zapata,Tratamiento anticaida,El Tigre Cuts
7403,1913,29,23,2023-12-31 14:00:00,50000.00,atendida,daviplata,Leidy Mendoza Zapata,Coloracion fantasia,Santi Premium
7404,867,5,2,2023-04-22 08:00:00,15000.00,atendida,transferencia,Isabella Rojas Castro,Corte de cabello Basico,Maicol Style
7405,1002,16,3,2024-11-07 14:00:00,8000.00,atendida,efectivo,Miguel Arias Arias,Barba completa,Juancho El Indio
7406,506,15,23,2023-05-21 09:00:00,14000.00,atendida,nequi,Cristian Rodríguez Moreno,Tinte completo,Santi Premium
7407,437,30,27,2023-03-31 17:00:00,40000.00,cancelada,daviplata,Nathaly Bedoya Guerrero,Corte + lavado + barba,Tomas Clipper
7408,433,20,17,2023-03-17 15:00:00,22000.00,cancelada,efectivo,Gabriela Londoño Vega,Depilacion de cejas,Kevin El Maestro
7409,1854,24,15,2024-02-09 18:00:00,50000.00,cancelada,nequi,Marcela Martínez Silva,Corte + barba + cejas,Jhon Navajas
7410,1000,22,19,2023-06-15 15:00:00,15000.00,atendida,tarjeta,Lizeth Ruiz Sánchez,Hidratacion capilar,Fercho Barber
7411,320,2,13,2023-11-01 12:00:00,15000.00,atendida,tarjeta,Nicolás Sánchez Romero,Corte de cabello Basico + barba,Camilo Pro
7412,842,9,6,2023-08-30 09:00:00,10000.00,atendida,efectivo,Claudia Ocampo Londoño,Corte degradado,Chelo Cuts
7413,794,4,9,2023-08-12 16:00:00,18000.00,atendida,daviplata,Angie Pérez Morales,Corte + lavado,Brayan Scissors
7414,1102,5,25,2023-06-02 17:00:00,15000.00,atendida,efectivo,Raúl Vega Guerrero,Corte de cabello Basico,Lucho Precision
7415,1892,25,23,2024-05-28 16:00:00,80000.00,atendida,daviplata,Natalia Martínez Reyes,Corte + hidratacion,Santi Premium
7416,1003,24,5,2023-09-13 09:00:00,50000.00,cancelada,nequi,Maria Parra Castro,Corte + barba + cejas,El Vikingo
7417,1396,1,5,2023-01-25 10:00:00,12000.00,cancelada,tarjeta,Paula Cárdenas Correa,Corte de cabello Basico,El Vikingo
7418,1972,28,16,2023-04-26 14:00:00,55000.00,atendida,nequi,Jhon Herrera Correa,Pack novio completo,Sebastián Blade
7419,1875,8,26,2024-09-07 09:00:00,16000.00,atendida,daviplata,Isabella Sánchez Ospina,Corte + lavado,Andres El Pro
7420,1879,11,5,2023-02-15 10:00:00,25000.00,cancelada,tarjeta,Cristian Londoño González,Corte clasico,El Vikingo
7421,1402,14,28,2023-12-21 12:00:00,15000.00,atendida,nequi,Deisy Gómez Vega,Corte + tinte,Yeison Barber
7422,1895,9,24,2023-09-29 12:00:00,10000.00,atendida,transferencia,Carolina Peña Ruiz,Corte degradado,El Negro Barber
7423,1650,6,28,2023-09-13 08:00:00,14000.00,atendida,nequi,Paola Reyes Díaz,Corte de cabello Basico + barba,Yeison Barber
7424,1697,2,19,2024-12-19 11:00:00,15000.00,atendida,efectivo,Sara Vargas Ocampo,Corte de cabello Basico + barba,Fercho Barber
7425,440,11,27,2024-06-25 10:00:00,25000.00,atendida,transferencia,Ricardo Ruiz Torres,Corte clasico,Tomas Clipper
7426,127,11,25,2023-09-19 11:00:00,25000.00,atendida,transferencia,Natalia Salazar López,Corte clasico,Lucho Precision
7427,267,16,13,2024-08-08 12:00:00,8000.00,cancelada,efectivo,Lizeth Ramírez Torres,Barba completa,Camilo Pro
7428,530,8,22,2024-10-04 14:00:00,16000.00,atendida,tarjeta,Claudia González Pérez,Corte + lavado,Diego Fadero
7429,1108,14,20,2023-10-31 11:00:00,15000.00,atendida,efectivo,Mariana Montoya Torres,Corte + tinte,El Paisa Cuts
7430,1645,8,26,2024-10-27 09:00:00,16000.00,atendida,tarjeta,Xiomara Pérez Medina,Corte + lavado,Andres El Pro
7431,1089,23,21,2024-01-12 11:00:00,30000.00,cancelada,efectivo,Oscar Muñoz Medina,Keratina,Wilmar Style
7432,1125,26,8,2023-01-23 10:00:00,50000.00,atendida,tarjeta,Mauricio Londoño Salazar,Masaje capilar,Tato Fade
7433,717,10,18,2023-12-15 17:00:00,35000.00,cancelada,daviplata,Miguel Ramírez Jiménez,Corte navaja,Nico Estilo
7434,1639,25,6,2024-12-29 17:00:00,80000.00,atendida,nequi,Nicolás Montoya Reyes,Corte + hidratacion,Chelo Cuts
7435,518,19,7,2024-06-18 12:00:00,60000.00,cancelada,daviplata,Raúl Rojas Arias,Cejas + barba,Pipe El Crack
7436,48,30,30,2024-07-23 14:00:00,40000.00,cancelada,daviplata,Diana García Cruz,Corte + lavado + barba,Pipe Navajas
7437,134,12,17,2024-04-22 09:00:00,12000.00,cancelada,efectivo,Samuel Ríos Correa,Corte moderno,Kevin El Maestro
7438,1375,16,12,2024-11-27 14:00:00,8000.00,atendida,daviplata,Yeison Montoya Muñoz,Barba completa,Duvan Fresh
7439,1177,3,22,2024-08-18 12:00:00,8000.00,cancelada,efectivo,Gabriela Silva Ortiz,Arreglo de barba,Diego Fadero
7440,1752,15,6,2023-05-15 08:00:00,14000.00,atendida,daviplata,Andrea Delgado Cárdenas,Tinte completo,Chelo Cuts
7441,1875,15,23,2023-09-02 14:00:00,14000.00,atendida,efectivo,Isabella Sánchez Ospina,Tinte completo,Santi Premium
7442,573,16,7,2023-07-12 17:00:00,8000.00,atendida,nequi,Deisy Guerrero Ruiz,Barba completa,Pipe El Crack
7443,538,6,15,2023-03-26 12:00:00,14000.00,atendida,tarjeta,Andrea Díaz Ruiz,Corte de cabello Basico + barba,Jhon Navajas
7444,1758,14,14,2024-08-07 12:00:00,15000.00,atendida,efectivo,Mariana Flores Parra,Corte + tinte,El Tigre Cuts
7445,185,22,23,2023-11-29 15:00:00,15000.00,atendida,nequi,Paola Moreno Correa,Hidratacion capilar,Santi Premium
7446,1375,14,13,2023-02-26 12:00:00,15000.00,cancelada,transferencia,Yeison Montoya Muñoz,Corte + tinte,Camilo Pro
7447,1634,5,30,2023-02-03 17:00:00,15000.00,atendida,efectivo,Catalina Flores Zapata,Corte de cabello Basico,Pipe Navajas
7448,719,12,13,2023-09-23 12:00:00,12000.00,atendida,daviplata,Ricardo Zapata Cruz,Corte moderno,Camilo Pro
7449,721,27,29,2024-02-23 09:00:00,22000.00,atendida,transferencia,Miguel Ospina García,Tratamiento anticaida,El Calvo Cuts
7450,182,2,28,2024-12-07 09:00:00,15000.00,atendida,nequi,Alejandro González Martínez,Corte de cabello Basico + barba,Yeison Barber
7451,758,10,9,2023-06-18 11:00:00,35000.00,cancelada,daviplata,Diana Parra Correa,Corte navaja,Brayan Scissors
7452,575,15,30,2023-11-15 10:00:00,14000.00,atendida,daviplata,Xiomara Ramos Montoya,Tinte completo,Pipe Navajas
7453,561,5,3,2023-01-09 11:00:00,15000.00,atendida,nequi,Julián Espinoza Rivera,Corte de cabello Basico,Juancho El Indio
7454,1576,8,31,2023-03-26 09:00:00,16000.00,cancelada,efectivo,Paula Rivera Montoya,Corte + lavado,Cristian Fade
7455,948,24,25,2024-08-15 08:00:00,50000.00,atendida,transferencia,Miguel Arias Rojas,Corte + barba + cejas,Lucho Precision
7456,1059,5,5,2023-05-21 12:00:00,15000.00,cancelada,transferencia,Leidy Correa Bedoya,Corte de cabello Basico,El Vikingo
7457,1677,29,22,2023-04-30 16:00:00,50000.00,cancelada,nequi,Cristian Rodríguez Castro,Coloracion fantasia,Diego Fadero
7458,1403,23,16,2024-11-07 17:00:00,30000.00,atendida,daviplata,Monica Gómez Bedoya,Keratina,Sebastián Blade
7459,1766,23,6,2024-02-02 15:00:00,30000.00,cancelada,efectivo,Daniela Londoño Silva,Keratina,Chelo Cuts
7460,1821,17,9,2024-09-14 09:00:00,20000.00,atendida,daviplata,Oscar Guerrero Ríos,Barba + hidratacion,Brayan Scissors
7461,932,12,15,2023-12-15 11:00:00,12000.00,atendida,nequi,Laura Ospina Rivera,Corte moderno,Jhon Navajas
7462,1480,26,11,2024-06-21 12:00:00,50000.00,atendida,daviplata,Andrés Ramos Arias,Masaje capilar,El Mono Barber
7463,1883,18,13,2023-12-16 08:00:00,22000.00,atendida,transferencia,Ricardo López Castro,Afeitado clasico navaja,Camilo Pro
7464,817,4,4,2024-07-13 09:00:00,18000.00,atendida,daviplata,Raúl Peña García,Corte + lavado,Mateo Barber
7465,1582,16,31,2024-07-29 12:00:00,8000.00,atendida,nequi,Leidy Ríos Cárdenas,Barba completa,Cristian Fade
7466,319,26,25,2024-08-01 11:00:00,50000.00,atendida,nequi,Luis Cárdenas Guerrero,Masaje capilar,Lucho Precision
7467,286,25,12,2023-11-29 11:00:00,80000.00,atendida,daviplata,Monica Parra Salazar,Corte + hidratacion,Duvan Fresh
7468,2002,15,17,2023-01-14 14:00:00,14000.00,atendida,transferencia,Isabella Ríos Guerrero,Tinte completo,Kevin El Maestro
7469,1232,27,30,2023-01-08 12:00:00,22000.00,atendida,nequi,Camila Castro Peña,Tratamiento anticaida,Pipe Navajas
7470,1887,20,23,2024-06-19 14:00:00,22000.00,atendida,transferencia,Patricia Ruiz Henao,Depilacion de cejas,Santi Premium
7471,641,9,5,2024-03-23 18:00:00,10000.00,atendida,daviplata,Miguel Cárdenas García,Corte degradado,El Vikingo
7472,1932,19,14,2024-08-05 12:00:00,60000.00,atendida,efectivo,Paula Henao Moreno,Cejas + barba,El Tigre Cuts
7473,140,28,19,2023-09-13 15:00:00,55000.00,cancelada,transferencia,Lizeth Rojas Peña,Pack novio completo,Fercho Barber
7474,1547,8,3,2023-02-02 17:00:00,16000.00,atendida,efectivo,Wilmar Delgado Torres,Corte + lavado,Juancho El Indio
7475,538,10,26,2023-10-15 18:00:00,35000.00,atendida,efectivo,Andrea Díaz Ruiz,Corte navaja,Andres El Pro
7476,1112,30,17,2023-02-19 18:00:00,40000.00,atendida,daviplata,Samuel Moreno Flores,Corte + lavado + barba,Kevin El Maestro
7477,504,10,30,2024-02-11 17:00:00,35000.00,cancelada,daviplata,Maria Gutiérrez Peña,Corte navaja,Pipe Navajas
7478,1167,16,12,2024-01-24 14:00:00,8000.00,atendida,transferencia,Mauricio López Moreno,Barba completa,Duvan Fresh
7479,1278,18,4,2023-02-01 10:00:00,22000.00,cancelada,efectivo,Claudia Pérez Zapata,Afeitado clasico navaja,Mateo Barber
7480,1009,18,21,2024-12-21 17:00:00,22000.00,atendida,daviplata,Wilmar Correa Parra,Afeitado clasico navaja,Wilmar Style
7481,1746,3,12,2024-08-29 08:00:00,8000.00,cancelada,daviplata,Cristian Peña Henao,Arreglo de barba,Duvan Fresh
7482,1931,11,3,2023-03-17 09:00:00,25000.00,atendida,daviplata,Nicolás Flores Ramos,Corte clasico,Juancho El Indio
7483,491,30,23,2023-04-05 09:00:00,40000.00,atendida,tarjeta,Paula Silva Medina,Corte + lavado + barba,Santi Premium
7484,851,6,13,2024-06-10 17:00:00,14000.00,atendida,tarjeta,Jhon Zapata Ríos,Corte de cabello Basico + barba,Camilo Pro
7485,1751,7,12,2023-09-22 08:00:00,13000.00,atendida,tarjeta,Angie Ramos Londoño,Arreglo de barba,Duvan Fresh
7486,1468,23,10,2023-04-15 11:00:00,30000.00,atendida,efectivo,Sofia Ortiz Vargas,Keratina,Yeferson King
7487,221,19,3,2024-01-04 15:00:00,60000.00,atendida,transferencia,Oscar Sánchez Romero,Cejas + barba,Juancho El Indio
7488,1101,17,19,2023-04-26 08:00:00,20000.00,cancelada,nequi,Marcela Correa Díaz,Barba + hidratacion,Fercho Barber
7489,88,2,29,2024-06-26 16:00:00,15000.00,atendida,daviplata,Gabriela Parra Peña,Corte de cabello Basico + barba,El Calvo Cuts
7490,200,2,14,2023-10-06 17:00:00,15000.00,atendida,nequi,Yeison González Peña,Corte de cabello Basico + barba,El Tigre Cuts
7491,1931,17,11,2023-10-20 09:00:00,20000.00,atendida,tarjeta,Nicolás Flores Ramos,Barba + hidratacion,El Mono Barber
7492,326,12,9,2023-09-28 15:00:00,12000.00,atendida,nequi,Diego Ramírez Arias,Corte moderno,Brayan Scissors
7493,71,12,14,2024-10-29 17:00:00,12000.00,cancelada,nequi,Sergio Suárez Pérez,Corte moderno,El Tigre Cuts
7494,1153,2,21,2024-04-07 14:00:00,15000.00,cancelada,tarjeta,Laura Ramos Londoño,Corte de cabello Basico + barba,Wilmar Style
7495,167,29,9,2023-03-21 08:00:00,50000.00,cancelada,nequi,Sofia Suárez Moreno,Coloracion fantasia,Brayan Scissors
7496,1941,11,13,2023-08-24 09:00:00,25000.00,atendida,nequi,Esteban Montoya Arias,Corte clasico,Camilo Pro
7497,319,27,10,2023-01-27 16:00:00,22000.00,atendida,tarjeta,Luis Cárdenas Guerrero,Tratamiento anticaida,Yeferson King
7498,312,14,13,2023-05-03 15:00:00,15000.00,atendida,efectivo,David Muñoz Zapata,Corte + tinte,Camilo Pro
7499,2020,24,18,2024-09-19 18:00:00,50000.00,cancelada,efectivo,Marcela Pérez Flores,Corte + barba + cejas,Nico Estilo
7500,680,23,25,2024-10-08 08:00:00,30000.00,atendida,tarjeta,Esteban Gómez Martínez,Keratina,Lucho Precision
7501,1983,21,14,2023-01-27 15:00:00,25000.00,atendida,nequi,Lizeth Pérez Cruz,Limpieza facial,El Tigre Cuts
7502,1789,4,15,2023-06-21 14:00:00,18000.00,atendida,transferencia,Angie Peña Medina,Corte + lavado,Jhon Navajas
7503,1844,21,25,2024-01-17 09:00:00,25000.00,atendida,efectivo,Yesid Gutiérrez Ríos,Limpieza facial,Lucho Precision
7504,696,21,29,2024-04-06 16:00:00,25000.00,atendida,tarjeta,Felipe Silva Jiménez,Limpieza facial,El Calvo Cuts
7505,1725,13,27,2024-08-08 08:00:00,18000.00,atendida,tarjeta,Melissa Reyes Londoño,Corte infantil,Tomas Clipper
7506,1703,5,24,2024-01-25 18:00:00,15000.00,atendida,nequi,Mariana Ocampo Gómez,Corte de cabello Basico,El Negro Barber
7507,834,7,15,2023-06-01 16:00:00,13000.00,atendida,efectivo,Mateo García Torres,Arreglo de barba,Jhon Navajas
7508,1641,12,16,2023-07-09 16:00:00,12000.00,atendida,transferencia,Carolina Moreno Gutiérrez,Corte moderno,Sebastián Blade
7509,70,10,29,2024-03-08 12:00:00,35000.00,atendida,efectivo,Sofia Ríos Peña,Corte navaja,El Calvo Cuts
7510,1568,27,5,2023-03-21 10:00:00,22000.00,atendida,transferencia,Leidy Morales Parra,Tratamiento anticaida,El Vikingo
7511,969,6,3,2023-03-08 17:00:00,14000.00,atendida,tarjeta,Natalia Gómez Zapata,Corte de cabello Basico + barba,Juancho El Indio
7512,239,8,19,2024-12-18 08:00:00,16000.00,cancelada,transferencia,Santiago Espinoza Moreno,Corte + lavado,Fercho Barber
7513,1473,13,26,2024-05-30 12:00:00,18000.00,atendida,tarjeta,Steven Rivera Parra,Corte infantil,Andres El Pro
7514,1370,4,22,2023-02-27 10:00:00,18000.00,atendida,tarjeta,Andrés Espinoza Zapata,Corte + lavado,Diego Fadero
7515,458,20,3,2023-06-11 09:00:00,22000.00,cancelada,nequi,Paula Gutiérrez Torres,Depilacion de cejas,Juancho El Indio
7516,68,13,25,2023-10-04 10:00:00,18000.00,atendida,nequi,Julián Parra Morales,Corte infantil,Lucho Precision
7517,697,10,28,2023-12-19 09:00:00,35000.00,atendida,daviplata,Julián Mendoza Parra,Corte navaja,Yeison Barber
7518,175,6,14,2024-05-20 09:00:00,14000.00,atendida,tarjeta,Nathaly Gómez Gómez,Corte de cabello Basico + barba,El Tigre Cuts
7519,643,1,11,2024-12-28 15:00:00,12000.00,atendida,efectivo,Gabriela García Rivera,Corte de cabello Basico,El Mono Barber
7520,317,4,19,2023-09-20 10:00:00,18000.00,atendida,tarjeta,Jorge Morales Castro,Corte + lavado,Fercho Barber
7521,1569,12,13,2023-08-06 09:00:00,12000.00,atendida,daviplata,Jhon Zapata Vega,Corte moderno,Camilo Pro
7522,1173,9,11,2023-12-11 09:00:00,10000.00,atendida,daviplata,Alejandro Londoño Salazar,Corte degradado,El Mono Barber
7523,756,22,8,2024-01-27 18:00:00,15000.00,atendida,transferencia,Melissa Correa Guerrero,Hidratacion capilar,Tato Fade
7524,278,23,17,2024-10-28 17:00:00,30000.00,atendida,tarjeta,Steven Cárdenas Henao,Keratina,Kevin El Maestro
7525,383,5,23,2024-08-25 15:00:00,15000.00,cancelada,nequi,Deisy Arias Cárdenas,Corte de cabello Basico,Santi Premium
7526,448,12,5,2024-06-01 18:00:00,12000.00,atendida,nequi,Paula Salazar Romero,Corte moderno,El Vikingo
7527,1932,13,10,2024-12-25 18:00:00,18000.00,atendida,tarjeta,Paula Henao Moreno,Corte infantil,Yeferson King
7528,557,21,29,2023-10-03 12:00:00,25000.00,cancelada,efectivo,Andrés Herrera Morales,Limpieza facial,El Calvo Cuts
7529,1397,13,2,2023-12-17 16:00:00,18000.00,cancelada,transferencia,Miguel Londoño Romero,Corte infantil,Maicol Style
7530,992,1,30,2024-09-05 10:00:00,12000.00,cancelada,efectivo,Sofia Bedoya Reyes,Corte de cabello Basico,Pipe Navajas
7531,391,27,5,2024-11-12 11:00:00,22000.00,atendida,tarjeta,Nathaly Ortiz Parra,Tratamiento anticaida,El Vikingo
7532,1690,5,22,2024-01-17 08:00:00,15000.00,atendida,nequi,Lucia Londoño Gómez,Corte de cabello Basico,Diego Fadero
7533,478,25,23,2024-09-24 10:00:00,80000.00,atendida,daviplata,Cristian Rivera Martínez,Corte + hidratacion,Santi Premium
7534,306,27,19,2024-12-23 16:00:00,22000.00,atendida,daviplata,Wilmar Correa Ocampo,Tratamiento anticaida,Fercho Barber
7535,301,12,22,2024-11-20 11:00:00,12000.00,atendida,efectivo,Steven Ríos Ramírez,Corte moderno,Diego Fadero
7536,1423,6,14,2024-08-21 18:00:00,14000.00,atendida,efectivo,Adriana Herrera Rodríguez,Corte de cabello Basico + barba,El Tigre Cuts
7537,988,5,28,2024-01-09 11:00:00,15000.00,cancelada,nequi,Adriana López Sánchez,Corte de cabello Basico,Yeison Barber
7538,1087,10,27,2023-05-02 11:00:00,35000.00,atendida,tarjeta,Andrés Martínez González,Corte navaja,Tomas Clipper
7539,888,23,27,2023-01-08 16:00:00,30000.00,cancelada,tarjeta,Rodrigo Ortiz Ospina,Keratina,Tomas Clipper
7540,1155,19,30,2023-12-19 09:00:00,60000.00,atendida,nequi,Wilmar Flores Ospina,Cejas + barba,Pipe Navajas
7541,1508,7,30,2023-11-29 17:00:00,13000.00,cancelada,transferencia,Camila Salazar Romero,Arreglo de barba,Pipe Navajas
7542,720,17,7,2024-08-13 09:00:00,20000.00,atendida,daviplata,Catalina Castro Muñoz,Barba + hidratacion,Pipe El Crack
7543,1082,7,4,2024-09-16 09:00:00,13000.00,atendida,daviplata,Marcela Morales Reyes,Arreglo de barba,Mateo Barber
7544,78,24,28,2023-03-15 09:00:00,50000.00,atendida,nequi,Angie Moreno Torres,Corte + barba + cejas,Yeison Barber
7545,709,14,6,2024-08-02 11:00:00,15000.00,atendida,tarjeta,Sebastián Moreno López,Corte + tinte,Chelo Cuts
7546,1482,28,15,2024-04-15 12:00:00,55000.00,atendida,tarjeta,Duvan Muñoz Ortiz,Pack novio completo,Jhon Navajas
7547,1058,30,29,2024-05-16 09:00:00,40000.00,atendida,tarjeta,Paola Cárdenas Medina,Corte + lavado + barba,El Calvo Cuts
7548,1745,28,27,2023-03-09 14:00:00,55000.00,atendida,transferencia,Carolina Ocampo González,Pack novio completo,Tomas Clipper
7549,986,28,29,2023-06-11 14:00:00,55000.00,atendida,transferencia,Angie Cárdenas Ospina,Pack novio completo,El Calvo Cuts
7550,1339,28,3,2024-05-31 08:00:00,55000.00,atendida,transferencia,Diana Gutiérrez Ríos,Pack novio completo,Juancho El Indio
7551,884,8,9,2024-09-22 18:00:00,16000.00,cancelada,nequi,Sara Mendoza Ramírez,Corte + lavado,Brayan Scissors
7552,805,20,22,2024-01-31 16:00:00,22000.00,cancelada,daviplata,Monica Rodríguez Peña,Depilacion de cejas,Diego Fadero
7553,1766,6,15,2024-10-05 12:00:00,14000.00,atendida,nequi,Daniela Londoño Silva,Corte de cabello Basico + barba,Jhon Navajas
7554,55,1,21,2023-06-07 11:00:00,12000.00,atendida,efectivo,Paula Martínez Londoño,Corte de cabello Basico,Wilmar Style
7555,422,3,26,2024-06-09 15:00:00,8000.00,atendida,tarjeta,Marcela Rojas Torres,Arreglo de barba,Andres El Pro
7556,172,29,30,2024-02-21 11:00:00,50000.00,cancelada,transferencia,Xiomara Moreno Martínez,Coloracion fantasia,Pipe Navajas
7557,267,13,17,2023-12-27 12:00:00,18000.00,atendida,nequi,Lizeth Ramírez Torres,Corte infantil,Kevin El Maestro
7558,1512,7,15,2023-01-03 10:00:00,13000.00,atendida,daviplata,Paola Correa Rodríguez,Arreglo de barba,Jhon Navajas
7559,1885,27,15,2024-09-06 15:00:00,22000.00,atendida,nequi,Sara Rodríguez Romero,Tratamiento anticaida,Jhon Navajas
7560,1227,11,8,2023-12-25 10:00:00,25000.00,atendida,daviplata,Sebastián Montoya Bedoya,Corte clasico,Tato Fade
7561,650,23,22,2023-06-19 09:00:00,30000.00,atendida,nequi,Jhon Flores Cruz,Keratina,Diego Fadero
7562,1860,2,25,2024-08-29 14:00:00,15000.00,cancelada,efectivo,Nicolás Salazar Silva,Corte de cabello Basico + barba,Lucho Precision
7563,1796,15,15,2024-07-14 16:00:00,14000.00,cancelada,efectivo,Nicolás Delgado Vega,Tinte completo,Jhon Navajas
7564,752,6,11,2024-04-20 16:00:00,14000.00,atendida,daviplata,Carlos Vega Sánchez,Corte de cabello Basico + barba,El Mono Barber
7565,57,12,17,2023-07-09 17:00:00,12000.00,atendida,tarjeta,Diego Peña Ramos,Corte moderno,Kevin El Maestro
7566,1260,28,30,2023-02-20 17:00:00,55000.00,cancelada,tarjeta,Diego Montoya Morales,Pack novio completo,Pipe Navajas
7567,1852,22,31,2023-08-20 17:00:00,15000.00,atendida,tarjeta,Lucia Ospina González,Hidratacion capilar,Cristian Fade
7568,1039,17,20,2024-02-22 12:00:00,20000.00,cancelada,daviplata,Isabella Herrera Zapata,Barba + hidratacion,El Paisa Cuts
7569,1190,21,25,2023-09-27 12:00:00,25000.00,cancelada,daviplata,Johana Mendoza Reyes,Limpieza facial,Lucho Precision
7570,895,7,10,2023-12-19 09:00:00,13000.00,atendida,tarjeta,Sergio Flores López,Arreglo de barba,Yeferson King
7571,1696,29,14,2024-12-13 14:00:00,50000.00,atendida,nequi,Sofia Herrera González,Coloracion fantasia,El Tigre Cuts
7572,442,4,18,2023-03-29 10:00:00,18000.00,atendida,tarjeta,Lucia Castro Herrera,Corte + lavado,Nico Estilo
7573,2027,4,25,2024-04-22 08:00:00,18000.00,atendida,transferencia,Fabian Silva Guerrero,Corte + lavado,Lucho Precision
7574,763,14,9,2023-03-28 11:00:00,15000.00,atendida,efectivo,Laura Rojas Medina,Corte + tinte,Brayan Scissors
7575,436,3,13,2024-12-28 17:00:00,8000.00,atendida,efectivo,Kevin Díaz Ocampo,Arreglo de barba,Camilo Pro
7576,1133,8,10,2023-08-29 11:00:00,16000.00,cancelada,nequi,Nicolás Correa Peña,Corte + lavado,Yeferson King
7577,1738,27,21,2024-06-21 08:00:00,22000.00,atendida,transferencia,Patricia Castro Jiménez,Tratamiento anticaida,Wilmar Style
7578,271,28,8,2024-06-06 17:00:00,55000.00,atendida,efectivo,Ferney Suárez Rodríguez,Pack novio completo,Tato Fade
7579,207,13,23,2023-09-26 12:00:00,18000.00,atendida,efectivo,Julián Sánchez Ospina,Corte infantil,Santi Premium
7580,1215,11,23,2024-05-11 12:00:00,25000.00,atendida,daviplata,Adriana Moreno Ramos,Corte clasico,Santi Premium
7581,1781,4,22,2024-02-07 14:00:00,18000.00,cancelada,nequi,Catalina Castro Zapata,Corte + lavado,Diego Fadero
7582,936,23,28,2024-08-21 15:00:00,30000.00,atendida,efectivo,Mateo Rojas Zapata,Keratina,Yeison Barber
7583,237,14,4,2023-11-28 10:00:00,15000.00,atendida,transferencia,Diana Rivera Morales,Corte + tinte,Mateo Barber
7584,1961,15,28,2023-05-13 16:00:00,14000.00,atendida,transferencia,Nathaly Parra Pérez,Tinte completo,Yeison Barber
7585,277,2,21,2024-10-09 15:00:00,15000.00,cancelada,nequi,Paola Espinoza Montoya,Corte de cabello Basico + barba,Wilmar Style
7586,539,19,3,2023-06-17 16:00:00,60000.00,atendida,transferencia,Isabella Ortiz Vargas,Cejas + barba,Juancho El Indio
7587,58,20,3,2024-01-16 10:00:00,22000.00,cancelada,daviplata,Isabella Vega Vargas,Depilacion de cejas,Juancho El Indio
7588,1589,20,25,2023-06-11 14:00:00,22000.00,atendida,daviplata,Juan Ramos Morales,Depilacion de cejas,Lucho Precision
7589,1422,14,30,2024-03-03 17:00:00,15000.00,cancelada,transferencia,Nathaly González Romero,Corte + tinte,Pipe Navajas
7590,1092,7,27,2023-03-02 15:00:00,13000.00,cancelada,nequi,Cristian Muñoz Rivera,Arreglo de barba,Tomas Clipper
7591,1145,17,26,2023-03-22 17:00:00,20000.00,atendida,daviplata,Mariana Ruiz Ocampo,Barba + hidratacion,Andres El Pro
7592,1733,27,31,2023-04-28 15:00:00,22000.00,cancelada,efectivo,Deisy Gutiérrez Rivera,Tratamiento anticaida,Cristian Fade
7593,1485,12,30,2024-11-05 18:00:00,12000.00,atendida,nequi,Angie Arias Moreno,Corte moderno,Pipe Navajas
7594,380,4,12,2023-10-25 15:00:00,18000.00,cancelada,efectivo,Lizeth Reyes Ruiz,Corte + lavado,Duvan Fresh
7595,1993,5,15,2023-11-21 18:00:00,15000.00,atendida,tarjeta,Juan Herrera Sánchez,Corte de cabello Basico,Jhon Navajas
7596,1292,25,26,2024-05-01 10:00:00,80000.00,atendida,daviplata,Angie Guerrero Gómez,Corte + hidratacion,Andres El Pro
7597,334,16,21,2023-01-13 09:00:00,8000.00,atendida,efectivo,Lizeth Parra Rivera,Barba completa,Wilmar Style
7598,1522,29,25,2024-05-02 08:00:00,50000.00,cancelada,nequi,Ricardo Castro Suárez,Coloracion fantasia,Lucho Precision
7599,1577,22,10,2024-05-10 17:00:00,15000.00,atendida,nequi,Duvan Cruz Rivera,Hidratacion capilar,Yeferson King
7600,1127,24,31,2023-05-23 08:00:00,50000.00,cancelada,daviplata,Mauricio Moreno Medina,Corte + barba + cejas,Cristian Fade
7601,762,18,9,2024-12-16 12:00:00,22000.00,atendida,nequi,Mauricio Ortiz Rivera,Afeitado clasico navaja,Brayan Scissors
7602,999,21,7,2023-12-28 15:00:00,25000.00,atendida,tarjeta,Cristian Ocampo Reyes,Limpieza facial,Pipe El Crack
7603,1426,3,18,2023-09-12 15:00:00,8000.00,atendida,tarjeta,Luis Salazar Ríos,Arreglo de barba,Nico Estilo
7604,1483,8,4,2023-04-15 17:00:00,16000.00,atendida,nequi,Deisy Ocampo Castro,Corte + lavado,Mateo Barber
7605,598,6,22,2023-03-24 08:00:00,14000.00,atendida,daviplata,Ricardo Vargas Vega,Corte de cabello Basico + barba,Diego Fadero
7606,1587,18,27,2023-11-18 16:00:00,22000.00,atendida,transferencia,Lucia Ortiz Ríos,Afeitado clasico navaja,Tomas Clipper
7607,531,15,10,2023-06-18 11:00:00,14000.00,atendida,transferencia,Sofia Bedoya Rodríguez,Tinte completo,Yeferson King
7608,424,6,29,2024-01-18 10:00:00,14000.00,cancelada,daviplata,Maria Rojas Ramírez,Corte de cabello Basico + barba,El Calvo Cuts
7609,659,20,18,2023-10-14 18:00:00,22000.00,atendida,daviplata,Samuel Herrera Romero,Depilacion de cejas,Nico Estilo
7610,842,6,10,2024-04-09 11:00:00,14000.00,atendida,daviplata,Claudia Ocampo Londoño,Corte de cabello Basico + barba,Yeferson King
7611,787,13,31,2023-09-06 17:00:00,18000.00,atendida,daviplata,Juan Sánchez Arias,Corte infantil,Cristian Fade
7612,975,7,24,2023-09-21 18:00:00,13000.00,cancelada,efectivo,Luis Ospina Flores,Arreglo de barba,El Negro Barber
7613,175,15,22,2023-09-24 17:00:00,14000.00,cancelada,transferencia,Nathaly Gómez Gómez,Tinte completo,Diego Fadero
7614,642,4,29,2023-07-19 17:00:00,18000.00,cancelada,daviplata,Marcela Arias Mendoza,Corte + lavado,El Calvo Cuts
7615,1302,15,5,2023-10-26 17:00:00,14000.00,atendida,efectivo,Natalia Vega Rojas,Tinte completo,El Vikingo
7616,1827,14,7,2024-04-05 18:00:00,15000.00,atendida,efectivo,Brayan Peña Rodríguez,Corte + tinte,Pipe El Crack
7617,212,26,17,2024-02-19 18:00:00,50000.00,cancelada,efectivo,Felipe Peña Henao,Masaje capilar,Kevin El Maestro
7618,836,12,10,2024-07-25 17:00:00,12000.00,atendida,transferencia,Andrés Reyes García,Corte moderno,Yeferson King
7619,1262,12,20,2023-05-18 09:00:00,12000.00,atendida,transferencia,Juan Pérez Pérez,Corte moderno,El Paisa Cuts
7620,1230,15,15,2023-03-29 16:00:00,14000.00,cancelada,transferencia,Alejandro Rodríguez Rivera,Tinte completo,Jhon Navajas
7621,1622,24,2,2023-06-24 18:00:00,50000.00,atendida,efectivo,Diana Ruiz Ortiz,Corte + barba + cejas,Maicol Style
7622,2022,23,25,2023-03-21 16:00:00,30000.00,atendida,nequi,Maria Ocampo Ocampo,Keratina,Lucho Precision
7623,1593,21,19,2024-11-01 15:00:00,25000.00,atendida,transferencia,Alejandro Guerrero Ospina,Limpieza facial,Fercho Barber
7624,1144,9,20,2024-01-25 16:00:00,10000.00,cancelada,transferencia,Isabella Peña Gómez,Corte degradado,El Paisa Cuts
7625,1290,20,30,2024-11-29 17:00:00,22000.00,atendida,daviplata,Sara Zapata Suárez,Depilacion de cejas,Pipe Navajas
7626,471,17,24,2023-07-25 18:00:00,20000.00,cancelada,tarjeta,Isabella Mendoza Rodríguez,Barba + hidratacion,El Negro Barber
7627,1477,18,26,2024-08-03 12:00:00,22000.00,atendida,daviplata,Steven Medina Jiménez,Afeitado clasico navaja,Andres El Pro
7628,1546,27,22,2024-11-25 11:00:00,22000.00,atendida,daviplata,Sofia Londoño Arias,Tratamiento anticaida,Diego Fadero
7629,581,28,12,2024-03-08 12:00:00,55000.00,atendida,nequi,Melissa Morales Muñoz,Pack novio completo,Duvan Fresh
7630,1236,12,27,2023-08-18 18:00:00,12000.00,atendida,efectivo,Isabella Morales Bedoya,Corte moderno,Tomas Clipper
7631,678,26,22,2024-10-17 09:00:00,50000.00,atendida,nequi,Claudia Ortiz Rivera,Masaje capilar,Diego Fadero
7632,1522,2,13,2024-03-07 17:00:00,15000.00,atendida,transferencia,Ricardo Castro Suárez,Corte de cabello Basico + barba,Camilo Pro
7633,1175,2,25,2023-02-12 18:00:00,15000.00,atendida,transferencia,Mateo López Ocampo,Corte de cabello Basico + barba,Lucho Precision
7634,936,21,10,2024-06-16 18:00:00,25000.00,atendida,nequi,Mateo Rojas Zapata,Limpieza facial,Yeferson King
7635,196,28,9,2023-07-09 09:00:00,55000.00,atendida,nequi,Samuel Ruiz Zapata,Pack novio completo,Brayan Scissors
7636,1118,8,29,2023-11-29 16:00:00,16000.00,atendida,tarjeta,Carolina Gutiérrez Morales,Corte + lavado,El Calvo Cuts
7637,762,4,7,2024-01-16 14:00:00,18000.00,atendida,transferencia,Mauricio Ortiz Rivera,Corte + lavado,Pipe El Crack
7638,754,11,4,2024-07-21 14:00:00,25000.00,atendida,efectivo,Sergio García Flores,Corte clasico,Mateo Barber
7639,1869,13,27,2024-06-25 09:00:00,18000.00,cancelada,transferencia,Steven Torres Torres,Corte infantil,Tomas Clipper
7640,1180,18,7,2024-01-25 14:00:00,22000.00,cancelada,efectivo,Brayan Flores Mendoza,Afeitado clasico navaja,Pipe El Crack
7641,1990,10,30,2023-12-08 09:00:00,35000.00,atendida,transferencia,Patricia Moreno Espinoza,Corte navaja,Pipe Navajas
7642,1498,11,26,2024-11-20 08:00:00,25000.00,cancelada,efectivo,Dayana Pérez Martínez,Corte clasico,Andres El Pro
7643,1510,30,11,2023-09-14 10:00:00,40000.00,atendida,tarjeta,Deisy Flores Ortiz,Corte + lavado + barba,El Mono Barber
7644,1162,27,3,2023-08-03 18:00:00,22000.00,atendida,tarjeta,Jhon Espinoza Rojas,Tratamiento anticaida,Juancho El Indio
7645,571,23,11,2024-10-16 11:00:00,30000.00,atendida,tarjeta,Esteban Díaz Rivera,Keratina,El Mono Barber
7646,1684,27,19,2023-08-25 18:00:00,22000.00,cancelada,nequi,Nathaly Cárdenas Morales,Tratamiento anticaida,Fercho Barber
7647,444,14,2,2024-11-13 14:00:00,15000.00,atendida,nequi,Mateo Martínez Ruiz,Corte + tinte,Maicol Style
7648,803,15,22,2024-03-20 18:00:00,14000.00,atendida,efectivo,Isabella Suárez Rivera,Tinte completo,Diego Fadero
7649,1109,27,5,2023-04-21 10:00:00,22000.00,cancelada,efectivo,Camila Bedoya Parra,Tratamiento anticaida,El Vikingo
7650,74,4,20,2023-02-17 12:00:00,18000.00,atendida,daviplata,Carlos Rivera Cárdenas,Corte + lavado,El Paisa Cuts
7651,1700,7,20,2024-01-22 17:00:00,13000.00,cancelada,nequi,Adriana Morales Ospina,Arreglo de barba,El Paisa Cuts
7652,1535,20,5,2024-04-25 11:00:00,22000.00,atendida,efectivo,Patricia González Bedoya,Depilacion de cejas,El Vikingo
7653,834,10,25,2024-06-14 08:00:00,35000.00,atendida,transferencia,Mateo García Torres,Corte navaja,Lucho Precision
7654,183,12,2,2023-08-24 18:00:00,12000.00,atendida,transferencia,Miguel Herrera Ríos,Corte moderno,Maicol Style
7655,188,25,20,2023-04-13 09:00:00,80000.00,cancelada,transferencia,Nathaly Ríos Rivera,Corte + hidratacion,El Paisa Cuts
7656,423,7,3,2023-05-11 17:00:00,13000.00,atendida,daviplata,Carlos Vega Reyes,Arreglo de barba,Juancho El Indio
7657,35,10,13,2023-01-12 11:00:00,35000.00,atendida,daviplata,David Ríos Mendoza,Corte navaja,Camilo Pro
7658,1460,29,12,2023-05-16 11:00:00,50000.00,atendida,nequi,Patricia Correa Ríos,Coloracion fantasia,Duvan Fresh
7659,917,1,10,2023-07-17 14:00:00,12000.00,atendida,tarjeta,Deisy Moreno Vega,Corte de cabello Basico,Yeferson King
7660,1097,17,5,2024-01-28 12:00:00,20000.00,atendida,daviplata,Cristian Peña Rivera,Barba + hidratacion,El Vikingo
7661,567,17,30,2024-02-02 14:00:00,20000.00,atendida,tarjeta,Sofia Salazar Rodríguez,Barba + hidratacion,Pipe Navajas
7662,309,9,4,2024-07-20 11:00:00,10000.00,cancelada,tarjeta,Yeison Cruz Ramírez,Corte degradado,Mateo Barber
7663,1361,28,13,2023-11-18 17:00:00,55000.00,atendida,nequi,Laura Muñoz González,Pack novio completo,Camilo Pro
7664,1677,29,10,2023-04-04 18:00:00,50000.00,atendida,nequi,Cristian Rodríguez Castro,Coloracion fantasia,Yeferson King
7665,1196,23,15,2024-12-03 14:00:00,30000.00,atendida,nequi,Angie Sánchez Salazar,Keratina,Jhon Navajas
7666,1772,11,20,2023-12-22 08:00:00,25000.00,atendida,nequi,Ricardo Silva Henao,Corte clasico,El Paisa Cuts
7667,1417,23,24,2023-01-06 12:00:00,30000.00,cancelada,daviplata,Xiomara Muñoz Silva,Keratina,El Negro Barber
7668,475,13,29,2023-09-10 11:00:00,18000.00,cancelada,tarjeta,Juan Gutiérrez Morales,Corte infantil,El Calvo Cuts
7669,1015,19,5,2023-02-08 18:00:00,60000.00,atendida,tarjeta,Sara Silva López,Cejas + barba,El Vikingo
7670,1761,2,28,2023-08-30 12:00:00,15000.00,atendida,daviplata,Nicolás Arias Espinoza,Corte de cabello Basico + barba,Yeison Barber
7671,1917,3,9,2024-12-27 11:00:00,8000.00,atendida,nequi,Jhon González Medina,Arreglo de barba,Brayan Scissors
7672,1381,4,27,2024-09-11 08:00:00,18000.00,cancelada,transferencia,Mauricio Salazar Peña,Corte + lavado,Tomas Clipper
7673,1360,24,22,2024-11-03 14:00:00,50000.00,atendida,daviplata,Sara García Castro,Corte + barba + cejas,Diego Fadero
7674,1355,30,19,2023-04-07 12:00:00,40000.00,cancelada,nequi,Carolina Sánchez Ortiz,Corte + lavado + barba,Fercho Barber
7675,1904,16,12,2024-10-29 15:00:00,8000.00,cancelada,tarjeta,Yulieth Arias Vargas,Barba completa,Duvan Fresh
7676,883,27,31,2023-06-14 12:00:00,22000.00,cancelada,efectivo,Patricia Henao Martínez,Tratamiento anticaida,Cristian Fade
7677,219,1,27,2024-04-09 10:00:00,12000.00,atendida,nequi,Rodrigo Morales Ocampo,Corte de cabello Basico,Tomas Clipper
7678,117,14,10,2023-06-26 16:00:00,15000.00,cancelada,transferencia,Dayana Jiménez Ospina,Corte + tinte,Yeferson King
7679,1726,22,12,2024-01-12 09:00:00,15000.00,atendida,transferencia,Sergio Herrera Ortiz,Hidratacion capilar,Duvan Fresh
7680,1852,21,13,2023-01-05 18:00:00,25000.00,cancelada,transferencia,Lucia Ospina González,Limpieza facial,Camilo Pro
7681,2012,18,3,2023-11-03 11:00:00,22000.00,atendida,efectivo,Ana Londoño Romero,Afeitado clasico navaja,Juancho El Indio
7682,998,14,27,2024-09-01 11:00:00,15000.00,cancelada,nequi,Catalina Rodríguez Suárez,Corte + tinte,Tomas Clipper
7683,195,14,31,2023-06-12 08:00:00,15000.00,atendida,transferencia,Mauricio López Ramos,Corte + tinte,Cristian Fade
7684,149,1,29,2023-10-01 11:00:00,12000.00,atendida,tarjeta,Mariana Vega Gómez,Corte de cabello Basico,El Calvo Cuts
7685,1336,29,17,2024-02-02 12:00:00,50000.00,atendida,nequi,Nathaly Medina Parra,Coloracion fantasia,Kevin El Maestro
7686,1385,22,26,2023-02-10 08:00:00,15000.00,cancelada,efectivo,Johana Ruiz Salazar,Hidratacion capilar,Andres El Pro
7687,1715,26,9,2023-11-03 10:00:00,50000.00,atendida,tarjeta,Xiomara Ocampo Cárdenas,Masaje capilar,Brayan Scissors
7688,67,28,4,2023-12-10 10:00:00,55000.00,cancelada,transferencia,Johana Espinoza Jiménez,Pack novio completo,Mateo Barber
7689,1255,11,29,2023-08-11 17:00:00,25000.00,atendida,transferencia,Carlos Morales Jiménez,Corte clasico,El Calvo Cuts
7690,884,28,17,2024-05-25 11:00:00,55000.00,atendida,daviplata,Sara Mendoza Ramírez,Pack novio completo,Kevin El Maestro
7691,1065,24,17,2024-07-08 10:00:00,50000.00,cancelada,transferencia,Raúl Romero Henao,Corte + barba + cejas,Kevin El Maestro
7692,1679,5,21,2023-08-20 08:00:00,15000.00,atendida,tarjeta,Yeison Mendoza Delgado,Corte de cabello Basico,Wilmar Style
7693,447,18,16,2023-02-21 11:00:00,22000.00,cancelada,transferencia,Juan Rivera Morales,Afeitado clasico navaja,Sebastián Blade
7694,121,29,8,2024-05-10 15:00:00,50000.00,atendida,daviplata,Carlos Arias Morales,Coloracion fantasia,Tato Fade
7695,1575,7,23,2023-07-01 18:00:00,13000.00,atendida,nequi,Carolina García Jiménez,Arreglo de barba,Santi Premium
7696,1443,25,12,2024-12-26 12:00:00,80000.00,atendida,transferencia,Johana Suárez Londoño,Corte + hidratacion,Duvan Fresh
7697,1232,23,21,2023-01-29 10:00:00,30000.00,atendida,transferencia,Camila Castro Peña,Keratina,Wilmar Style
7698,1123,4,25,2024-09-09 08:00:00,18000.00,atendida,tarjeta,Deisy Romero Romero,Corte + lavado,Lucho Precision
7699,334,14,5,2024-01-23 16:00:00,15000.00,cancelada,nequi,Lizeth Parra Rivera,Corte + tinte,El Vikingo
7700,1685,15,28,2024-10-26 16:00:00,14000.00,atendida,transferencia,Ferney González Muñoz,Tinte completo,Yeison Barber
7701,1578,17,28,2023-02-23 11:00:00,20000.00,atendida,daviplata,Mariana Jiménez Espinoza,Barba + hidratacion,Yeison Barber
7702,1872,7,18,2024-06-12 11:00:00,13000.00,atendida,transferencia,Miguel Rojas Rojas,Arreglo de barba,Nico Estilo
7703,887,13,29,2023-09-14 08:00:00,18000.00,atendida,tarjeta,Felipe Morales Ruiz,Corte infantil,El Calvo Cuts
7704,1513,15,5,2023-03-27 12:00:00,14000.00,atendida,transferencia,Alejandro Mendoza Ríos,Tinte completo,El Vikingo
7705,251,12,2,2024-01-21 17:00:00,12000.00,atendida,efectivo,Ricardo Henao Flores,Corte moderno,Maicol Style
7706,183,6,27,2023-12-30 14:00:00,14000.00,atendida,tarjeta,Miguel Herrera Ríos,Corte de cabello Basico + barba,Tomas Clipper
7707,1743,13,14,2024-01-27 14:00:00,18000.00,atendida,tarjeta,Oscar Ospina Rivera,Corte infantil,El Tigre Cuts
7708,314,22,18,2023-08-27 15:00:00,15000.00,atendida,transferencia,Valentina González Ríos,Hidratacion capilar,Nico Estilo
7709,2029,7,9,2024-11-24 12:00:00,13000.00,atendida,efectivo,Angie Muñoz Ramos,Arreglo de barba,Brayan Scissors
7710,1454,16,26,2023-10-28 15:00:00,8000.00,atendida,tarjeta,Miguel López Suárez,Barba completa,Andres El Pro
7711,2008,5,15,2024-03-14 15:00:00,15000.00,cancelada,efectivo,Catalina Díaz Muñoz,Corte de cabello Basico,Jhon Navajas
7712,309,17,9,2024-07-26 10:00:00,20000.00,atendida,tarjeta,Yeison Cruz Ramírez,Barba + hidratacion,Brayan Scissors
7713,1823,12,14,2024-01-25 14:00:00,12000.00,atendida,tarjeta,Xiomara Ramírez López,Corte moderno,El Tigre Cuts
7714,1396,25,17,2024-04-11 17:00:00,80000.00,atendida,nequi,Paula Cárdenas Correa,Corte + hidratacion,Kevin El Maestro
7715,379,23,27,2023-03-08 11:00:00,30000.00,atendida,tarjeta,Yulieth Montoya Gutiérrez,Keratina,Tomas Clipper
7716,1604,21,6,2024-01-22 14:00:00,25000.00,atendida,transferencia,Jhon Rojas Vega,Limpieza facial,Chelo Cuts
7717,106,16,17,2023-03-13 14:00:00,8000.00,cancelada,tarjeta,Hernán Londoño Zapata,Barba completa,Kevin El Maestro
7718,1535,8,12,2024-04-18 14:00:00,16000.00,cancelada,efectivo,Patricia González Bedoya,Corte + lavado,Duvan Fresh
7719,1208,30,4,2023-06-06 17:00:00,40000.00,cancelada,transferencia,Sebastián Parra Guerrero,Corte + lavado + barba,Mateo Barber
7720,879,30,8,2023-06-25 08:00:00,40000.00,cancelada,efectivo,Santiago Vargas Jiménez,Corte + lavado + barba,Tato Fade
7721,1749,23,4,2024-06-13 18:00:00,30000.00,atendida,nequi,Natalia Vega Vega,Keratina,Mateo Barber
7722,927,19,14,2023-12-27 18:00:00,60000.00,atendida,tarjeta,Hernán Torres Rivera,Cejas + barba,El Tigre Cuts
7723,820,14,16,2023-07-28 17:00:00,15000.00,atendida,tarjeta,Alejandro Mendoza Guerrero,Corte + tinte,Sebastián Blade
7724,1234,13,14,2023-03-26 12:00:00,18000.00,atendida,efectivo,Carolina Guerrero Jiménez,Corte infantil,El Tigre Cuts
7725,968,20,29,2024-06-11 17:00:00,22000.00,atendida,efectivo,David Londoño González,Depilacion de cejas,El Calvo Cuts
7726,507,28,2,2023-11-10 08:00:00,55000.00,atendida,efectivo,Alejandro Arias Moreno,Pack novio completo,Maicol Style
7727,1554,29,5,2024-05-14 15:00:00,50000.00,atendida,daviplata,Adriana Romero Londoño,Coloracion fantasia,El Vikingo
7728,1379,26,6,2024-11-04 16:00:00,50000.00,atendida,nequi,Hernán Mendoza Peña,Masaje capilar,Chelo Cuts
7729,1827,10,13,2024-12-17 09:00:00,35000.00,atendida,transferencia,Brayan Peña Rodríguez,Corte navaja,Camilo Pro
7730,1096,6,12,2024-04-26 14:00:00,14000.00,atendida,transferencia,Melissa Ramos Rodríguez,Corte de cabello Basico + barba,Duvan Fresh
7731,1015,4,9,2023-11-19 10:00:00,18000.00,atendida,tarjeta,Sara Silva López,Corte + lavado,Brayan Scissors
7732,2005,20,4,2023-09-08 14:00:00,22000.00,atendida,nequi,Ana Bedoya Romero,Depilacion de cejas,Mateo Barber
7733,290,10,20,2023-11-01 12:00:00,35000.00,cancelada,daviplata,Diego Peña Ramírez,Corte navaja,El Paisa Cuts
7734,236,27,14,2023-06-03 14:00:00,22000.00,atendida,transferencia,Fernando González Ocampo,Tratamiento anticaida,El Tigre Cuts
7735,602,19,13,2023-09-16 11:00:00,60000.00,cancelada,daviplata,Daniela Ospina Londoño,Cejas + barba,Camilo Pro
7736,802,24,5,2023-07-01 11:00:00,50000.00,atendida,efectivo,Carolina Herrera Medina,Corte + barba + cejas,El Vikingo
7737,1518,23,11,2024-01-02 17:00:00,30000.00,atendida,tarjeta,Xiomara Romero Romero,Keratina,El Mono Barber
7738,978,3,22,2024-09-10 15:00:00,8000.00,cancelada,nequi,Maria Rivera Jiménez,Arreglo de barba,Diego Fadero
7739,653,25,26,2024-12-16 17:00:00,80000.00,cancelada,transferencia,Jorge Londoño Ríos,Corte + hidratacion,Andres El Pro
7740,1638,10,8,2024-04-03 18:00:00,35000.00,atendida,tarjeta,Fernando Delgado Gómez,Corte navaja,Tato Fade
7741,235,30,14,2024-08-25 12:00:00,40000.00,cancelada,transferencia,Dayana Cárdenas Martínez,Corte + lavado + barba,El Tigre Cuts
7742,75,11,28,2024-09-20 18:00:00,25000.00,cancelada,nequi,Marcela Peña López,Corte clasico,Yeison Barber
7743,820,1,3,2023-05-25 10:00:00,12000.00,atendida,tarjeta,Alejandro Mendoza Guerrero,Corte de cabello Basico,Juancho El Indio
7744,1902,30,16,2023-03-21 08:00:00,40000.00,atendida,daviplata,Santiago Reyes Vega,Corte + lavado + barba,Sebastián Blade
7745,934,1,19,2023-04-13 16:00:00,12000.00,atendida,daviplata,Luis Ríos Rojas,Corte de cabello Basico,Fercho Barber
7746,1346,30,21,2023-10-27 12:00:00,40000.00,cancelada,transferencia,Gabriela Ríos Jiménez,Corte + lavado + barba,Wilmar Style
7747,1794,4,13,2024-06-01 18:00:00,18000.00,atendida,daviplata,Jorge Zapata Díaz,Corte + lavado,Camilo Pro
7748,277,21,11,2023-05-17 08:00:00,25000.00,atendida,nequi,Paola Espinoza Montoya,Limpieza facial,El Mono Barber
7749,98,26,12,2024-12-11 10:00:00,50000.00,atendida,tarjeta,Julián Henao Bedoya,Masaje capilar,Duvan Fresh
7750,1935,24,6,2024-12-09 10:00:00,50000.00,atendida,nequi,Andrea Correa Peña,Corte + barba + cejas,Chelo Cuts
7751,546,8,22,2023-11-06 08:00:00,16000.00,cancelada,daviplata,Sofia García Parra,Corte + lavado,Diego Fadero
7752,1650,30,18,2023-02-23 08:00:00,40000.00,atendida,nequi,Paola Reyes Díaz,Corte + lavado + barba,Nico Estilo
7753,353,17,13,2024-02-03 11:00:00,20000.00,atendida,transferencia,Paula Jiménez Silva,Barba + hidratacion,Camilo Pro
7754,1901,14,13,2023-08-03 18:00:00,15000.00,cancelada,transferencia,Alejandro Silva Medina,Corte + tinte,Camilo Pro
7755,1843,9,2,2023-02-01 10:00:00,10000.00,atendida,tarjeta,Esteban Gutiérrez Gómez,Corte degradado,Maicol Style
7756,1335,23,30,2024-06-06 09:00:00,30000.00,atendida,daviplata,Sebastián García Morales,Keratina,Pipe Navajas
7757,1418,20,21,2024-07-09 12:00:00,22000.00,cancelada,transferencia,Mateo Ruiz Bedoya,Depilacion de cejas,Wilmar Style
7758,1870,23,17,2023-04-23 15:00:00,30000.00,atendida,nequi,Sebastián Gutiérrez Espinoza,Keratina,Kevin El Maestro
7759,1589,27,9,2023-03-14 15:00:00,22000.00,atendida,daviplata,Juan Ramos Morales,Tratamiento anticaida,Brayan Scissors
7760,832,22,19,2024-06-01 12:00:00,15000.00,atendida,tarjeta,Carolina Cárdenas Ruiz,Hidratacion capilar,Fercho Barber
7761,841,11,15,2023-02-20 14:00:00,25000.00,atendida,efectivo,Ana Ortiz Arias,Corte clasico,Jhon Navajas
7762,218,11,25,2023-05-19 08:00:00,25000.00,cancelada,tarjeta,Miguel Sánchez Delgado,Corte clasico,Lucho Precision
7763,579,29,2,2023-07-10 10:00:00,50000.00,cancelada,tarjeta,Andrea Vargas Ramos,Coloracion fantasia,Maicol Style
7764,1186,11,10,2023-10-29 10:00:00,25000.00,atendida,transferencia,Carlos Jiménez Ríos,Corte clasico,Yeferson King
7765,201,14,15,2024-09-21 14:00:00,15000.00,atendida,efectivo,Ricardo Gutiérrez Díaz,Corte + tinte,Jhon Navajas
7766,411,5,30,2024-03-03 15:00:00,15000.00,cancelada,tarjeta,Miguel Delgado Martínez,Corte de cabello Basico,Pipe Navajas
7767,337,3,19,2024-09-18 17:00:00,8000.00,cancelada,efectivo,Marcela Morales Vega,Arreglo de barba,Fercho Barber
7768,1839,28,13,2023-04-23 17:00:00,55000.00,atendida,efectivo,Leidy Henao Ospina,Pack novio completo,Camilo Pro
7769,1175,14,30,2023-11-05 09:00:00,15000.00,atendida,daviplata,Mateo López Ocampo,Corte + tinte,Pipe Navajas
7770,292,10,7,2023-03-16 09:00:00,35000.00,atendida,daviplata,Mariana Arias Herrera,Corte navaja,Pipe El Crack
7771,445,13,24,2023-05-09 14:00:00,18000.00,atendida,transferencia,Santiago Zapata Peña,Corte infantil,El Negro Barber
7772,815,20,21,2024-11-07 16:00:00,22000.00,atendida,transferencia,Johana Martínez Ramos,Depilacion de cejas,Wilmar Style
7773,1685,11,23,2024-04-25 16:00:00,25000.00,atendida,transferencia,Ferney González Muñoz,Corte clasico,Santi Premium
7774,1661,23,17,2024-03-10 16:00:00,30000.00,atendida,transferencia,Marcela García Arias,Keratina,Kevin El Maestro
7775,934,28,26,2024-10-02 16:00:00,55000.00,atendida,tarjeta,Luis Ríos Rojas,Pack novio completo,Andres El Pro
7776,1029,28,26,2024-09-25 14:00:00,55000.00,atendida,daviplata,Diego Muñoz Flores,Pack novio completo,Andres El Pro
7777,1085,28,4,2023-09-11 16:00:00,55000.00,atendida,daviplata,Sofia Gómez Cárdenas,Pack novio completo,Mateo Barber
7778,1806,20,4,2024-06-25 18:00:00,22000.00,atendida,nequi,Catalina Castro Díaz,Depilacion de cejas,Mateo Barber
7779,364,9,4,2024-04-26 16:00:00,10000.00,atendida,daviplata,Patricia Ortiz Díaz,Corte degradado,Mateo Barber
7780,1954,13,30,2023-02-22 17:00:00,18000.00,atendida,tarjeta,Johana Zapata Ramos,Corte infantil,Pipe Navajas
7781,1031,23,28,2024-02-17 14:00:00,30000.00,atendida,efectivo,Adriana Rivera Rodríguez,Keratina,Yeison Barber
7782,960,15,15,2023-05-06 08:00:00,14000.00,atendida,nequi,Alejandro Ruiz Montoya,Tinte completo,Jhon Navajas
7783,1919,4,27,2023-04-09 08:00:00,18000.00,atendida,transferencia,Camila Silva Ríos,Corte + lavado,Tomas Clipper
7784,424,27,17,2023-01-17 15:00:00,22000.00,cancelada,daviplata,Maria Rojas Ramírez,Tratamiento anticaida,Kevin El Maestro
7785,1844,11,16,2024-01-08 12:00:00,25000.00,atendida,tarjeta,Yesid Gutiérrez Ríos,Corte clasico,Sebastián Blade
7786,1576,30,5,2024-05-28 18:00:00,40000.00,cancelada,daviplata,Paula Rivera Montoya,Corte + lavado + barba,El Vikingo
7787,1092,2,11,2023-01-14 14:00:00,15000.00,atendida,daviplata,Cristian Muñoz Rivera,Corte de cabello Basico + barba,El Mono Barber
7788,207,9,15,2024-06-15 10:00:00,10000.00,cancelada,daviplata,Julián Sánchez Ospina,Corte degradado,Jhon Navajas
7789,288,16,24,2023-02-11 16:00:00,8000.00,atendida,daviplata,Sofia Gómez Castro,Barba completa,El Negro Barber
7790,224,30,27,2024-02-17 14:00:00,40000.00,atendida,transferencia,Marcela Rojas Cruz,Corte + lavado + barba,Tomas Clipper
7791,908,15,29,2023-04-29 15:00:00,14000.00,cancelada,tarjeta,Sergio Ruiz Correa,Tinte completo,El Calvo Cuts
7792,1949,24,15,2023-05-12 08:00:00,50000.00,atendida,daviplata,Jhon Silva García,Corte + barba + cejas,Jhon Navajas
7793,803,4,22,2024-11-27 15:00:00,18000.00,atendida,transferencia,Isabella Suárez Rivera,Corte + lavado,Diego Fadero
7794,524,8,27,2023-07-20 16:00:00,16000.00,atendida,daviplata,Ferney Parra Suárez,Corte + lavado,Tomas Clipper
7795,433,5,26,2024-05-06 16:00:00,15000.00,atendida,efectivo,Gabriela Londoño Vega,Corte de cabello Basico,Andres El Pro
7796,1880,25,31,2023-05-09 17:00:00,80000.00,cancelada,tarjeta,Adriana Arias Delgado,Corte + hidratacion,Cristian Fade
7797,829,7,7,2023-07-26 11:00:00,13000.00,atendida,nequi,Alejandro López Cruz,Arreglo de barba,Pipe El Crack
7798,1461,12,14,2024-03-31 10:00:00,12000.00,atendida,efectivo,Rodrigo Suárez Silva,Corte moderno,El Tigre Cuts
7799,203,28,9,2023-03-24 10:00:00,55000.00,atendida,transferencia,Valentina Rodríguez Ramos,Pack novio completo,Brayan Scissors
7800,1325,1,3,2023-01-12 18:00:00,12000.00,atendida,tarjeta,Camila Zapata Mendoza,Corte de cabello Basico,Juancho El Indio
7801,644,5,19,2024-09-11 12:00:00,15000.00,atendida,nequi,Diana Delgado Suárez,Corte de cabello Basico,Fercho Barber
7802,1754,1,5,2023-05-29 16:00:00,12000.00,cancelada,transferencia,Mariana Ocampo García,Corte de cabello Basico,El Vikingo
7803,1896,5,14,2024-07-13 09:00:00,15000.00,atendida,efectivo,Rodrigo Mendoza Peña,Corte de cabello Basico,El Tigre Cuts
7804,806,14,11,2023-09-16 12:00:00,15000.00,atendida,daviplata,Gabriela López Bedoya,Corte + tinte,El Mono Barber
7805,1380,7,3,2024-11-03 14:00:00,13000.00,cancelada,transferencia,Camila Rodríguez Medina,Arreglo de barba,Juancho El Indio
7806,1811,24,29,2023-05-27 08:00:00,50000.00,atendida,efectivo,Hernán Silva Peña,Corte + barba + cejas,El Calvo Cuts
7807,183,2,23,2023-10-29 18:00:00,15000.00,cancelada,daviplata,Miguel Herrera Ríos,Corte de cabello Basico + barba,Santi Premium
7808,1101,21,6,2023-12-26 12:00:00,25000.00,atendida,nequi,Marcela Correa Díaz,Limpieza facial,Chelo Cuts
7809,844,16,4,2023-10-19 14:00:00,8000.00,atendida,efectivo,Yesid Torres Arias,Barba completa,Mateo Barber
7810,1878,3,6,2023-07-24 09:00:00,8000.00,atendida,transferencia,Natalia Ortiz Montoya,Arreglo de barba,Chelo Cuts
7811,810,12,11,2024-12-14 16:00:00,12000.00,cancelada,nequi,Paola Romero Peña,Corte moderno,El Mono Barber
7812,331,13,19,2023-05-19 16:00:00,18000.00,atendida,transferencia,Hernán Bedoya Herrera,Corte infantil,Fercho Barber
7813,1428,6,26,2023-02-03 11:00:00,14000.00,atendida,nequi,Juan Díaz Jiménez,Corte de cabello Basico + barba,Andres El Pro
7814,986,5,30,2024-12-23 16:00:00,15000.00,atendida,efectivo,Angie Cárdenas Ospina,Corte de cabello Basico,Pipe Navajas
7815,1116,23,3,2023-12-20 16:00:00,30000.00,atendida,daviplata,Sergio Delgado Henao,Keratina,Juancho El Indio
7816,242,10,23,2024-04-17 17:00:00,35000.00,cancelada,daviplata,Julián Rivera Cárdenas,Corte navaja,Santi Premium
7817,370,1,10,2023-12-20 18:00:00,12000.00,atendida,daviplata,Sara Jiménez Muñoz,Corte de cabello Basico,Yeferson King
7818,1321,25,23,2024-07-26 15:00:00,80000.00,cancelada,tarjeta,Melissa Henao Londoño,Corte + hidratacion,Santi Premium
7819,1267,22,4,2023-09-30 12:00:00,15000.00,atendida,efectivo,Johana Herrera Díaz,Hidratacion capilar,Mateo Barber
7820,1597,24,14,2023-04-12 14:00:00,50000.00,cancelada,efectivo,Luis Guerrero Morales,Corte + barba + cejas,El Tigre Cuts
7821,1774,4,26,2024-07-10 15:00:00,18000.00,cancelada,efectivo,Alejandro Mendoza Zapata,Corte + lavado,Andres El Pro
7822,1880,12,26,2023-09-08 10:00:00,12000.00,atendida,daviplata,Adriana Arias Delgado,Corte moderno,Andres El Pro
7823,598,14,3,2023-04-01 10:00:00,15000.00,atendida,transferencia,Ricardo Vargas Vega,Corte + tinte,Juancho El Indio
7824,1563,22,23,2023-06-27 18:00:00,15000.00,atendida,nequi,Sara Morales Reyes,Hidratacion capilar,Santi Premium
7825,904,27,29,2023-06-06 17:00:00,22000.00,atendida,daviplata,Carolina Díaz Cruz,Tratamiento anticaida,El Calvo Cuts
7826,488,21,19,2023-07-30 08:00:00,25000.00,atendida,tarjeta,Camila Castro Ortiz,Limpieza facial,Fercho Barber
7827,266,21,13,2023-10-16 09:00:00,25000.00,cancelada,transferencia,Melissa Gutiérrez Rojas,Limpieza facial,Camilo Pro
7828,1398,10,24,2023-10-14 11:00:00,35000.00,atendida,daviplata,Cristian Rodríguez Romero,Corte navaja,El Negro Barber
7829,661,25,3,2023-08-02 15:00:00,80000.00,atendida,transferencia,Johana Martínez Martínez,Corte + hidratacion,Juancho El Indio
7830,611,20,5,2024-01-16 11:00:00,22000.00,atendida,efectivo,Jorge Ruiz Castro,Depilacion de cejas,El Vikingo
7831,909,27,23,2024-11-03 11:00:00,22000.00,cancelada,daviplata,Claudia Rojas Muñoz,Tratamiento anticaida,Santi Premium
7832,976,18,24,2023-11-02 10:00:00,22000.00,atendida,transferencia,Catalina Suárez Sánchez,Afeitado clasico navaja,El Negro Barber
7833,767,12,6,2023-10-18 10:00:00,12000.00,atendida,daviplata,Alejandro Cruz Cruz,Corte moderno,Chelo Cuts
7834,870,28,26,2024-06-13 08:00:00,55000.00,cancelada,transferencia,Nicolás Morales Martínez,Pack novio completo,Andres El Pro
7835,1365,23,3,2023-04-13 08:00:00,30000.00,atendida,efectivo,Deisy Morales Rodríguez,Keratina,Juancho El Indio
7836,1234,1,21,2023-04-27 09:00:00,12000.00,cancelada,daviplata,Carolina Guerrero Jiménez,Corte de cabello Basico,Wilmar Style
7837,1917,7,7,2024-05-27 08:00:00,13000.00,cancelada,daviplata,Jhon González Medina,Arreglo de barba,Pipe El Crack
7838,744,5,31,2023-09-19 16:00:00,15000.00,cancelada,efectivo,Andrés Arias Londoño,Corte de cabello Basico,Cristian Fade
7839,164,19,9,2023-11-01 08:00:00,60000.00,atendida,tarjeta,Diego Guerrero Pérez,Cejas + barba,Brayan Scissors
7840,1834,18,5,2023-07-30 11:00:00,22000.00,atendida,daviplata,Samuel Pérez González,Afeitado clasico navaja,El Vikingo
7841,475,12,27,2023-01-13 08:00:00,12000.00,atendida,transferencia,Juan Gutiérrez Morales,Corte moderno,Tomas Clipper
7842,720,19,15,2023-01-27 17:00:00,60000.00,atendida,tarjeta,Catalina Castro Muñoz,Cejas + barba,Jhon Navajas
7843,1102,27,23,2023-10-30 09:00:00,22000.00,cancelada,efectivo,Raúl Vega Guerrero,Tratamiento anticaida,Santi Premium
7844,1829,17,29,2024-08-15 08:00:00,20000.00,atendida,daviplata,Fabian Montoya Morales,Barba + hidratacion,El Calvo Cuts
7845,423,19,29,2024-07-22 12:00:00,60000.00,cancelada,tarjeta,Carlos Vega Reyes,Cejas + barba,El Calvo Cuts
7846,391,7,20,2024-12-25 14:00:00,13000.00,cancelada,daviplata,Nathaly Ortiz Parra,Arreglo de barba,El Paisa Cuts
7847,1134,18,6,2024-05-24 15:00:00,22000.00,atendida,transferencia,Camila Vega Pérez,Afeitado clasico navaja,Chelo Cuts
7848,1365,25,29,2024-12-29 11:00:00,80000.00,atendida,daviplata,Deisy Morales Rodríguez,Corte + hidratacion,El Calvo Cuts
7849,1069,1,2,2023-10-26 15:00:00,12000.00,atendida,nequi,Miguel Flores Londoño,Corte de cabello Basico,Maicol Style
7850,709,4,15,2024-11-24 18:00:00,18000.00,atendida,efectivo,Sebastián Moreno López,Corte + lavado,Jhon Navajas
7851,1880,1,26,2024-10-31 14:00:00,12000.00,cancelada,tarjeta,Adriana Arias Delgado,Corte de cabello Basico,Andres El Pro
7852,561,27,9,2023-03-16 11:00:00,22000.00,atendida,tarjeta,Julián Espinoza Rivera,Tratamiento anticaida,Brayan Scissors
7853,1358,24,11,2023-02-24 08:00:00,50000.00,atendida,tarjeta,Xiomara Cárdenas Sánchez,Corte + barba + cejas,El Mono Barber
7854,1709,25,4,2024-08-04 16:00:00,80000.00,atendida,efectivo,Cristian Ortiz Martínez,Corte + hidratacion,Mateo Barber
7855,1102,26,29,2023-08-31 09:00:00,50000.00,cancelada,efectivo,Raúl Vega Guerrero,Masaje capilar,El Calvo Cuts
7856,356,27,28,2023-01-24 16:00:00,22000.00,atendida,transferencia,Andrés Henao Díaz,Tratamiento anticaida,Yeison Barber
7857,1381,12,31,2024-05-11 16:00:00,12000.00,atendida,daviplata,Mauricio Salazar Peña,Corte moderno,Cristian Fade
7858,868,3,19,2023-04-17 09:00:00,8000.00,atendida,efectivo,Marcela Ríos Vega,Arreglo de barba,Fercho Barber
7859,799,24,31,2024-05-22 10:00:00,50000.00,cancelada,daviplata,Marcela Guerrero Rodríguez,Corte + barba + cejas,Cristian Fade
7860,1237,15,3,2024-02-11 08:00:00,14000.00,atendida,tarjeta,Yesid Suárez Ospina,Tinte completo,Juancho El Indio
7861,1920,15,12,2024-04-11 17:00:00,14000.00,atendida,nequi,Marcela Delgado Castro,Tinte completo,Duvan Fresh
7862,1185,19,25,2023-08-17 11:00:00,60000.00,atendida,tarjeta,Daniela Cárdenas Suárez,Cejas + barba,Lucho Precision
7863,941,14,14,2023-02-10 14:00:00,15000.00,atendida,daviplata,Rodrigo Flores Arias,Corte + tinte,El Tigre Cuts
7864,1660,19,17,2023-06-27 10:00:00,60000.00,atendida,efectivo,Catalina López Ramírez,Cejas + barba,Kevin El Maestro
7865,1291,18,14,2023-09-25 17:00:00,22000.00,cancelada,transferencia,Natalia Mendoza Herrera,Afeitado clasico navaja,El Tigre Cuts
7866,1161,14,14,2024-08-20 15:00:00,15000.00,atendida,transferencia,Fabian Ramírez Romero,Corte + tinte,El Tigre Cuts
7867,1384,16,31,2023-01-14 17:00:00,8000.00,cancelada,transferencia,Natalia Flores Gutiérrez,Barba completa,Cristian Fade
7868,1751,9,31,2023-04-06 08:00:00,10000.00,atendida,nequi,Angie Ramos Londoño,Corte degradado,Cristian Fade
7869,1053,29,26,2023-01-12 08:00:00,50000.00,atendida,nequi,Samuel Gómez Gómez,Coloracion fantasia,Andres El Pro
7870,347,29,2,2024-10-06 17:00:00,50000.00,atendida,transferencia,Paola Torres Reyes,Coloracion fantasia,Maicol Style
7871,1477,25,20,2024-09-08 12:00:00,80000.00,atendida,nequi,Steven Medina Jiménez,Corte + hidratacion,El Paisa Cuts
7872,423,6,20,2023-12-14 12:00:00,14000.00,cancelada,nequi,Carlos Vega Reyes,Corte de cabello Basico + barba,El Paisa Cuts
7873,332,21,6,2024-04-10 18:00:00,25000.00,atendida,transferencia,Marcela González Montoya,Limpieza facial,Chelo Cuts
7874,1532,5,18,2023-09-05 16:00:00,15000.00,cancelada,transferencia,Mariana Gutiérrez Rodríguez,Corte de cabello Basico,Nico Estilo
7875,1871,27,7,2024-06-19 12:00:00,22000.00,atendida,transferencia,Maria García Montoya,Tratamiento anticaida,Pipe El Crack
7876,1813,23,27,2024-08-30 18:00:00,30000.00,cancelada,nequi,Diego Guerrero Martínez,Keratina,Tomas Clipper
7877,1084,26,26,2023-06-04 16:00:00,50000.00,atendida,efectivo,Catalina Romero López,Masaje capilar,Andres El Pro
7878,1659,15,18,2024-11-08 09:00:00,14000.00,atendida,tarjeta,Andrea Parra Cruz,Tinte completo,Nico Estilo
7879,1467,30,30,2023-05-21 14:00:00,40000.00,atendida,nequi,Gabriela Cárdenas Guerrero,Corte + lavado + barba,Pipe Navajas
7880,277,21,3,2024-10-23 09:00:00,25000.00,cancelada,efectivo,Paola Espinoza Montoya,Limpieza facial,Juancho El Indio
7881,1491,4,27,2023-09-16 12:00:00,18000.00,atendida,tarjeta,Mateo Rojas Rivera,Corte + lavado,Tomas Clipper
7882,724,3,12,2024-11-26 16:00:00,8000.00,atendida,daviplata,Camila Gutiérrez Martínez,Arreglo de barba,Duvan Fresh
7883,1075,19,19,2024-07-13 11:00:00,60000.00,atendida,daviplata,Deisy Muñoz Guerrero,Cejas + barba,Fercho Barber
7884,344,25,24,2023-07-14 11:00:00,80000.00,cancelada,daviplata,Natalia Ortiz Cárdenas,Corte + hidratacion,El Negro Barber
7885,623,1,14,2023-01-29 18:00:00,12000.00,cancelada,tarjeta,Patricia Ruiz González,Corte de cabello Basico,El Tigre Cuts
7886,1006,26,2,2023-09-16 16:00:00,50000.00,atendida,tarjeta,Marcela Muñoz Morales,Masaje capilar,Maicol Style
7887,1802,10,21,2024-02-15 17:00:00,35000.00,atendida,tarjeta,Duvan Parra Espinoza,Corte navaja,Wilmar Style
7888,112,27,7,2024-02-07 10:00:00,22000.00,atendida,efectivo,Mauricio Guerrero Flores,Tratamiento anticaida,Pipe El Crack
7889,1925,9,18,2023-01-04 17:00:00,10000.00,cancelada,daviplata,Jhon Martínez Vargas,Corte degradado,Nico Estilo
7890,298,25,28,2023-09-15 18:00:00,80000.00,atendida,nequi,Mauricio Martínez Espinoza,Corte + hidratacion,Yeison Barber
7891,924,6,21,2024-05-10 14:00:00,14000.00,cancelada,nequi,Adriana Londoño Salazar,Corte de cabello Basico + barba,Wilmar Style
7892,610,21,3,2024-06-10 17:00:00,25000.00,atendida,tarjeta,Nathaly García Ortiz,Limpieza facial,Juancho El Indio
7893,243,1,28,2023-11-29 14:00:00,12000.00,atendida,daviplata,Carlos Reyes Ramírez,Corte de cabello Basico,Yeison Barber
7894,668,4,13,2023-11-04 08:00:00,18000.00,atendida,nequi,Mateo Guerrero Romero,Corte + lavado,Camilo Pro
7895,45,14,2,2023-12-08 11:00:00,15000.00,cancelada,tarjeta,Jhon Reyes Ríos,Corte + tinte,Maicol Style
7896,1074,25,4,2024-05-15 11:00:00,80000.00,atendida,transferencia,Santiago Arias Guerrero,Corte + hidratacion,Mateo Barber
7897,1383,15,30,2024-03-23 09:00:00,14000.00,cancelada,transferencia,Paola Torres Rodríguez,Tinte completo,Pipe Navajas
7898,711,29,9,2023-01-18 17:00:00,50000.00,atendida,nequi,Yesid Silva Muñoz,Coloracion fantasia,Brayan Scissors
7899,1869,8,28,2023-03-09 11:00:00,16000.00,atendida,transferencia,Steven Torres Torres,Corte + lavado,Yeison Barber
7900,1703,2,7,2023-07-25 09:00:00,15000.00,atendida,daviplata,Mariana Ocampo Gómez,Corte de cabello Basico + barba,Pipe El Crack
7901,896,28,22,2024-12-04 17:00:00,55000.00,atendida,nequi,Xiomara Correa Ramos,Pack novio completo,Diego Fadero
7902,1502,30,22,2024-01-05 12:00:00,40000.00,atendida,nequi,Mariana Rivera Ríos,Corte + lavado + barba,Diego Fadero
7903,1645,23,11,2024-02-12 11:00:00,30000.00,cancelada,nequi,Xiomara Pérez Medina,Keratina,El Mono Barber
7904,1962,20,6,2024-11-10 17:00:00,22000.00,atendida,nequi,Diego Ospina Torres,Depilacion de cejas,Chelo Cuts
7905,1437,29,22,2023-02-26 17:00:00,50000.00,cancelada,tarjeta,Raúl Ocampo Ocampo,Coloracion fantasia,Diego Fadero
7906,1063,21,27,2024-09-14 09:00:00,25000.00,atendida,tarjeta,Maria Vargas González,Limpieza facial,Tomas Clipper
7907,1801,3,12,2024-07-22 09:00:00,8000.00,cancelada,nequi,Cristian López Torres,Arreglo de barba,Duvan Fresh
7908,1689,17,19,2023-11-13 15:00:00,20000.00,cancelada,transferencia,Yulieth Herrera Cárdenas,Barba + hidratacion,Fercho Barber
7909,640,8,23,2023-09-24 12:00:00,16000.00,cancelada,nequi,Sebastián Correa Jiménez,Corte + lavado,Santi Premium
7910,1284,1,24,2023-10-12 16:00:00,12000.00,atendida,nequi,Juan Arias Bedoya,Corte de cabello Basico,El Negro Barber
7911,474,6,9,2024-06-12 10:00:00,14000.00,atendida,tarjeta,Deisy Ramos Salazar,Corte de cabello Basico + barba,Brayan Scissors
7912,402,23,22,2023-11-16 18:00:00,30000.00,atendida,transferencia,Cristian Suárez Henao,Keratina,Diego Fadero
7913,1591,2,6,2024-04-25 15:00:00,15000.00,atendida,tarjeta,Duvan Parra Cruz,Corte de cabello Basico + barba,Chelo Cuts
7914,1108,24,20,2023-12-29 15:00:00,50000.00,atendida,efectivo,Mariana Montoya Torres,Corte + barba + cejas,El Paisa Cuts
7915,959,5,4,2024-02-08 16:00:00,15000.00,cancelada,nequi,Wilmar Flores Reyes,Corte de cabello Basico,Mateo Barber
7916,1298,16,5,2023-10-15 12:00:00,8000.00,cancelada,daviplata,Brayan Ruiz Ospina,Barba completa,El Vikingo
7917,1491,7,6,2023-01-04 18:00:00,13000.00,atendida,transferencia,Mateo Rojas Rivera,Arreglo de barba,Chelo Cuts
7918,793,16,16,2023-03-28 08:00:00,8000.00,atendida,nequi,Cristian Sánchez Martínez,Barba completa,Sebastián Blade
7919,249,7,19,2024-04-14 08:00:00,13000.00,atendida,tarjeta,Diego Herrera Martínez,Arreglo de barba,Fercho Barber
7920,1587,21,7,2024-12-14 15:00:00,25000.00,cancelada,transferencia,Lucia Ortiz Ríos,Limpieza facial,Pipe El Crack
7921,1910,19,11,2023-07-19 08:00:00,60000.00,atendida,tarjeta,Brayan Zapata Suárez,Cejas + barba,El Mono Barber
7922,1597,13,26,2024-03-12 12:00:00,18000.00,atendida,efectivo,Luis Guerrero Morales,Corte infantil,Andres El Pro
7923,1116,7,28,2023-05-09 10:00:00,13000.00,atendida,nequi,Sergio Delgado Henao,Arreglo de barba,Yeison Barber
7924,1461,22,8,2024-03-08 10:00:00,15000.00,atendida,efectivo,Rodrigo Suárez Silva,Hidratacion capilar,Tato Fade
7925,1514,19,21,2023-07-24 14:00:00,60000.00,atendida,efectivo,Mauricio Rodríguez Medina,Cejas + barba,Wilmar Style
7926,645,15,22,2023-09-03 17:00:00,14000.00,atendida,efectivo,Luis Arias Vega,Tinte completo,Diego Fadero
7927,375,12,29,2024-09-12 14:00:00,12000.00,atendida,transferencia,Camila Ortiz Vargas,Corte moderno,El Calvo Cuts
7928,530,10,4,2024-06-30 09:00:00,35000.00,atendida,transferencia,Claudia González Pérez,Corte navaja,Mateo Barber
7929,664,5,10,2023-12-05 09:00:00,15000.00,cancelada,efectivo,Fernando Romero Londoño,Corte de cabello Basico,Yeferson King
7930,211,3,9,2023-08-28 16:00:00,8000.00,atendida,daviplata,Miguel Guerrero Arias,Arreglo de barba,Brayan Scissors
7931,1575,27,27,2024-09-03 12:00:00,22000.00,atendida,tarjeta,Carolina García Jiménez,Tratamiento anticaida,Tomas Clipper
7932,1295,14,5,2023-08-04 12:00:00,15000.00,atendida,tarjeta,Camila Suárez Vega,Corte + tinte,El Vikingo
7933,742,24,28,2024-09-21 15:00:00,50000.00,atendida,tarjeta,Kevin Castro Zapata,Corte + barba + cejas,Yeison Barber
7934,763,17,16,2024-03-04 14:00:00,20000.00,atendida,tarjeta,Laura Rojas Medina,Barba + hidratacion,Sebastián Blade
7935,1238,26,5,2024-12-18 14:00:00,50000.00,cancelada,daviplata,Kevin Guerrero Martínez,Masaje capilar,El Vikingo
7936,81,1,29,2023-05-15 12:00:00,12000.00,cancelada,nequi,Yeison Reyes Vargas,Corte de cabello Basico,El Calvo Cuts
7937,1876,12,21,2024-02-21 16:00:00,12000.00,atendida,tarjeta,Marcela Vega García,Corte moderno,Wilmar Style
7938,2030,28,5,2024-11-11 10:00:00,55000.00,atendida,tarjeta,Fabian Henao Jiménez,Pack novio completo,El Vikingo
7939,1353,3,15,2023-01-07 14:00:00,8000.00,atendida,nequi,Marcela Ramírez Martínez,Arreglo de barba,Jhon Navajas
7940,1818,19,20,2023-10-15 12:00:00,60000.00,atendida,transferencia,Sebastián Ramírez Rivera,Cejas + barba,El Paisa Cuts
7941,2029,13,27,2023-12-24 15:00:00,18000.00,atendida,tarjeta,Angie Muñoz Ramos,Corte infantil,Tomas Clipper
7942,353,16,22,2023-09-23 12:00:00,8000.00,atendida,tarjeta,Paula Jiménez Silva,Barba completa,Diego Fadero
7943,104,19,2,2023-04-17 14:00:00,60000.00,atendida,efectivo,Wilmar Ocampo Ramos,Cejas + barba,Maicol Style
7944,1058,2,26,2023-08-24 17:00:00,15000.00,atendida,tarjeta,Paola Cárdenas Medina,Corte de cabello Basico + barba,Andres El Pro
7945,532,11,26,2023-01-15 08:00:00,25000.00,cancelada,tarjeta,Felipe Espinoza Zapata,Corte clasico,Andres El Pro
7946,589,1,17,2024-04-10 12:00:00,12000.00,atendida,efectivo,Brayan Cruz Suárez,Corte de cabello Basico,Kevin El Maestro
7947,1351,28,20,2024-03-05 15:00:00,55000.00,cancelada,tarjeta,Ricardo Muñoz Henao,Pack novio completo,El Paisa Cuts
7948,461,17,14,2024-05-19 12:00:00,20000.00,atendida,transferencia,Xiomara Pérez Montoya,Barba + hidratacion,El Tigre Cuts
7949,1769,3,29,2023-04-27 09:00:00,8000.00,atendida,efectivo,Mauricio Moreno Castro,Arreglo de barba,El Calvo Cuts
7950,1091,3,8,2023-12-13 17:00:00,8000.00,atendida,nequi,Fabian Ocampo Gutiérrez,Arreglo de barba,Tato Fade
7951,271,20,27,2024-08-29 09:00:00,22000.00,atendida,daviplata,Ferney Suárez Rodríguez,Depilacion de cejas,Tomas Clipper
7952,475,19,4,2024-03-15 10:00:00,60000.00,cancelada,nequi,Juan Gutiérrez Morales,Cejas + barba,Mateo Barber
7953,1767,7,15,2024-02-25 10:00:00,13000.00,atendida,nequi,Luis Jiménez Torres,Arreglo de barba,Jhon Navajas
7954,562,14,28,2023-11-05 08:00:00,15000.00,cancelada,nequi,Andrea Parra Pérez,Corte + tinte,Yeison Barber
7955,1864,20,22,2024-03-29 17:00:00,22000.00,cancelada,daviplata,Diego Zapata Ocampo,Depilacion de cejas,Diego Fadero
7956,1753,20,23,2023-11-20 11:00:00,22000.00,cancelada,tarjeta,Mateo Romero Salazar,Depilacion de cejas,Santi Premium
7957,982,25,23,2024-03-01 15:00:00,80000.00,cancelada,nequi,Ana Suárez Reyes,Corte + hidratacion,Santi Premium
7958,1464,24,25,2023-03-08 12:00:00,50000.00,cancelada,daviplata,Sergio Suárez López,Corte + barba + cejas,Lucho Precision
7959,490,24,7,2023-08-02 12:00:00,50000.00,atendida,daviplata,Johana Pérez Salazar,Corte + barba + cejas,Pipe El Crack
7960,1199,4,9,2023-05-08 15:00:00,18000.00,cancelada,efectivo,Patricia Montoya Rodríguez,Corte + lavado,Brayan Scissors
7961,1203,18,14,2024-05-15 18:00:00,22000.00,atendida,efectivo,Deisy Castro Jiménez,Afeitado clasico navaja,El Tigre Cuts
7962,1258,2,2,2024-03-22 12:00:00,15000.00,atendida,nequi,Yeison Peña Reyes,Corte de cabello Basico + barba,Maicol Style
7963,686,13,2,2023-05-17 09:00:00,18000.00,atendida,tarjeta,Hernán Rodríguez Espinoza,Corte infantil,Maicol Style
7964,130,30,24,2023-04-19 16:00:00,40000.00,cancelada,tarjeta,Camila Gutiérrez González,Corte + lavado + barba,El Negro Barber
7965,641,1,25,2023-07-23 18:00:00,12000.00,cancelada,transferencia,Miguel Cárdenas García,Corte de cabello Basico,Lucho Precision
7966,264,29,21,2023-02-09 08:00:00,50000.00,atendida,daviplata,Xiomara Medina Medina,Coloracion fantasia,Wilmar Style
7967,1628,11,6,2024-07-24 09:00:00,25000.00,atendida,efectivo,Fernando Salazar Moreno,Corte clasico,Chelo Cuts
7968,508,19,30,2023-04-28 09:00:00,60000.00,atendida,efectivo,Andrea Vega Peña,Cejas + barba,Pipe Navajas
7969,1881,30,4,2024-10-23 14:00:00,40000.00,atendida,efectivo,Steven Torres Londoño,Corte + lavado + barba,Mateo Barber
7970,1507,21,10,2023-09-07 17:00:00,25000.00,cancelada,nequi,Marcela Rivera Díaz,Limpieza facial,Yeferson King
7971,381,1,16,2023-09-25 10:00:00,12000.00,cancelada,nequi,Yesid Guerrero Rivera,Corte de cabello Basico,Sebastián Blade
7972,251,6,23,2023-08-07 12:00:00,14000.00,atendida,transferencia,Ricardo Henao Flores,Corte de cabello Basico + barba,Santi Premium
7973,206,2,20,2024-12-25 11:00:00,15000.00,atendida,efectivo,Andrés Jiménez Silva,Corte de cabello Basico + barba,El Paisa Cuts
7974,858,10,8,2024-11-03 14:00:00,35000.00,atendida,efectivo,Sara Espinoza Vargas,Corte navaja,Tato Fade
7975,547,3,21,2023-05-28 16:00:00,8000.00,atendida,efectivo,Diego Guerrero Reyes,Arreglo de barba,Wilmar Style
7976,913,29,6,2023-07-24 12:00:00,50000.00,atendida,nequi,Camila Guerrero Muñoz,Coloracion fantasia,Chelo Cuts
7977,446,13,27,2024-08-17 08:00:00,18000.00,atendida,nequi,Ricardo Moreno Romero,Corte infantil,Tomas Clipper
7978,1535,10,9,2023-01-20 15:00:00,35000.00,atendida,nequi,Patricia González Bedoya,Corte navaja,Brayan Scissors
7979,1716,17,18,2024-08-23 15:00:00,20000.00,atendida,tarjeta,Paula Cruz Moreno,Barba + hidratacion,Nico Estilo
7980,1104,21,2,2024-10-12 17:00:00,25000.00,cancelada,efectivo,Alejandro López Ospina,Limpieza facial,Maicol Style
7981,377,10,17,2024-03-22 14:00:00,35000.00,atendida,tarjeta,Fabian Ramos González,Corte navaja,Kevin El Maestro
7982,921,23,25,2024-09-14 15:00:00,30000.00,atendida,daviplata,Dayana Salazar Peña,Keratina,Lucho Precision
7983,79,7,13,2023-06-08 17:00:00,13000.00,atendida,nequi,Marcela Pérez Jiménez,Arreglo de barba,Camilo Pro
7984,1937,29,22,2023-06-18 11:00:00,50000.00,atendida,efectivo,Mauricio Vega Ruiz,Coloracion fantasia,Diego Fadero
7985,401,22,28,2024-12-04 18:00:00,15000.00,atendida,transferencia,Diego Sánchez Gómez,Hidratacion capilar,Yeison Barber
7986,973,28,5,2024-09-07 17:00:00,55000.00,atendida,transferencia,Angie Romero Gómez,Pack novio completo,El Vikingo
7987,1356,20,23,2024-11-17 17:00:00,22000.00,atendida,tarjeta,Esteban Londoño Londoño,Depilacion de cejas,Santi Premium
7988,1804,10,12,2024-10-01 09:00:00,35000.00,atendida,daviplata,Adriana Vargas Silva,Corte navaja,Duvan Fresh
7989,181,28,26,2024-07-08 11:00:00,55000.00,atendida,efectivo,Yeison Martínez Suárez,Pack novio completo,Andres El Pro
7990,1058,11,27,2024-05-22 09:00:00,25000.00,atendida,efectivo,Paola Cárdenas Medina,Corte clasico,Tomas Clipper
7991,575,3,30,2023-10-07 08:00:00,8000.00,atendida,transferencia,Xiomara Ramos Montoya,Arreglo de barba,Pipe Navajas
7992,1664,22,15,2024-04-24 15:00:00,15000.00,atendida,efectivo,Nathaly Ramos Rojas,Hidratacion capilar,Jhon Navajas
7993,922,15,7,2024-04-16 10:00:00,14000.00,atendida,transferencia,Brayan Rivera Ospina,Tinte completo,Pipe El Crack
7994,242,6,17,2023-12-05 18:00:00,14000.00,cancelada,tarjeta,Julián Rivera Cárdenas,Corte de cabello Basico + barba,Kevin El Maestro
7995,1455,2,22,2023-11-03 15:00:00,15000.00,atendida,daviplata,Xiomara Romero González,Corte de cabello Basico + barba,Diego Fadero
7996,1352,29,29,2024-11-07 17:00:00,50000.00,cancelada,transferencia,Monica Parra Gutiérrez,Coloracion fantasia,El Calvo Cuts
7997,1220,28,8,2024-02-04 08:00:00,55000.00,atendida,efectivo,Ricardo Gómez Arias,Pack novio completo,Tato Fade
7998,1693,19,21,2023-09-08 17:00:00,60000.00,atendida,nequi,Angie González Pérez,Cejas + barba,Wilmar Style
7999,381,4,25,2024-12-13 14:00:00,18000.00,atendida,transferencia,Yesid Guerrero Rivera,Corte + lavado,Lucho Precision
8000,1232,25,31,2024-09-23 17:00:00,80000.00,atendida,tarjeta,Camila Castro Peña,Corte + hidratacion,Cristian Fade
8001,2032,12,29,2026-05-20 22:00:00,16000.00,pendiente,nequi,Jhoan Castellanos,Corte moderno,El Calvo Cuts
